source_id,url,fetched_at,http_status,content_type,content_length,content_sha256,etag,last_modified,outcome,raw_ref,reason,warnings
apify.store.actors,https://api.apify.com/v2/store?limit=1000&offset=0,2026-09-24T08:44:13Z,200,application/json,3977082,079f13abf7ced54d4e8ce358876fa8f89c2edcfeba1a26c93e102de2a0b86cc9,"W/""3caf7a-6tjylHpsl5lvxtOq06/237jkRXM""",,first_capture,raw/apify.store.actors/2026/09/20260924T084413Z-079f13abf7ce.json.gz,,"projected:userPictureUrl,pictureUrl,url"
apify.store.actors,https://api.apify.com/v2/store?limit=1000&offset=1000,2026-09-24T08:44:31Z,200,application/json,3635311,46656c4857cc6e9ccaf4d752facf53c11c2f553c0adcd1dd423e58f294290adb,"W/""37786f-/Ihi/NMqkObblj7hNE8VvPbLu9A""",,first_capture,raw/apify.store.actors/2026/09/20260924T084431Z-46656c4857cc.json.gz,,"projected:userPictureUrl,pictureUrl,url"
apify.store.actors,https://api.apify.com/v2/store?limit=1000&offset=2000,2026-09-24T08:44:34Z,200,application/json,3828154,e164e8cd7809b74e8cbcd3c9d0f43064e97b6d997b632bf2a83f05c13a6240f4,"W/""3a69ba-jHWAa3xXkSMo9KyvuSV7KmS480s""",,first_capture,raw/apify.store.actors/2026/09/20260924T084434Z-e164e8cd7809.json.gz,,"projected:userPictureUrl,pictureUrl,url"
apify.store.actors,https://api.apify.com/v2/store?limit=1000&offset=3000,2026-09-24T08:44:38Z,200,application/json,3522413,d0546f28c49c57ae965b644e940ea8ba46dfb64771b3af5da0db1d37f29d1487,"W/""35bf6d-dOV1yZ6TKKqfHqHHn/CkSSQG7Aw""",,first_capture,raw/apify.store.actors/2026/09/20260924T084438Z-d0546f28c49c.json.gz,,"projected:userPictureUrl,pictureUrl,url"
apify.store.actors,https://api.apify.com/v2/store?limit=1000&offset=4000,2026-09-24T08:44:41Z,200,application/json,3588576,1e2ca5e192a98e9d88eee5aec730daaccda248af1065fdd83aba608e68cd2997,"W/""36c1e0-73Hp5S6+RphAuwkJY8Gk6vAJowU""",,first_capture,raw/apify.store.actors/2026/09/20260924T084441Z-1e2ca5e192a9.json.gz,,"projected:userPictureUrl,pictureUrl,url"
apify.store.actors,https://api.apify.com/v2/store?limit=1000&offset=5000,2026-09-24T08:44:45Z,200,application/json,3551987,f1eac1722d360c643ef3a6dbf7ea8dd3756081a322dad6f9cbca3013d11793ed,"W/""3632f3-0hrsFoWc3xk9ixuxuZqDAFmx8sE""",,first_capture,raw/apify.store.actors/2026/09/20260924T084445Z-f1eac1722d36.json.gz,,"projected:userPictureUrl,pictureUrl,url"
apify.store.actors,https://api.apify.com/v2/store?limit=1000&offset=6000,2026-09-24T08:44:49Z,200,application/json,3719670,088bf8e6ab463fcaebf2a1c7d53e036f8e6cdaad5936b826f922173cf4ead4fb,"W/""38c1f6-/Z7fSE5Ym3vjby+VwV8S8YJbVeo""",,first_capture,raw/apify.store.actors/2026/09/20260924T084449Z-088bf8e6ab46.json.gz,,"projected:userPictureUrl,pictureUrl,url"
apify.store.actors,https://api.apify.com/v2/store?limit=1000&offset=7000,2026-09-24T08:44:52Z,200,application/json,3542686,049b2a490442cefb2b7423ad4decc8d498bf950d8325b5589c88f64f9174698b,"W/""360e9e-2G9TfZvb+wyqu8LqMKoaDAgYk9Q""",,first_capture,raw/apify.store.actors/2026/09/20260924T084452Z-049b2a490442.json.gz,,"projected:userPictureUrl,pictureUrl,url"
apify.store.actors,https://api.apify.com/v2/store?limit=1000&offset=8000,2026-09-24T08:44:56Z,200,application/json,3548997,c9d413894c66b59e106edbbccfdc5476e4cb4ccfb08f15237f18e972f7fb17eb,"W/""362745-kSq2+jyQeuhT0Hn9mEgoUC5netI""",,first_capture,raw/apify.store.actors/2026/09/20260924T084456Z-c9d413894c66.json.gz,,"projected:userPictureUrl,pictureUrl,url"
apify.store.actors,https://api.apify.com/v2/store?limit=1000&offset=9000,2026-09-24T08:44:59Z,200,application/json,3439725,99e844d2632c65441d4f4b2f76b2eb02170a67fe8f9614c9e39662d0155e8eb4,"W/""347c6d-VN29gGghHtfwk01oEqvsCheQMs0""",,first_capture,raw/apify.store.actors/2026/09/20260924T084459Z-99e844d2632c.json.gz,,"projected:userPictureUrl,pictureUrl,url"
apify.store.actors,https://api.apify.com/v2/store?limit=1000&offset=10000,2026-09-24T08:45:04Z,200,application/json,3404994,e2d8b175a188d31fc146416a9c3bd40a3c73e2a9db138b894c0c8750cddbe54a,"W/""33f4c2-J/CAmZko4lz9XefnuRCDeEhyzzA""",,first_capture,raw/apify.store.actors/2026/09/20260924T084504Z-e2d8b175a188.json.gz,,"projected:userPictureUrl,pictureUrl,url"
apify.store.actors,https://api.apify.com/v2/store?limit=1000&offset=11000,2026-09-24T08:45:08Z,200,application/json,3658015,31745d7de551275bee0b73da6bbb75bbe39679ace6eddb6e085212aa92985cd9,"W/""37d11f-snI3NbQGGm6sVhkklcrIXpuKBUA""",,first_capture,raw/apify.store.actors/2026/09/20260924T084508Z-31745d7de551.json.gz,,"projected:userPictureUrl,pictureUrl,url"
apify.store.actors,https://api.apify.com/v2/store?limit=1000&offset=12000,2026-09-24T08:45:11Z,200,application/json,2284557,3a05451b218f41dbeac914600402f47ecdba3be85280b463f6fb0a1b886193b5,"W/""22dc0d-kUeDL/dvRScz59fn3TQ5Pmof8xA""",,first_capture,raw/apify.store.actors/2026/09/20260924T084511Z-3a05451b218f.json.gz,,"projected:userPictureUrl,pictureUrl,url"
apify.store.actors,https://api.apify.com/v2/store?limit=1000&offset=13000,2026-09-24T08:45:14Z,200,application/json,2551205,f62976e28f0f4a551bd574fd34e048571596f65ba854de05179f8b1b097de0a4,"W/""26eda5-yrTEa9hjsynwEFFKSsUwD8AGA9A""",,first_capture,raw/apify.store.actors/2026/09/20260924T084514Z-f62976e28f0f.json.gz,,"projected:userPictureUrl,pictureUrl,url"
apify.store.actors,https://api.apify.com/v2/store?limit=1000&offset=14000,2026-09-24T08:45:17Z,200,application/json,2907096,b2bd8c59cf6c94a7b9854c99ecd686744f0fdf19f7022ab044496a61ca187876,"W/""2c5bd8-FdGrQsvW6RlZgeAYE0OMnL6hqwQ""",,first_capture,raw/apify.store.actors/2026/09/20260924T084517Z-b2bd8c59cf6c.json.gz,,"projected:userPictureUrl,pictureUrl,url"
apify.store.actors,https://api.apify.com/v2/store?limit=1000&offset=15000,2026-09-24T08:45:20Z,200,application/json,2863960,1591720fe2f8332d9f42b7341deb2647ff07e19c5e4461a62e1b96c55318b002,"W/""2bb358-OlfWSBQVQRI8S8omxnQccn8M+bM""",,first_capture,raw/apify.store.actors/2026/09/20260924T084520Z-1591720fe2f8.json.gz,,"projected:userPictureUrl,pictureUrl,url"
apify.store.actors,https://api.apify.com/v2/store?limit=1000&offset=0&category=AUTOMATION,2026-09-24T08:45:26Z,200,application/json,3825065,275ba07007d23802c993d51e9984cd4a2d916f41ce8f74ec61ac6bea6fec60c3,"W/""3a5da9-EDdHHzxBHwObAaeIRU1ZqqGKcRI""",,first_capture,raw/apify.store.actors/2026/09/20260924T084526Z-275ba07007d2.json.gz,,"projected:userPictureUrl,pictureUrl,url"
apify.store.actors,https://api.apify.com/v2/store?limit=1000&offset=1000&category=AUTOMATION,2026-09-24T08:45:30Z,200,application/json,3532952,f2695c9c1d0c6d992c51c46b1f238289e7d7437690859fd56dea316cf1b347eb,"W/""35e898-91O1/SGVjCT8k2RR/29S9qqNbG8""",,first_capture,raw/apify.store.actors/2026/09/20260924T084530Z-f2695c9c1d0c.json.gz,,"projected:userPictureUrl,pictureUrl,url"
apify.store.actors,https://api.apify.com/v2/store?limit=1000&offset=2000&category=AUTOMATION,2026-09-24T08:45:33Z,200,application/json,3841865,f1c7b0be0facc04720728d899c2836bb79a49976dd03c63551d9ae20af3470c7,"W/""3a9f49-bo05u89FjyGTi6YYJgVt95PUGQg""",,first_capture,raw/apify.store.actors/2026/09/20260924T084533Z-f1c7b0be0fac.json.gz,,"projected:userPictureUrl,pictureUrl,url"
apify.store.actors,https://api.apify.com/v2/store?limit=1000&offset=3000&category=AUTOMATION,2026-09-24T08:45:36Z,200,application/json,3538428,1fa036af2141b5fcbf19f72c80fc25972963487257f23c2aeb627fdc560ddc47,"W/""35fdfc-8GixLxWlH5FKP8/0yLXXUHCeBJw""",,first_capture,raw/apify.store.actors/2026/09/20260924T084536Z-1fa036af2141.json.gz,,"projected:userPictureUrl,pictureUrl,url"
apify.store.actors,https://api.apify.com/v2/store?limit=1000&offset=4000&category=AUTOMATION,2026-09-24T08:45:40Z,200,application/json,3561701,dd5b2e0a442794598abcb76f77674f647c06155a079362408681a1d37aa79e45,"W/""3658e5-vuqOOCYm4UHpG0TWd5zSa4uQMzM""",,first_capture,raw/apify.store.actors/2026/09/20260924T084540Z-dd5b2e0a4427.json.gz,,"projected:userPictureUrl,pictureUrl,url"
apify.store.actors,https://api.apify.com/v2/store?limit=1000&offset=5000&category=AUTOMATION,2026-09-24T08:45:43Z,200,application/json,2699749,1dbd5616c1cbfe228097089861431316c14ba3c176e26660741098d5526d83c2,"W/""2931e5-XLXL5Dbp3wJULySyN+sA/X7ehB0""",,first_capture,raw/apify.store.actors/2026/09/20260924T084543Z-1dbd5616c1cb.json.gz,,"projected:userPictureUrl,pictureUrl,url"
apify.store.actors,https://api.apify.com/v2/store?limit=1000&offset=6000&category=AUTOMATION,2026-09-24T08:45:46Z,200,application/json,2683876,f4848f21df4876b8a46412e84a9ecf61c8bf83e958dcc9b9ede5293be462abbd,"W/""28f3e4-KCr/Q8x1mKE+00YrpcrkoRUvx7E""",,first_capture,raw/apify.store.actors/2026/09/20260924T084546Z-f4848f21df48.json.gz,,"projected:userPictureUrl,pictureUrl,url"
apify.store.actors,https://api.apify.com/v2/store?limit=1000&offset=7000&category=AUTOMATION,2026-09-24T08:45:51Z,200,application/json,2945460,67a2266a614dc920584b98fd0ee8e9aa1b652c90289a67b3b38e9d44afed1366,"W/""2cf1b4-wMHhIoZA8shjsf3pyaXFD4pZLFI""",,first_capture,raw/apify.store.actors/2026/09/20260924T084551Z-67a2266a614d.json.gz,,"projected:userPictureUrl,pictureUrl,url"
apify.store.actors,https://api.apify.com/v2/store?limit=1000&offset=8000&category=AUTOMATION,2026-09-24T08:45:56Z,200,application/json,3031283,8d8bb92b3e91f3dcebae1f043b8014ac5d1ab00bfcc672afd3386b7e6df11918,"W/""2e40f3-wmwrCOsB+yg8iznTa6XH0aT32EU""",,first_capture,raw/apify.store.actors/2026/09/20260924T084556Z-8d8bb92b3e91.json.gz,,"projected:userPictureUrl,pictureUrl,url"
apify.store.actors,https://api.apify.com/v2/store?limit=1000&offset=9000&category=AUTOMATION,2026-09-24T08:46:00Z,200,application/json,3099885,9b15d1bdc25f54660f4ac45f1980803313dcc58d2fef1d8129549a312d6703a3,"W/""2f4ced-OkqrxzmtnIAGxE8rtWVpv9Dp/Nc""",,first_capture,raw/apify.store.actors/2026/09/20260924T084600Z-9b15d1bdc25f.json.gz,,"projected:userPictureUrl,pictureUrl,url"
apify.store.actors,https://api.apify.com/v2/store?limit=1000&offset=10000&category=AUTOMATION,2026-09-24T08:46:04Z,200,application/json,3095079,91e2434a2af1fb7fd8eed1d10602b606fe3352d0c5e2b2f9844353bd6b46fcd3,"W/""2f3a27-z40T85Pisn7prj2gobSBW9rfrMM""",,first_capture,raw/apify.store.actors/2026/09/20260924T084604Z-91e2434a2af1.json.gz,,"projected:userPictureUrl,pictureUrl,url"
apify.store.actors,https://api.apify.com/v2/store?limit=1000&offset=11000&category=AUTOMATION,2026-09-24T08:46:09Z,200,application/json,3140318,ab169c85f4c9bd222ed2313754cad104de272d5a51159d88c6910561953cde39,"W/""2feade-XJG6sMp41kg81NVfHAEwJdC5jsw""",,first_capture,raw/apify.store.actors/2026/09/20260924T084609Z-ab169c85f4c9.json.gz,,"projected:userPictureUrl,pictureUrl,url"
apify.store.actors,https://api.apify.com/v2/store?limit=1000&offset=12000&category=AUTOMATION,2026-09-24T08:46:13Z,200,application/json,2941384,e011bdc7027d2b4a14bcee8ff5d7a05402ab0f382289e087dab08c26da160c7f,"W/""2ce1c8-eESGyJU4l6LxRNkA4vM8b+umX8g""",,first_capture,raw/apify.store.actors/2026/09/20260924T084613Z-e011bdc7027d.json.gz,,"projected:userPictureUrl,pictureUrl,url"
apify.store.actors,https://api.apify.com/v2/store?limit=1000&offset=13000&category=AUTOMATION,2026-09-24T08:46:17Z,200,application/json,2990633,8771c7486ecf9b81792e441197a1faf6f66ca74b943bb507c570889212d4ced1,"W/""2da229-hGQJXHZWgO4Tnj+zgA+8o+NcoAA""",,first_capture,raw/apify.store.actors/2026/09/20260924T084617Z-8771c7486ecf.json.gz,,"projected:userPictureUrl,pictureUrl,url"
apify.store.actors,https://api.apify.com/v2/store?limit=1000&offset=14000&category=AUTOMATION,2026-09-24T08:46:21Z,200,application/json,2912105,e1c82508b558f641469e9d6aff62b4c4e830ba16952c2fc5b2296ad2ff1dfd9b,"W/""2c6f69-+zlQ8T4A9qNlTDIV8GqJKeBptFE""",,first_capture,raw/apify.store.actors/2026/09/20260924T084621Z-e1c82508b558.json.gz,,"projected:userPictureUrl,pictureUrl,url"
apify.store.actors,https://api.apify.com/v2/store?limit=1000&offset=15000&category=AUTOMATION,2026-09-24T08:46:24Z,200,application/json,2710814,c0f13c323d9430101876d7e74181088db6847997e3a701579c5322f9607c64a0,"W/""295d1e-eqH4xpmkcgdquPpm/hu/9pwbxoA""",,first_capture,raw/apify.store.actors/2026/09/20260924T084624Z-c0f13c323d94.json.gz,,"projected:userPictureUrl,pictureUrl,url"
apify.store.actors,https://api.apify.com/v2/store?limit=1000&offset=0&category=LEAD_GENERATION,2026-09-24T08:46:28Z,200,application/json,3848488,9363fbd455f371f35e5262b58a45684029fd6bd28aa9d319694c26d013dd0ff0,"W/""3ab928-V3lNmBfswASPCe2aR3z6X5lRKew""",,first_capture,raw/apify.store.actors/2026/09/20260924T084628Z-9363fbd455f3.json.gz,,"projected:userPictureUrl,pictureUrl,url"
apify.store.actors,https://api.apify.com/v2/store?limit=1000&offset=1000&category=LEAD_GENERATION,2026-09-24T08:46:33Z,200,application/json,3467074,cd01ff292f517b399490aa87022534ebeffc086a4d607c666ccd8e4dd20bfff7,"W/""34e742-F4kCA0C8jwwDLn/naohVy0UvVXM""",,first_capture,raw/apify.store.actors/2026/09/20260924T084633Z-cd01ff292f51.json.gz,,"projected:userPictureUrl,pictureUrl,url"
apify.store.actors,https://api.apify.com/v2/store?limit=1000&offset=2000&category=LEAD_GENERATION,2026-09-24T08:46:37Z,200,application/json,3546676,753b509bcca8342459307b5205b8574e2d69fe7aae061c7806e7895bae38d319,"W/""361e34-oKKSOjBGMga7Qi3mJuG3JrEcVvE""",,first_capture,raw/apify.store.actors/2026/09/20260924T084637Z-753b509bcca8.json.gz,,"projected:userPictureUrl,pictureUrl,url"
apify.store.actors,https://api.apify.com/v2/store?limit=1000&offset=3000&category=LEAD_GENERATION,2026-09-24T08:46:41Z,200,application/json,3540994,012ca0060c6460e9d94b2f30210243a98667040388b4961fa851a0ccdc4c4d34,"W/""360802-x+dN5ZLrWfc2dXUKjQspitXxRJc""",,first_capture,raw/apify.store.actors/2026/09/20260924T084641Z-012ca0060c64.json.gz,,"projected:userPictureUrl,pictureUrl,url"
apify.store.actors,https://api.apify.com/v2/store?limit=1000&offset=4000&category=LEAD_GENERATION,2026-09-24T08:46:45Z,200,application/json,3466663,6d15d36fefd0b3052c258d06e0970035e7af235ccec80efe08f81997ab2484b6,"W/""34e5a7-JVrF3vRYJPcr59Jz+P8kcyhw+Hk""",,first_capture,raw/apify.store.actors/2026/09/20260924T084645Z-6d15d36fefd0.json.gz,,"projected:userPictureUrl,pictureUrl,url"
apify.store.actors,https://api.apify.com/v2/store?limit=1000&offset=5000&category=LEAD_GENERATION,2026-09-24T08:46:48Z,200,application/json,2821223,30ca582e6dff9a382c549fa02f03d23e038b0166de598ee2c788e74b1cabd020,"W/""2b0c67-p4dwjTMQtASzwhgp3CcqQQQXRPk""",,first_capture,raw/apify.store.actors/2026/09/20260924T084648Z-30ca582e6dff.json.gz,,"projected:userPictureUrl,pictureUrl,url"
apify.store.actors,https://api.apify.com/v2/store?limit=1000&offset=6000&category=LEAD_GENERATION,2026-09-24T08:46:51Z,200,application/json,3163450,d0c0e3d94a2b6aa0e51f01ff5bcbae6eaafbbe427fe4c4707b1d7b8e1034bb6a,"W/""30453a-OlpyVvnOZhCvxQD6fn4qORPqUVU""",,first_capture,raw/apify.store.actors/2026/09/20260924T084651Z-d0c0e3d94a2b.json.gz,,"projected:userPictureUrl,pictureUrl,url"
apify.store.actors,https://api.apify.com/v2/store?limit=1000&offset=7000&category=LEAD_GENERATION,2026-09-24T08:46:55Z,200,application/json,3162866,e472eca678ef3a4ba2c9bb9047fcfa56939ac513198f25166732e532b0f7792b,"W/""3042f2-szzfjg+ZnEPWjiy+bBllBJ8NmCU""",,first_capture,raw/apify.store.actors/2026/09/20260924T084655Z-e472eca678ef.json.gz,,"projected:userPictureUrl,pictureUrl,url"
apify.store.actors,https://api.apify.com/v2/store?limit=1000&offset=8000&category=LEAD_GENERATION,2026-09-24T08:46:59Z,200,application/json,3165399,1d9febb10730ccbc1e1121c2a4157e07f77383d7905bd2e36a78774427927b5c,"W/""304cd7-xT+zvd0+dyxr2ghM7MU6lv40mpk""",,first_capture,raw/apify.store.actors/2026/09/20260924T084659Z-1d9febb10730.json.gz,,"projected:userPictureUrl,pictureUrl,url"
apify.store.actors,https://api.apify.com/v2/store?limit=1000&offset=9000&category=LEAD_GENERATION,2026-09-24T08:47:02Z,200,application/json,3195965,6ec9232cc057019c9b63a46e0c5081db870b5400e889f2063fdfdadfdd9b90df,"W/""30c43d-XtxsPWSpxtWxq0VbyfpGsYSWazM""",,first_capture,raw/apify.store.actors/2026/09/20260924T084702Z-6ec9232cc057.json.gz,,"projected:userPictureUrl,pictureUrl,url"
apify.store.actors,https://api.apify.com/v2/store?limit=1000&offset=10000&category=LEAD_GENERATION,2026-09-24T08:47:05Z,200,application/json,3069087,45418eb4582b83d3f9fd9b841cbe348f43b0d5b0b00bf03a2d9da81d73c2ae94,"W/""2ed49f-EwGv47SjHz1mCDwuOMxlRPuHtgA""",,first_capture,raw/apify.store.actors/2026/09/20260924T084705Z-45418eb4582b.json.gz,,"projected:userPictureUrl,pictureUrl,url"
apify.store.actors,https://api.apify.com/v2/store?limit=1000&offset=11000&category=LEAD_GENERATION,2026-09-24T08:47:08Z,200,application/json,2812539,6618ea683e9d0c74a14ec05c95ba824545d49229d65d7803edc95211d885c8e9,"W/""2aea7b-uXbdNLXwH8DDrL01zEwEknX363k""",,first_capture,raw/apify.store.actors/2026/09/20260924T084708Z-6618ea683e9d.json.gz,,"projected:userPictureUrl,pictureUrl,url"
apify.store.actors,https://api.apify.com/v2/store?limit=1000&offset=12000&category=LEAD_GENERATION,2026-09-24T08:47:11Z,200,application/json,2788740,37580b321a8bcfb6102b3716cd7e51cd7157978aa8b30891fb5d17929bee794b,"W/""2a8d84-PgQ4kSs/JozVdkzHsaAaMrNtXAk""",,first_capture,raw/apify.store.actors/2026/09/20260924T084711Z-37580b321a8b.json.gz,,"projected:userPictureUrl,pictureUrl,url"
apify.store.actors,https://api.apify.com/v2/store?limit=1000&offset=13000&category=LEAD_GENERATION,2026-09-24T08:47:14Z,200,application/json,2859482,778dcf9c7939bc70148473479d1fd883301ceeed39c75032451a3327ab4976dc,"W/""2ba1da-9IuqTIEjKZcl1SDOZxwGFm2aRc4""",,first_capture,raw/apify.store.actors/2026/09/20260924T084714Z-778dcf9c7939.json.gz,,"projected:userPictureUrl,pictureUrl,url"
apify.store.actors,https://api.apify.com/v2/store?limit=1000&offset=14000&category=LEAD_GENERATION,2026-09-24T08:47:21Z,200,application/json,2530621,240edd47dce6886bd2ff970491d635cb2b0a349b37e8283996b0e9918a4e06e1,"W/""269d3d-W/rXMTfWIF3hPdI/TCk9qfqYyvQ""",,first_capture,raw/apify.store.actors/2026/09/20260924T084721Z-240edd47dce6.json.gz,,"projected:userPictureUrl,pictureUrl,url"
apify.store.actors,https://api.apify.com/v2/store?limit=1000&offset=15000&category=LEAD_GENERATION,2026-09-24T08:47:24Z,200,application/json,3001548,1757621688086ac54cf85500780fcdf8ed65546a191bb6866879d3a76552f91b,"W/""2dcccc-pxyIT5zRKNlS2gs6S6KsTqUY/yU""",,first_capture,raw/apify.store.actors/2026/09/20260924T084724Z-175762168808.json.gz,,"projected:userPictureUrl,pictureUrl,url"
apify.store.actors,https://api.apify.com/v2/store?limit=1000&offset=0&category=DEVELOPER_TOOLS,2026-09-24T08:47:27Z,200,application/json,3733460,dce4ddbc3bd706f0db4ebfdd20afb8978bdf1c95211d708d96af484d0c739dbb,"W/""38f7d4-/E9kKSeBvm8dKknVzTvt/w+g5MA""",,first_capture,raw/apify.store.actors/2026/09/20260924T084727Z-dce4ddbc3bd7.json.gz,,"projected:userPictureUrl,pictureUrl,url"
apify.store.actors,https://api.apify.com/v2/store?limit=1000&offset=1000&category=DEVELOPER_TOOLS,2026-09-24T08:47:31Z,200,application/json,3895029,f05002cfd932b5223f6aafe2f982da7ff74738cf1ad76a4200f6e133515e2113,"W/""3b6ef5-S1L4xF/c8ZlqHWekDZoFx2imz7c""",,first_capture,raw/apify.store.actors/2026/09/20260924T084731Z-f05002cfd932.json.gz,,"projected:userPictureUrl,pictureUrl,url"
apify.store.actors,https://api.apify.com/v2/store?limit=1000&offset=2000&category=DEVELOPER_TOOLS,2026-09-24T08:47:34Z,200,application/json,3428849,c6c6bb0d4208f2fc869ecca5eff7f70814bc074a9ee2675a1d663176de14769f,"W/""3451f1-hh/ulZoK5KY0cBQsrmYIxWIvDLo""",,first_capture,raw/apify.store.actors/2026/09/20260924T084734Z-c6c6bb0d4208.json.gz,,"projected:userPictureUrl,pictureUrl,url"
apify.store.actors,https://api.apify.com/v2/store?limit=1000&offset=3000&category=DEVELOPER_TOOLS,2026-09-24T08:47:37Z,200,application/json,2971283,5ed1b90855e005af4fca863d1c3b23d526c1a90b6ccf01033495c285d2fb38e0,"W/""2d5693-ErMtK4kiLFfiRSKywWGs1K06Zlc""",,first_capture,raw/apify.store.actors/2026/09/20260924T084737Z-5ed1b90855e0.json.gz,,"projected:userPictureUrl,pictureUrl,url"
apify.store.actors,https://api.apify.com/v2/store?limit=1000&offset=4000&category=DEVELOPER_TOOLS,2026-09-24T08:47:40Z,200,application/json,2977856,70f1dee5c0959350f734408d380f6d9a46b90100987714c2aee00ce3268c928e,"W/""2d7040-BMmfdM6qvOgtB3cykeHAYPSW/eA""",,first_capture,raw/apify.store.actors/2026/09/20260924T084740Z-70f1dee5c095.json.gz,,"projected:userPictureUrl,pictureUrl,url"
apify.store.actors,https://api.apify.com/v2/store?limit=1000&offset=5000&category=DEVELOPER_TOOLS,2026-09-24T08:47:43Z,200,application/json,2947553,28a63c773b66d84841b20bab369a0f5bd185a746f90b3a21259e63983ba70f37,"W/""2cf9e1-1o1WK3VUg7IY/ewr1QphRoYcDs8""",,first_capture,raw/apify.store.actors/2026/09/20260924T084743Z-28a63c773b66.json.gz,,"projected:userPictureUrl,pictureUrl,url"
apify.store.actors,https://api.apify.com/v2/store?limit=1000&offset=6000&category=DEVELOPER_TOOLS,2026-09-24T08:47:46Z,200,application/json,3051924,1cfb774755da021633f6deb64084984ebd04b515d667c4fae749a0b4f7093b9d,"W/""2e9194-3XNUH2suCIYyV0Bjg0VlYwb/k7c""",,first_capture,raw/apify.store.actors/2026/09/20260924T084746Z-1cfb774755da.json.gz,,"projected:userPictureUrl,pictureUrl,url"
apify.store.actors,https://api.apify.com/v2/store?limit=1000&offset=7000&category=DEVELOPER_TOOLS,2026-09-24T08:47:49Z,200,application/json,3005696,97cdfb4bc7e1af2b69f2d7d2f55453cfc90ae93544bfe9e6e4fb4c330b244acf,"W/""2ddd00-oTJFnax+ckhnmivufDRrGObhBd8""",,first_capture,raw/apify.store.actors/2026/09/20260924T084749Z-97cdfb4bc7e1.json.gz,,"projected:userPictureUrl,pictureUrl,url"
apify.store.actors,https://api.apify.com/v2/store?limit=1000&offset=8000&category=DEVELOPER_TOOLS,2026-09-24T08:47:52Z,200,application/json,2749932,ac8dca256859e736b5980c995d54b584066220c968733b854f43e0f9bfff9667,"W/""29f5ec-GOwVzQcxUTD/WPwTtkJuRe6lw48""",,first_capture,raw/apify.store.actors/2026/09/20260924T084752Z-ac8dca256859.json.gz,,"projected:userPictureUrl,pictureUrl,url"
apify.store.actors,https://api.apify.com/v2/store?limit=1000&offset=9000&category=DEVELOPER_TOOLS,2026-09-24T08:47:55Z,200,application/json,2803797,96e0abc3b3c0f1439da020c0a244fad8ff418dcc25e611267255a1339cd3dde8,"W/""2ac855-+daEDNPy+3jRwDssOENSiuMsqfs""",,first_capture,raw/apify.store.actors/2026/09/20260924T084755Z-96e0abc3b3c0.json.gz,,"projected:userPictureUrl,pictureUrl,url"
apify.store.actors,https://api.apify.com/v2/store?limit=1000&offset=10000&category=DEVELOPER_TOOLS,2026-09-24T08:47:58Z,200,application/json,2307474,b3e1db7cfa46bd9b0d6856c9cb30f9e5a70d899edb65c125e9ed83d9259e4626,"W/""233592-DyARSkZlW1JkASagwS7p0JSRx+w""",,first_capture,raw/apify.store.actors/2026/09/20260924T084758Z-b3e1db7cfa46.json.gz,,"projected:userPictureUrl,pictureUrl,url"
apify.store.actors,https://api.apify.com/v2/store?limit=1000&offset=11000&category=DEVELOPER_TOOLS,2026-09-24T08:48:01Z,200,application/json,2548426,cd0a46ac01a7f78b4df57ccb586a075b13058912005db6b05b687ef3fb570935,"W/""26e2ca-G4a59eiP7DNNcm87TIv/X7wsXG0""",,first_capture,raw/apify.store.actors/2026/09/20260924T084801Z-cd0a46ac01a7.json.gz,,"projected:userPictureUrl,pictureUrl,url"
apify.store.actors,https://api.apify.com/v2/store?limit=1000&offset=12000&category=DEVELOPER_TOOLS,2026-09-24T08:48:04Z,200,application/json,2359605,05223731f300e80fb312d91f7f0e49c394fcb1d577f3d86f4f239851243b9524,"W/""240135-TIJZl6PAltmY+R8pWMcs454fA08""",,first_capture,raw/apify.store.actors/2026/09/20260924T084804Z-05223731f300.json.gz,,"projected:userPictureUrl,pictureUrl,url"
apify.store.actors,https://api.apify.com/v2/store?limit=1000&offset=13000&category=DEVELOPER_TOOLS,2026-09-24T08:48:07Z,200,application/json,2981101,ea6ad1642c06dac378d536e363d7e09621bc8c1cf5ee8596453c97d1e805eeea,"W/""2d7ced-jClGPI5EFdKtW0C+EyZfOKrxoJw""",,first_capture,raw/apify.store.actors/2026/09/20260924T084807Z-ea6ad1642c06.json.gz,,"projected:userPictureUrl,pictureUrl,url"
apify.store.actors,https://api.apify.com/v2/store?limit=1000&offset=14000&category=DEVELOPER_TOOLS,2026-09-24T08:48:10Z,200,application/json,2680183,09eba801c258fa289c4bddebfc8a5e1cb7eb37693e1e96d71de43d7814def622,"W/""28e577-VSBLPGAAPPTTxNuuG5jhK+JnlQk""",,first_capture,raw/apify.store.actors/2026/09/20260924T084810Z-09eba801c258.json.gz,,"projected:userPictureUrl,pictureUrl,url"
apify.store.actors,https://api.apify.com/v2/store?limit=1000&offset=15000&category=DEVELOPER_TOOLS,2026-09-24T08:48:13Z,200,application/json,2852749,0dd6d5c7b65dcf533b8c065d2048bb410948d992511d85bab650889e0992f121,"W/""2b878d-5ETi/VpaVjiUvNhOwNgDzGwgRHM""",,first_capture,raw/apify.store.actors/2026/09/20260924T084813Z-0dd6d5c7b65d.json.gz,,"projected:userPictureUrl,pictureUrl,url"
apify.store.actors,https://api.apify.com/v2/store?limit=1000&offset=0&category=SOCIAL_MEDIA,2026-09-24T08:48:15Z,200,application/json,3902488,dec62740b152d65101f12b9a7d0444b43ad94d01b7a8d9b141593f77e928a96b,"W/""3b8c18-VY3WWMeqyLSGIlljw/HFCoPqkZI""",,first_capture,raw/apify.store.actors/2026/09/20260924T084815Z-dec62740b152.json.gz,,"projected:userPictureUrl,pictureUrl,url"
apify.store.actors,https://api.apify.com/v2/store?limit=1000&offset=1000&category=SOCIAL_MEDIA,2026-09-24T08:48:19Z,200,application/json,3359090,033173647420c70c805a99a70beabfdc3061d8164d858adbd4c50a88f653b16a,"W/""334172-TwproJeUK/I+4d4YdocwKzlav2s""",,first_capture,raw/apify.store.actors/2026/09/20260924T084819Z-033173647420.json.gz,,"projected:userPictureUrl,pictureUrl,url"
apify.store.actors,https://api.apify.com/v2/store?limit=1000&offset=2000&category=SOCIAL_MEDIA,2026-09-24T08:48:22Z,200,application/json,3181737,a57b55feecf16aa2680496994f7357d810cbeb56196c1f6ecdf0376e4b5fb378,"W/""308ca9-uXbNnTZ07MVXiBt9WOMr6I3bTVo""",,first_capture,raw/apify.store.actors/2026/09/20260924T084822Z-a57b55feecf1.json.gz,,"projected:userPictureUrl,pictureUrl,url"
apify.store.actors,https://api.apify.com/v2/store?limit=1000&offset=3000&category=SOCIAL_MEDIA,2026-09-24T08:48:25Z,200,application/json,2646986,3cc9aeb4716425692c8972a62ec87e2db07b90be9ab25cd551c5ba027136fd57,"W/""2863ca-npNoLIl0Yi6heU9n0JFpU9xPfVE""",,first_capture,raw/apify.store.actors/2026/09/20260924T084825Z-3cc9aeb47164.json.gz,,"projected:userPictureUrl,pictureUrl,url"
apify.store.actors,https://api.apify.com/v2/store?limit=1000&offset=4000&category=SOCIAL_MEDIA,2026-09-24T08:48:28Z,200,application/json,2953633,25b08e5292d274bd9619e4b7cb5a8dc03545a193211733b37c9b1aca9276e68c,"W/""2d11a1-w3ulLHfNzbx+xykKeXMyAy5UjI8""",,first_capture,raw/apify.store.actors/2026/09/20260924T084828Z-25b08e5292d2.json.gz,,"projected:userPictureUrl,pictureUrl,url"
apify.store.actors,https://api.apify.com/v2/store?limit=1000&offset=5000&category=SOCIAL_MEDIA,2026-09-24T08:48:31Z,200,application/json,2920287,7dfc491332c4d1bfbb92e615451d6312d756c5f1bc10eeecd024e7eb4a47579d,"W/""2c8f5f-plNHyG0P39jga0nxLyoUAUx/FxA""",,first_capture,raw/apify.store.actors/2026/09/20260924T084831Z-7dfc491332c4.json.gz,,"projected:userPictureUrl,pictureUrl,url"
apify.store.actors,https://api.apify.com/v2/store?limit=1000&offset=6000&category=SOCIAL_MEDIA,2026-09-24T08:48:35Z,200,application/json,3035382,0a5d93934388cc75ac052864fffb6f9ada36292a35c27c9ed011d652d27bd493,"W/""2e50f6-9NNVc5bqe8GYU8mp+hNn8ADDN4M""",,first_capture,raw/apify.store.actors/2026/09/20260924T084835Z-0a5d93934388.json.gz,,"projected:userPictureUrl,pictureUrl,url"
apify.store.actors,https://api.apify.com/v2/store?limit=1000&offset=7000&category=SOCIAL_MEDIA,2026-09-24T08:48:38Z,200,application/json,2646889,b6a4b1dc73fb8605f99abb48d225a9b54729f7a2e4d4087da52c5e9b5368dc48,"W/""286369-TUkZgBli/ccSsNCMVrO/HpwMF0E""",,first_capture,raw/apify.store.actors/2026/09/20260924T084838Z-b6a4b1dc73fb.json.gz,,"projected:userPictureUrl,pictureUrl,url"
apify.store.actors,https://api.apify.com/v2/store?limit=1000&offset=8000&category=SOCIAL_MEDIA,2026-09-24T08:48:41Z,200,application/json,3315498,454b6b2ce83231da566aafb3d566e102c5f656497a98795b8849d45647271b2d,"W/""32972a-xlSd9iIioPjbAPl4MSX02e8tuUo""",,first_capture,raw/apify.store.actors/2026/09/20260924T084841Z-454b6b2ce832.json.gz,,"projected:userPictureUrl,pictureUrl,url"
apify.store.actors,https://api.apify.com/v2/store?limit=1000&offset=9000&category=SOCIAL_MEDIA,2026-09-24T08:48:44Z,200,application/json,2828289,65f43bb994dd10ed8618e895fec2c757bc90a3a6055b375712cbab6162be3cba,"W/""2b2801-p/5P1ohpU3HxZ9ZbhYmk3+Kh4R4""",,first_capture,raw/apify.store.actors/2026/09/20260924T084844Z-65f43bb994dd.json.gz,,"projected:userPictureUrl,pictureUrl,url"
apify.store.actors,https://api.apify.com/v2/store?limit=1000&offset=10000&category=SOCIAL_MEDIA,2026-09-24T08:48:47Z,200,application/json,688476,23e75c8aa858f77aaf6d9d3ecc9760895630fdb1ea4304843a478ff1ed7c66a2,"W/""a815c-5o7kq2kxxFeyWd9bjdE8VbPoPr4""",,first_capture,raw/apify.store.actors/2026/09/20260924T084847Z-23e75c8aa858.json.gz,,"projected:userPictureUrl,pictureUrl,url"
apify.store.actors,https://api.apify.com/v2/store?limit=1000&offset=0&category=ECOMMERCE,2026-09-24T08:48:49Z,200,application/json,3696018,6a797145c7d3b6b3f150c7f19de43640c974aa8b6cd2790e1162b78b9394bfe4,"W/""386592-AnAJ5SChsuIBt2drGsfnowq4SUE""",,first_capture,raw/apify.store.actors/2026/09/20260924T084849Z-6a797145c7d3.json.gz,,"projected:userPictureUrl,pictureUrl,url"
apify.store.actors,https://api.apify.com/v2/store?limit=1000&offset=1000&category=ECOMMERCE,2026-09-24T08:48:53Z,200,application/json,3463596,1a0d2564f2b8c98d67859c2abb0009be2d293011c670398188c0ff0cb273dc94,"W/""34d9ac-h2BehDhQefNuom8PyEkgUnan0Wk""",,first_capture,raw/apify.store.actors/2026/09/20260924T084853Z-1a0d2564f2b8.json.gz,,"projected:userPictureUrl,pictureUrl,url"
apify.store.actors,https://api.apify.com/v2/store?limit=1000&offset=2000&category=ECOMMERCE,2026-09-24T08:48:56Z,200,application/json,2788284,89442825f05184c3f88a1591c1e34a289eef92730b24a1b481b0e7b4946ccf06,"W/""2a8bbc-mBPPylmxNTTo35QWMt4NJwQ/kkQ""",,first_capture,raw/apify.store.actors/2026/09/20260924T084856Z-89442825f051.json.gz,,"projected:userPictureUrl,pictureUrl,url"
apify.store.actors,https://api.apify.com/v2/store?limit=1000&offset=3000&category=ECOMMERCE,2026-09-24T08:49:01Z,200,application/json,2892453,1e8e8c8f6b8cd7cb52fdccb99820de814b3a26c8a6b251e1282d767936bc8d95,"W/""2c22a5-TdjiYm+Wwz/wiJ7IIGvaksyFJ/8""",,first_capture,raw/apify.store.actors/2026/09/20260924T084901Z-1e8e8c8f6b8c.json.gz,,"projected:userPictureUrl,pictureUrl,url"
apify.store.actors,https://api.apify.com/v2/store?limit=1000&offset=4000&category=ECOMMERCE,2026-09-24T08:49:05Z,200,application/json,2342610,dc8b5ea34e7b06c3e4dc3dafa03d2fdf08c4d24495fcbea05e45cae8d6dfdba1,"W/""23bed2-sJ7h69C6SArRJ7HRvyISXZHXjoc""",,first_capture,raw/apify.store.actors/2026/09/20260924T084905Z-dc8b5ea34e7b.json.gz,,"projected:userPictureUrl,pictureUrl,url"
apify.store.actors,https://api.apify.com/v2/store?limit=1000&offset=5000&category=ECOMMERCE,2026-09-24T08:49:08Z,200,application/json,2924511,54f02ba3d25acf251a18f2f0c6ebc19c9e8b00fa71ec6f45aa70211bb661b610,"W/""2c9fdf-yjDM8Dk/xK740afX/qTPuHsfcV0""",,first_capture,raw/apify.store.actors/2026/09/20260924T084908Z-54f02ba3d25a.json.gz,,"projected:userPictureUrl,pictureUrl,url"
apify.store.actors,https://api.apify.com/v2/store?limit=1000&offset=6000&category=ECOMMERCE,2026-09-24T08:49:11Z,200,application/json,3007295,4a07f995c0b48fac53aac3d9cbfb2058c922a8d6719c0e6ef9240087b3a30843,"W/""2de33f-UJ5IPNzdWAey9xjBp0yK321GYZE""",,first_capture,raw/apify.store.actors/2026/09/20260924T084911Z-4a07f995c0b4.json.gz,,"projected:userPictureUrl,pictureUrl,url"
apify.store.actors,https://api.apify.com/v2/store?limit=1000&offset=7000&category=ECOMMERCE,2026-09-24T08:49:14Z,200,application/json,2572684,af21e754de4e4ed0de82cf77bcd5f709f1d7e84be876b026162b04a58fc3f192,"W/""27418c-/Q1e56CNqINy1YK/qLzNI32L5Ps""",,first_capture,raw/apify.store.actors/2026/09/20260924T084914Z-af21e754de4e.json.gz,,"projected:userPictureUrl,pictureUrl,url"
apify.store.actors,https://api.apify.com/v2/store?limit=1000&offset=8000&category=ECOMMERCE,2026-09-24T08:49:17Z,200,application/json,3014403,936e30c60c6165675b17fa6b38e807cf5591d50789ba57d608b28d592bb46712,"W/""2dff03-7RXfMAiionkTBl448ofB3+ZFhK0""",,first_capture,raw/apify.store.actors/2026/09/20260924T084917Z-936e30c60c61.json.gz,,"projected:userPictureUrl,pictureUrl,url"
apify.store.actors,https://api.apify.com/v2/store?limit=1000&offset=9000&category=ECOMMERCE,2026-09-24T08:49:20Z,200,application/json,2996242,6950bc36d153238761b52840dd4b40e603a44803e3fce3b242e2548b668acf4c,"W/""2db812-Q6Dh9O2Rhbo5hEgEZ1kpw1juVuQ""",,first_capture,raw/apify.store.actors/2026/09/20260924T084920Z-6950bc36d153.json.gz,,"projected:userPictureUrl,pictureUrl,url"
apify.store.actors,https://api.apify.com/v2/store?limit=1000&offset=10000&category=ECOMMERCE,2026-09-24T08:49:23Z,200,application/json,3001039,0262fd449a75f31f00c52fca14a4969bbee66be7e711f6e5627c814c51e2a09e,"W/""2dcacf-ivRip++QkaLrksIlE5IjX236g5k""",,first_capture,raw/apify.store.actors/2026/09/20260924T084923Z-0262fd449a75.json.gz,,"projected:userPictureUrl,pictureUrl,url"
apify.store.actors,https://api.apify.com/v2/store?limit=1000&offset=11000&category=ECOMMERCE,2026-09-24T08:49:26Z,200,application/json,2946839,24f9e9d704a80fc3303b7d1fb5e33e9f5b0bd357f478f6a9054279ee83e059e5,"W/""2cf717-jWJwSr3PJ1vehOc3DmXFhRciPs0""",,first_capture,raw/apify.store.actors/2026/09/20260924T084926Z-24f9e9d704a8.json.gz,,"projected:userPictureUrl,pictureUrl,url"
apify.store.actors,https://api.apify.com/v2/store?limit=1000&offset=12000&category=ECOMMERCE,2026-09-24T08:49:30Z,200,application/json,2884944,c83a93e6183823958cd95f80a5c2c0c4a62f8eb6836bcb446738e25702294341,"W/""2c0550-alVoRxsxVQcNjye/xbENI6B8kNs""",,first_capture,raw/apify.store.actors/2026/09/20260924T084930Z-c83a93e61838.json.gz,,"projected:userPictureUrl,pictureUrl,url"
apify.store.actors,https://api.apify.com/v2/store?limit=1000&offset=13000&category=ECOMMERCE,2026-09-24T08:49:36Z,200,application/json,880379,973a4e9bfe7c23c563b2e936dbde102d1ead79501ed7043732f6ffd78850a094,"W/""d6efb-XAk2ySbt5qRvE8CTj5Qj720EpVk""",,first_capture,raw/apify.store.actors/2026/09/20260924T084936Z-973a4e9bfe7c.json.gz,,"projected:userPictureUrl,pictureUrl,url"
apify.store.actors,https://api.apify.com/v2/store?limit=1000&offset=0&category=OTHER,2026-09-24T08:49:38Z,200,application/json,3492698,61827b22c1d73869589ed262c6824500d5939c03cb815507c3b9d5f1e52ebc21,"W/""354b5a-xVGagmlb2BwrmWLZk9hDlyZXJD8""",,first_capture,raw/apify.store.actors/2026/09/20260924T084938Z-61827b22c1d7.json.gz,,"projected:userPictureUrl,pictureUrl,url"
apify.store.actors,https://api.apify.com/v2/store?limit=1000&offset=1000&category=OTHER,2026-09-24T08:49:42Z,200,application/json,3175568,4f9399482f857deca90e9fad5c6bdbc293c43480687385a8e3bfe2d442039d08,"W/""307490-cIHmqSfbK4+3G+/CKJnjlBWneWI""",,first_capture,raw/apify.store.actors/2026/09/20260924T084942Z-4f9399482f85.json.gz,,"projected:userPictureUrl,pictureUrl,url"
apify.store.actors,https://api.apify.com/v2/store?limit=1000&offset=2000&category=OTHER,2026-09-24T08:49:46Z,200,application/json,2967810,d0dc9c10ac950e5e932dda76a1d85816d1f2d8cf09dcc46aa0eb2045d87ca33c,"W/""2d4902-gQRoRWLmYn+l8xwOnDSnXKtVYYw""",,first_capture,raw/apify.store.actors/2026/09/20260924T084946Z-d0dc9c10ac95.json.gz,,"projected:userPictureUrl,pictureUrl,url"
apify.store.actors,https://api.apify.com/v2/store?limit=1000&offset=3000&category=OTHER,2026-09-24T08:49:48Z,200,application/json,2826141,b0e5e05d018bd87c15ecbdb2a66bd7d28b4d2d0a67fec089a5ef652c48577613,"W/""2b1f9d-uzPYdpa4CcCTnSX7Wndfghq1q4o""",,first_capture,raw/apify.store.actors/2026/09/20260924T084948Z-b0e5e05d018b.json.gz,,"projected:userPictureUrl,pictureUrl,url"
apify.store.actors,https://api.apify.com/v2/store?limit=1000&offset=4000&category=OTHER,2026-09-24T08:49:51Z,200,application/json,3082185,49af4306daff8421e8db9208d3917a406ad20e544531ebfbd3e5532a9524e724,"W/""2f07c9-z0C4hwoIcneUlrLBz9xbDG958t8""",,first_capture,raw/apify.store.actors/2026/09/20260924T084951Z-49af4306daff.json.gz,,"projected:userPictureUrl,pictureUrl,url"
apify.store.actors,https://api.apify.com/v2/store?limit=1000&offset=5000&category=OTHER,2026-09-24T08:49:54Z,200,application/json,3028473,fc35b7fd3e2acb0cc838e00c06c95cc869365f58b6405d7396d67ddfc6b2614f,"W/""2e35f9-w0adTuiu4APdG0Nj1pyATTKmAVM""",,first_capture,raw/apify.store.actors/2026/09/20260924T084954Z-fc35b7fd3e2a.json.gz,,"projected:userPictureUrl,pictureUrl,url"
apify.store.actors,https://api.apify.com/v2/store?limit=1000&offset=6000&category=OTHER,2026-09-24T08:49:58Z,200,application/json,3162758,d19a9ee876dca9e65b643d41c8140e22d3de9d870e29cfe0f45032f403c88520,"W/""304286-II6v/SBsp0G5yF+RMn8jhOITVKU""",,first_capture,raw/apify.store.actors/2026/09/20260924T084958Z-d19a9ee876dc.json.gz,,"projected:userPictureUrl,pictureUrl,url"
apify.store.actors,https://api.apify.com/v2/store?limit=1000&offset=7000&category=OTHER,2026-09-24T08:50:00Z,200,application/json,2319650,71ec06e940b1904fcaca81707b4094f73648f735e160208319508a8c041f4082,"W/""236522-etYdxVVdZOAO1HbK1GDdiNlCy54""",,first_capture,raw/apify.store.actors/2026/09/20260924T085000Z-71ec06e940b1.json.gz,,"projected:userPictureUrl,pictureUrl,url"
apify.store.actors,https://api.apify.com/v2/store?limit=1000&offset=0&category=AI,2026-09-24T08:50:03Z,200,application/json,3394455,312e7b8bf8240bc5cac9f12a0c7b7153f57ff436334840065ccb0eb9e824fb88,"W/""33cb97-rZTMsbnSL0RDsszXiAGrtKHY6NQ""",,first_capture,raw/apify.store.actors/2026/09/20260924T085003Z-312e7b8bf824.json.gz,,"projected:userPictureUrl,pictureUrl,url"
apify.store.actors,https://api.apify.com/v2/store?limit=1000&offset=1000&category=AI,2026-09-24T08:50:07Z,200,application/json,2835296,fff018d51e493e4db0e73084cdee9ed2d5d8fcc494c62ff05426c9872089f9c8,"W/""2b4360-PvaX5HMI4ux0f7WiY3c4XtNgmeQ""",,first_capture,raw/apify.store.actors/2026/09/20260924T085007Z-fff018d51e49.json.gz,,"projected:userPictureUrl,pictureUrl,url"
apify.store.actors,https://api.apify.com/v2/store?limit=1000&offset=2000&category=AI,2026-09-24T08:50:10Z,200,application/json,2532755,830b3befdad1fd36d82eb713eb699c02d3dd85d2e59f193a192187cdaee7d234,"W/""26a593-1lL3IXbN1b8scLobwUavCYRqYqM""",,first_capture,raw/apify.store.actors/2026/09/20260924T085010Z-830b3befdad1.json.gz,,"projected:userPictureUrl,pictureUrl,url"
apify.store.actors,https://api.apify.com/v2/store?limit=1000&offset=3000&category=AI,2026-09-24T08:50:13Z,200,application/json,2486037,e38e4b9a18109e3eddc571d5cf830a955ee718ac7cf7924cb0dd4b1c0f1c0278,"W/""25ef15-Z60Tmvxa4tYhJJqHSTo2C1ncdDk""",,first_capture,raw/apify.store.actors/2026/09/20260924T085013Z-e38e4b9a1810.json.gz,,"projected:userPictureUrl,pictureUrl,url"
apify.store.actors,https://api.apify.com/v2/store?limit=1000&offset=4000&category=AI,2026-09-24T08:50:16Z,200,application/json,2135463,4ca17a60064e3d6d1ceb0188b07c409c1da08cecd96bf65ffb9d85e391e27ff1,"W/""2095a7-ozApuGK/2lActgH6ZUTYLpoRLNU""",,first_capture,raw/apify.store.actors/2026/09/20260924T085016Z-4ca17a60064e.json.gz,,"projected:userPictureUrl,pictureUrl,url"
apify.store.actors,https://api.apify.com/v2/store?limit=1000&offset=5000&category=AI,2026-09-24T08:50:19Z,200,application/json,2391791,b3d9dcb915c4bc08b7f98ef81aa2bcf9805039ef6c75dfc361bfc5a55e28b8d2,"W/""247eef-lZiuc9QJfGUsNneTW3zS8mT5ZfA""",,first_capture,raw/apify.store.actors/2026/09/20260924T085019Z-b3d9dcb915c4.json.gz,,"projected:userPictureUrl,pictureUrl,url"
apify.store.actors,https://api.apify.com/v2/store?limit=1000&offset=6000&category=AI,2026-09-24T08:50:22Z,200,application/json,2615302,c2f250799c8736d18b9bf0e3db5a9f6e5e57bce3948a466f4ad65e262314712e,"W/""27e806-oKIe2lZ/wE+qJiVQd3g18BVh8aY""",,first_capture,raw/apify.store.actors/2026/09/20260924T085022Z-c2f250799c87.json.gz,,"projected:userPictureUrl,pictureUrl,url"
apify.store.actors,https://api.apify.com/v2/store?limit=1000&offset=7000&category=AI,2026-09-24T08:50:25Z,200,application/json,2600223,e037ee054c9f6c597bef57007c5d4e4bf6def8c3299aca04e1b79ad8585bc369,"W/""27ad1f-FvIRFQ/H5vW7YVBoA4GWqZiDuac""",,first_capture,raw/apify.store.actors/2026/09/20260924T085025Z-e037ee054c9f.json.gz,,"projected:userPictureUrl,pictureUrl,url"
apify.store.actors,https://api.apify.com/v2/store?limit=1000&offset=8000&category=AI,2026-09-24T08:50:28Z,200,application/json,2063482,5ab732ab4654e0673125eb3b3abdd4a7cac10bc50f2585a41253ba907a14654b,"W/""1f7c7a-ypR7lrbrpy6hNzAEoJM1Jlnlz2c""",,first_capture,raw/apify.store.actors/2026/09/20260924T085028Z-5ab732ab4654.json.gz,,"projected:userPictureUrl,pictureUrl,url"
apify.store.actors,https://api.apify.com/v2/store?limit=1000&offset=0&category=JOBS,2026-09-24T08:50:31Z,200,application/json,3331194,01802033d16ee96fa25b59cbf3a985c6ed682add2149ad975a27b7295808b8ea,"W/""32d47a-qXI4i6Nteo7Y0MprRwGVYjzu/hA""",,first_capture,raw/apify.store.actors/2026/09/20260924T085031Z-01802033d16e.json.gz,,"projected:userPictureUrl,pictureUrl,url"
apify.store.actors,https://api.apify.com/v2/store?limit=1000&offset=1000&category=JOBS,2026-09-24T08:50:35Z,200,application/json,3223186,4dd29d127835b4c02263f6cdabd5b96f7e2e21fd3eb5764e2acbac7d1751b835,"W/""312e92-2a6mGiDl9BpGWj5Lt0oKF1Jwv80""",,first_capture,raw/apify.store.actors/2026/09/20260924T085035Z-4dd29d127835.json.gz,,"projected:userPictureUrl,pictureUrl,url"
apify.store.actors,https://api.apify.com/v2/store?limit=1000&offset=2000&category=JOBS,2026-09-24T08:50:38Z,200,application/json,2988112,bf50e7bc9f3f40a57bdd366281709fa7491b0a7808f51bb5e8bdd51aa429ad17,"W/""2d9850-iHyQEpUKXb6AL16LbfM9uxgVvLQ""",,first_capture,raw/apify.store.actors/2026/09/20260924T085038Z-bf50e7bc9f3f.json.gz,,"projected:userPictureUrl,pictureUrl,url"
apify.store.actors,https://api.apify.com/v2/store?limit=1000&offset=3000&category=JOBS,2026-09-24T08:50:41Z,200,application/json,2692437,c7c6f575105120adeebc38af91789c6ac1ecca458dc38dee05327e9158998165,"W/""291555-LEGAeMdQsTaxAr8NtN/ZeGl0VvA""",,first_capture,raw/apify.store.actors/2026/09/20260924T085041Z-c7c6f5751051.json.gz,,"projected:userPictureUrl,pictureUrl,url"
apify.store.actors,https://api.apify.com/v2/store?limit=1000&offset=4000&category=JOBS,2026-09-24T08:50:44Z,200,application/json,3076448,c8cadb2195955fd48c8562baaeaa5a86eb0eb728af58c11bf9ff8685f9df2ac1,"W/""2ef160-j+wcbFrpf1BkCv5HmJvFCQtTHpY""",,first_capture,raw/apify.store.actors/2026/09/20260924T085044Z-c8cadb219595.json.gz,,"projected:userPictureUrl,pictureUrl,url"
apify.store.actors,https://api.apify.com/v2/store?limit=1000&offset=5000&category=JOBS,2026-09-24T08:50:47Z,200,application/json,3063189,4df5517cf833c709fe6a84b9684207d4c4c79cf86a1925c607e34200f96eee94,"W/""2ebd95-ovUdAx88GlqOQPkteXH/zbS3s9A""",,first_capture,raw/apify.store.actors/2026/09/20260924T085047Z-4df5517cf833.json.gz,,"projected:userPictureUrl,pictureUrl,url"
apify.store.actors,https://api.apify.com/v2/store?limit=1000&offset=6000&category=JOBS,2026-09-24T08:50:50Z,200,application/json,607233,e449b6edc7acd07497b90f6058b26d57674f53537adb0dfce8fdaf71870318c2,"W/""94401-LMxS0CVKSYppl6dpbVEsjsDnYGQ""",,first_capture,raw/apify.store.actors/2026/09/20260924T085050Z-e449b6edc7ac.json.gz,,"projected:userPictureUrl,pictureUrl,url"
apify.store.actors,https://api.apify.com/v2/store?limit=1000&offset=0&category=REAL_ESTATE,2026-09-24T08:50:53Z,200,application/json,3678010,6fedbfe31d9dee703116fbe27d3383dbbe9722740fcde9cfa23f378988ade385,"W/""381f3a-UiSq+vg1tSVO/Jdheryqz4PgI+E""",,first_capture,raw/apify.store.actors/2026/09/20260924T085053Z-6fedbfe31d9d.json.gz,,"projected:userPictureUrl,pictureUrl,url"
apify.store.actors,https://api.apify.com/v2/store?limit=1000&offset=1000&category=REAL_ESTATE,2026-09-24T08:50:56Z,200,application/json,3513243,8b05f8a7adc7762f5f4fa33ad63300b55c548c49155e931fb69322a13e3067d1,"W/""359b9b-gNaXWLsx1vL+/DhvBqabpTBGwXM""",,first_capture,raw/apify.store.actors/2026/09/20260924T085056Z-8b05f8a7adc7.json.gz,,"projected:userPictureUrl,pictureUrl,url"
apify.store.actors,https://api.apify.com/v2/store?limit=1000&offset=2000&category=REAL_ESTATE,2026-09-24T08:51:00Z,200,application/json,3055706,c7b1d4b8a3e3402d6ce96ecb0ae60e6df906d7919443bc8780cd169ae7945816,"W/""2ea05a-QbRz96M3ShGHXvt2rBgBCX4Yjvw""",,first_capture,raw/apify.store.actors/2026/09/20260924T085100Z-c7b1d4b8a3e3.json.gz,,"projected:userPictureUrl,pictureUrl,url"
apify.store.actors,https://api.apify.com/v2/store?limit=1000&offset=3000&category=REAL_ESTATE,2026-09-24T08:51:03Z,200,application/json,3330809,fb2f6b3c78c3bc008a9f27560fb39af5ba7a6bf54e69e4e91c3234b92244ada9,"W/""32d2f9-nm2MxYRW8TQxu1e/O0RTE5GsgRI""",,first_capture,raw/apify.store.actors/2026/09/20260924T085103Z-fb2f6b3c78c3.json.gz,,"projected:userPictureUrl,pictureUrl,url"
apify.store.actors,https://api.apify.com/v2/store?limit=1000&offset=4000&category=REAL_ESTATE,2026-09-24T08:51:06Z,200,application/json,2741311,3822b1a78d746fb3fbd0ccdbd57dbd1c0cb8e7489dc207d1c43214a6609a0db8,"W/""29d43f-itjIvQHgCLgF4W54tsVZfiRhDqo""",,first_capture,raw/apify.store.actors/2026/09/20260924T085106Z-3822b1a78d74.json.gz,,"projected:userPictureUrl,pictureUrl,url"
apify.store.actors,https://api.apify.com/v2/store?limit=1000&offset=0&category=BUSINESS,2026-09-24T08:51:10Z,200,application/json,3685140,0bfebe638a363a1f3681ba2f3acfcb42da7ba814373a49ed9e9f91f5d0add8c0,"W/""383b14-8kpLwV/B2QnM47GS4oyOk9a+UNY""",,first_capture,raw/apify.store.actors/2026/09/20260924T085110Z-0bfebe638a36.json.gz,,"projected:userPictureUrl,pictureUrl,url"
apify.store.actors,https://api.apify.com/v2/store?limit=1000&offset=1000&category=BUSINESS,2026-09-24T08:51:13Z,200,application/json,3207758,7d9418265ac8df2e063119352865e7b461c0b1c215e80370ad311799353145f5,"W/""30f24e-Aj1e6hXh+nxuws/x86KsNz+Hl8w""",,first_capture,raw/apify.store.actors/2026/09/20260924T085113Z-7d9418265ac8.json.gz,,"projected:userPictureUrl,pictureUrl,url"
apify.store.actors,https://api.apify.com/v2/store?limit=1000&offset=2000&category=BUSINESS,2026-09-24T08:51:17Z,200,application/json,2836725,0f49a37fadcba978a6ac4d4f69826673aba6afd51aeed409ffd1a70cbd717e86,"W/""2b48f5-UOmurOPwAD8Mb5ChNCupLWUjAYk""",,first_capture,raw/apify.store.actors/2026/09/20260924T085117Z-0f49a37fadcb.json.gz,,"projected:userPictureUrl,pictureUrl,url"
apify.store.actors,https://api.apify.com/v2/store?limit=1000&offset=3000&category=BUSINESS,2026-09-24T08:51:19Z,200,application/json,2954215,36367c10ff7fe13151ec39d29471e2517a953cee38a2f596a7c33c4b9e90870a,"W/""2d13e7-hZ0E7jbCGa4suEPbljCrNKpjYCg""",,first_capture,raw/apify.store.actors/2026/09/20260924T085119Z-36367c10ff7f.json.gz,,"projected:userPictureUrl,pictureUrl,url"
apify.store.actors,https://api.apify.com/v2/store?limit=1000&offset=4000&category=BUSINESS,2026-09-24T08:51:22Z,200,application/json,3162384,8112a51a20d026675e339145e29b9cc64aa7aa769081b5d33c075171fe9b9725,"W/""304110-CYmo78JxCSYzhqAHGNA28XBV8nE""",,first_capture,raw/apify.store.actors/2026/09/20260924T085122Z-8112a51a20d0.json.gz,,"projected:userPictureUrl,pictureUrl,url"
apify.store.actors,https://api.apify.com/v2/store?limit=1000&offset=5000&category=BUSINESS,2026-09-24T08:51:25Z,200,application/json,3199563,4d2040b4169b1203608e9bd2ccacb98373636f5e070e92db755c206260980dd7,"W/""30d24b-gR+IRMQ0ftMIWvbuL/YNIUz4ROQ""",,first_capture,raw/apify.store.actors/2026/09/20260924T085125Z-4d2040b4169b.json.gz,,"projected:userPictureUrl,pictureUrl,url"
apify.store.actors,https://api.apify.com/v2/store?limit=1000&offset=6000&category=BUSINESS,2026-09-24T08:51:29Z,200,application/json,3082645,b9e5d8cffbd2e97cf6066d458eb486e7c530add86c3383fad798c1e18ec9e481,"W/""2f0995-wMR+xWCfBX6Q1rG6HxH2vIayoek""",,first_capture,raw/apify.store.actors/2026/09/20260924T085129Z-b9e5d8cffbd2.json.gz,,"projected:userPictureUrl,pictureUrl,url"
apify.store.actors,https://api.apify.com/v2/store?limit=1000&offset=7000&category=BUSINESS,2026-09-24T08:51:32Z,200,application/json,1726660,c56d5b13d2e06d4c7ede9b309b53eda2e64023f1979caaeb1d43edae50b09fea,"W/""1a58c4-kzdOTqlbHNxfoT1CKTdnJIfhIw4""",,first_capture,raw/apify.store.actors/2026/09/20260924T085132Z-c56d5b13d2e0.json.gz,,"projected:userPictureUrl,pictureUrl,url"
apify.store.actors,https://api.apify.com/v2/store?limit=1000&offset=0&category=SEO_TOOLS,2026-09-24T08:51:35Z,200,application/json,3289069,35f87ffaf3ba750f3df240d8722c4c1d62661f661bc294f7a0f90468ad55108d,"W/""322fed-Q8I8FbeW1oj+dN8VYicmLNu4SmU""",,first_capture,raw/apify.store.actors/2026/09/20260924T085135Z-35f87ffaf3ba.json.gz,,"projected:userPictureUrl,pictureUrl,url"
apify.store.actors,https://api.apify.com/v2/store?limit=1000&offset=1000&category=SEO_TOOLS,2026-09-24T08:51:39Z,200,application/json,3016870,b6d929a5bef5a862f412f164dcac4eaeac8a751b5795f01e4d815a1fd0195bcd,"W/""2e08a6-ET/gsZi7RpIKNqIQ9dim8a34+vE""",,first_capture,raw/apify.store.actors/2026/09/20260924T085139Z-b6d929a5bef5.json.gz,,"projected:userPictureUrl,pictureUrl,url"
apify.store.actors,https://api.apify.com/v2/store?limit=1000&offset=2000&category=SEO_TOOLS,2026-09-24T08:51:42Z,200,application/json,2366399,ac4d2ef580da150db1e0b35c42055d82716d946776ffac3a22f9b17894096894,"W/""241bbf-yg28u2zKhASeKdT4ePxmBH+PE3U""",,first_capture,raw/apify.store.actors/2026/09/20260924T085142Z-ac4d2ef580da.json.gz,,"projected:userPictureUrl,pictureUrl,url"
apify.store.actors,https://api.apify.com/v2/store?limit=1000&offset=3000&category=SEO_TOOLS,2026-09-24T08:51:46Z,200,application/json,2797628,c8fb9b1480bd2e3e1bdb899f4368675e8a57d9aab5c8d94e1a1a99de1e95a8e6,"W/""2ab03c-/F77HsB2MmcEXkZUhIDKX5crLRk""",,first_capture,raw/apify.store.actors/2026/09/20260924T085146Z-c8fb9b1480bd.json.gz,,"projected:userPictureUrl,pictureUrl,url"
apify.store.actors,https://api.apify.com/v2/store?limit=1000&offset=4000&category=SEO_TOOLS,2026-09-24T08:51:51Z,200,application/json,450820,fcb10f59a0416832b8ceddd9558611727b95e41c59ed34143cde1583acbb35df,"W/""6e104-n3KGSkXUaC3PG7mpAJ3cTCMmqo8""",,first_capture,raw/apify.store.actors/2026/09/20260924T085151Z-fcb10f59a041.json.gz,,"projected:userPictureUrl,pictureUrl,url"
apify.store.actors,https://api.apify.com/v2/store?limit=1000&offset=0&category=VIDEOS,2026-09-24T08:51:56Z,200,application/json,3082408,8aea52b0ddbfb8bc4fcc2e80b3fe9927bf5df7e9d3629396d6fa50a78b9392d0,"W/""2f08a8-8+elRaepe/j1bye/Js6bl8vehzE""",,first_capture,raw/apify.store.actors/2026/09/20260924T085156Z-8aea52b0ddbf.json.gz,,"projected:userPictureUrl,pictureUrl,url"
apify.store.actors,https://api.apify.com/v2/store?limit=1000&offset=1000&category=VIDEOS,2026-09-24T08:52:00Z,200,application/json,2869494,3d3f43f25eb0ae82dc1e6db94683fee5721df796cb869a62b8dd1b391829f0d9,"W/""2bc8f6-FEV7bA298fDkMAcvu35YcKBByfg""",,first_capture,raw/apify.store.actors/2026/09/20260924T085200Z-3d3f43f25eb0.json.gz,,"projected:userPictureUrl,pictureUrl,url"
apify.store.actors,https://api.apify.com/v2/store?limit=1000&offset=2000&category=VIDEOS,2026-09-24T08:52:04Z,200,application/json,2714723,6fabdb27284aa67d501cb87d8e565dc6c745ef7d393a3c89b1bd08686e34b1c9,"W/""296c63-QTaLXODp4EaXiU3/152aMkGRzmo""",,first_capture,raw/apify.store.actors/2026/09/20260924T085204Z-6fabdb27284a.json.gz,,"projected:userPictureUrl,pictureUrl,url"
apify.store.actors,https://api.apify.com/v2/store?limit=1000&offset=3000&category=VIDEOS,2026-09-24T08:52:07Z,200,application/json,536391,7bc0e71fdae42d138bc2607dad83b970f0a3b5082f0db65911f267ec3156c747,"W/""82f47-pkMhq+hfal1oVPISYvsSAngPtzU""",,first_capture,raw/apify.store.actors/2026/09/20260924T085207Z-7bc0e71fdae4.json.gz,,"projected:userPictureUrl,pictureUrl,url"
apify.store.actors,https://api.apify.com/v2/store?limit=1000&offset=0&category=AGENTS,2026-09-24T08:52:10Z,200,application/json,3242050,04727f802b84752027426896e21accebf1e9140c812e5c10e3a2157e65a58629,"W/""317842-uAv8hk1Y7Uyb7BxA3ultksEezak""",,first_capture,raw/apify.store.actors/2026/09/20260924T085210Z-04727f802b84.json.gz,,"projected:userPictureUrl,pictureUrl,url"
apify.store.actors,https://api.apify.com/v2/store?limit=1000&offset=1000&category=AGENTS,2026-09-24T08:52:14Z,200,application/json,2866246,85e02f17483a2029aa7e5f5e6c96fa09c000c7d03d01e2afe97b8c320d5ee7bd,"W/""2bbc46-kPqUcqMgCqU5yvZ6mCWciBpa2kc""",,first_capture,raw/apify.store.actors/2026/09/20260924T085214Z-85e02f17483a.json.gz,,"projected:userPictureUrl,pictureUrl,url"
apify.store.actors,https://api.apify.com/v2/store?limit=1000&offset=2000&category=AGENTS,2026-09-24T08:52:18Z,200,application/json,2682889,03b72e7e14d15c6e38bf183e7755abf8b17825fe4fbb18740928c346b7cdfc7b,"W/""28f009-zfhn9cdKqcSC8i/Hg4Y+tWlPj9U""",,first_capture,raw/apify.store.actors/2026/09/20260924T085218Z-03b72e7e14d1.json.gz,,"projected:userPictureUrl,pictureUrl,url"
apify.store.actors,https://api.apify.com/v2/store?limit=1000&offset=3000&category=AGENTS,2026-09-24T08:52:21Z,200,application/json,1713204,d8014648180398ea10c49e83889aea8126dc4c9dd525e9ace8214c1121e28a2b,"W/""1a2434-noQzrBQdNoTiFS2uYb9FAXu38Xw""",,first_capture,raw/apify.store.actors/2026/09/20260924T085221Z-d80146481803.json.gz,,"projected:userPictureUrl,pictureUrl,url"
apify.store.actors,https://api.apify.com/v2/store?limit=1000&offset=0&category=INTEGRATIONS,2026-09-24T08:52:24Z,200,application/json,3119421,c357398956cef3ec2643a1a2b3ff808cafb84c896405f9657ca9758bf75924b4,"W/""2f993d-ECzzKc94by97OPJSWLGWMYME/Pk""",,first_capture,raw/apify.store.actors/2026/09/20260924T085224Z-c357398956ce.json.gz,,"projected:userPictureUrl,pictureUrl,url"
apify.store.actors,https://api.apify.com/v2/store?limit=1000&offset=1000&category=INTEGRATIONS,2026-09-24T08:52:28Z,200,application/json,3182881,f6a6a9c5e942361affe4dd7a4340b8e48579f433874444a14039def952dabc22,"W/""309121-UxNM2FwwQl89LRM9BzIZiiwqthA""",,first_capture,raw/apify.store.actors/2026/09/20260924T085228Z-f6a6a9c5e942.json.gz,,"projected:userPictureUrl,pictureUrl,url"
apify.store.actors,https://api.apify.com/v2/store?limit=1000&offset=2000&category=INTEGRATIONS,2026-09-24T08:52:31Z,200,application/json,2940921,f236c7f2c75f0c98508bc77c1a8bc4085e3b8a745b34809e7cfd9d164dede439,"W/""2cdff9-XL/LUxARSsrXPnpiF8ix3rApD0U""",,first_capture,raw/apify.store.actors/2026/09/20260924T085231Z-f236c7f2c75f.json.gz,,"projected:userPictureUrl,pictureUrl,url"
apify.store.actors,https://api.apify.com/v2/store?limit=1000&offset=0&category=NEWS,2026-09-24T08:52:34Z,200,application/json,3122248,1506aebf3a91e385347853593678d490d89939e8eb1eb7dd04101d3a4ad0a3bd,"W/""2fa448-urKiPbOJMoM0cB2/y+CJVQOK0UE""",,first_capture,raw/apify.store.actors/2026/09/20260924T085234Z-1506aebf3a91.json.gz,,"projected:userPictureUrl,pictureUrl,url"
apify.store.actors,https://api.apify.com/v2/store?limit=1000&offset=1000&category=NEWS,2026-09-24T08:52:38Z,200,application/json,3031112,5bb035b1e320be7d1c7b8d15fb940b6a50608f975ba23fd1da5bdcd64da146ce,"W/""2e4048-5clyiHl3MQi6SKL8qdf+IxbJKkE""",,first_capture,raw/apify.store.actors/2026/09/20260924T085238Z-5bb035b1e320.json.gz,,"projected:userPictureUrl,pictureUrl,url"
apify.store.actors,https://api.apify.com/v2/store?limit=1000&offset=2000&category=NEWS,2026-09-24T08:52:43Z,200,application/json,2889400,17c6eff34d40d5a6fbf084e791d103d81555a1978d49c1e5be8afba3d58889b6,"W/""2c16b8-D2SQT/7aN7t09euUpClTFpWodMk""",,first_capture,raw/apify.store.actors/2026/09/20260924T085243Z-17c6eff34d40.json.gz,,"projected:userPictureUrl,pictureUrl,url"
apify.store.actors,https://api.apify.com/v2/store?limit=1000&offset=3000&category=NEWS,2026-09-24T08:52:47Z,200,application/json,2014526,9979f9b0717d25a1a8c93d5e7b4c490ba8b8e15cc0f79da3528d94d05df42a5d,"W/""1ebd3e-9o0Hg2cW7v6ilZcooWz/AkxxzPs""",,first_capture,raw/apify.store.actors/2026/09/20260924T085247Z-9979f9b0717d.json.gz,,"projected:userPictureUrl,pictureUrl,url"
apify.store.actors,https://api.apify.com/v2/store?limit=1000&offset=0&category=TRAVEL,2026-09-24T08:52:51Z,200,application/json,3475413,f4ea512c0a50a9fb2e9df78cb15a6ffe84c2d607c22036dc378df041a11a59fe,"W/""3507d5-cQLpgRG6yLGaUALu+HDvMDgFBYI""",,first_capture,raw/apify.store.actors/2026/09/20260924T085251Z-f4ea512c0a50.json.gz,,"projected:userPictureUrl,pictureUrl,url"
apify.store.actors,https://api.apify.com/v2/store?limit=1000&offset=1000&category=TRAVEL,2026-09-24T08:52:57Z,200,application/json,3165597,3b8767b01c3673a881c4c4fb445cc3d24ace5b8f7a41b7c00396f049e9af7160,"W/""304d9d-0HE3dGOykvOxSriqKB0mg9tpnis""",,first_capture,raw/apify.store.actors/2026/09/20260924T085257Z-3b8767b01c36.json.gz,,"projected:userPictureUrl,pictureUrl,url"
apify.store.actors,https://api.apify.com/v2/store?limit=1000&offset=2000&category=TRAVEL,2026-09-24T08:53:04Z,200,application/json,1490549,0bdaa55a5f7b7f4e44d543b90c390aae56ce09f36ffae2bf63bd4953c0708afd,"W/""16be75-D/yXsv7kM8J0F4YMgDWg5/DBFds""",,first_capture,raw/apify.store.actors/2026/09/20260924T085304Z-0bdaa55a5f7b.json.gz,,"projected:userPictureUrl,pictureUrl,url"
apify.store.actors,https://api.apify.com/v2/store?limit=1000&offset=0&category=MCP_SERVERS,2026-09-24T08:53:07Z,200,application/json,3360529,385758d18c895591f31425a469c420640f65285931b126dfc78b5b56e569b527,"W/""334711-6QL9nEr4lfZ+A+qFMRdCjxnfRHg""",,first_capture,raw/apify.store.actors/2026/09/20260924T085307Z-385758d18c89.json.gz,,"projected:userPictureUrl,pictureUrl,url"
apify.store.actors,https://api.apify.com/v2/store?limit=1000&offset=1000&category=MCP_SERVERS,2026-09-24T08:53:14Z,200,application/json,3148797,062d10d1520f6e2a0c1895c4daea3395fbca999b2b60f66d2f166b2fc8ce0641,"W/""300bfd-l/2uusVnFAW3/JH3/PK0sT+dOuE""",,first_capture,raw/apify.store.actors/2026/09/20260924T085314Z-062d10d1520f.json.gz,,"projected:userPictureUrl,pictureUrl,url"
apify.store.actors,https://api.apify.com/v2/store?limit=1000&offset=2000&category=MCP_SERVERS,2026-09-24T08:53:19Z,200,application/json,1259959,3973e06af2391943dd68ee13399c92f6d1040150a27b4867f7725719a57241bc,"W/""1339b7-GOIkX2fUsdBZqOe1ZZEF6IrdUxs""",,first_capture,raw/apify.store.actors/2026/09/20260924T085319Z-3973e06af239.json.gz,,"projected:userPictureUrl,pictureUrl,url"
apify.store.actors,https://api.apify.com/v2/store?limit=1000&offset=0&category=MARKETING,2026-09-24T08:53:22Z,200,application/json,3345654,022acb7c7e9302c4ffd0d03462ddc7ae8373b81b72a5857b8a3a1977863e7102,"W/""330cf6-SZXFmrSO0uvLzBdIyF/UB7fxVsg""",,first_capture,raw/apify.store.actors/2026/09/20260924T085322Z-022acb7c7e93.json.gz,,"projected:userPictureUrl,pictureUrl,url"
apify.store.actors,https://api.apify.com/v2/store?limit=1000&offset=1000&category=MARKETING,2026-09-24T08:53:29Z,200,application/json,2881013,221028e74d844b7ed913b8331f82b4746f70137abb95ba61b488e5e347efc828,"W/""2bf5f5-2ba41sTV+IZ56o7sMeos+egHOQc""",,first_capture,raw/apify.store.actors/2026/09/20260924T085329Z-221028e74d84.json.gz,,"projected:userPictureUrl,pictureUrl,url"
apify.store.actors,https://api.apify.com/v2/store?limit=1000&offset=2000&category=MARKETING,2026-09-24T08:53:34Z,200,application/json,458849,7d948b6642778b150771e573e7c634b4c1cf62be045fa38a84f0bfa092404559,"W/""70061-Wc1EYPpl5qn5qsy/M0LfDUboIBs""",,first_capture,raw/apify.store.actors/2026/09/20260924T085334Z-7d948b664277.json.gz,,"projected:userPictureUrl,pictureUrl,url"
apify.store.actors,https://api.apify.com/v2/store?limit=1000&offset=0&category=OPEN_SOURCE,2026-09-24T08:53:37Z,200,application/json,582347,7859ac51d9c8aea4aa174a5074d3af173a728cae1568b67ba8b06b26b795cb96,"W/""8e2cb-ony2jzBfNJiDg7R7/qSwG2yNQR0""",,first_capture,raw/apify.store.actors/2026/09/20260924T085337Z-7859ac51d9c8.json.gz,,"projected:userPictureUrl,pictureUrl,url"
apify.store.actors,https://api.apify.com/v2/store?limit=1000&offset=0&category=SPORTS,2026-09-24T08:53:40Z,200,application/json,960940,b134b0e9a86538b8395849945a02e8b4c7ca1c97a1d1a9aec4a852a6d54b33e9,"W/""ea9ac-gsMEt8CkCLsSDxbGwrivj+Y34S0""",,first_capture,raw/apify.store.actors/2026/09/20260924T085340Z-b134b0e9a865.json.gz,,"projected:userPictureUrl,pictureUrl,url"
apify.store.actors,https://api.apify.com/v2/store?limit=1000&offset=0&category=FOR_CREATORS,2026-09-24T08:53:43Z,200,application/json,935126,14dfa98f97ffdf1f14adc173ae502b1210c8e439914488a883d3a7c3be705b98,"W/""e44d6-TwZ9p+lZyWieVN6cGwnlXIe16sc""",,first_capture,raw/apify.store.actors/2026/09/20260924T085343Z-14dfa98f97ff.json.gz,,"projected:userPictureUrl,pictureUrl,url"
apify.store.actors,https://api.apify.com/v2/store?limit=1000&offset=0&category=EDUCATION,2026-09-24T08:53:46Z,200,application/json,1230465,521825f2410a2dba74b01ae2d6171fc080be623521b9329e1698e218ac63a20b,"W/""12c681-T9gHFKIrzzI0fNAxJxN81p/dPaI""",,first_capture,raw/apify.store.actors/2026/09/20260924T085346Z-521825f2410a.json.gz,,"projected:userPictureUrl,pictureUrl,url"
apify.store.actors,https://api.apify.com/v2/store?limit=1000&offset=0&category=GAMES,2026-09-24T08:53:50Z,200,application/json,335333,c395acb2b744bcd34a1b5ece5496465dfd7df930e8c6bfece33701fcc30fa598,"W/""51de5-GKe6hzXaKwoxuBbSwyE9hwe+7sY""",,first_capture,raw/apify.store.actors/2026/09/20260924T085350Z-c395acb2b744.json.gz,,"projected:userPictureUrl,pictureUrl,url"
apify.store.actors,https://api.apify.com/v2/store?limit=1000&offset=0,2026-09-25T09:04:02Z,200,application/json,3990758,3688036447769764c108bdeefd4030e62854893dfaaa3d9c48056655bb708399,"W/""3ce4e6-ZhUBopeUJD4pI97uddZ6QdG9wVs""",,changed,raw/apify.store.actors/2026/09/20260925T090402Z-368803644776.json.gz,,"projected:userPictureUrl,pictureUrl,url"
apify.store.actors,https://api.apify.com/v2/store?limit=1000&offset=1000,2026-09-25T09:04:07Z,200,application/json,3689034,6079f1af238f74c9d8d8bde253d803aad1372df59450fff68fdbf378de439d77,"W/""384a4a-RhZo91JD5erchobYnYqe9WWSJjA""",,changed,raw/apify.store.actors/2026/09/20260925T090407Z-6079f1af238f.json.gz,,"projected:userPictureUrl,pictureUrl,url"
apify.store.actors,https://api.apify.com/v2/store?limit=1000&offset=2000,2026-09-25T09:04:09Z,200,application/json,2827428,deae1a66934a28591aa69b3704a753fe9030aac00c86135b7a8f24cd52ec0594,"W/""2b24a4-SPzSbi35P9qrYt1HOlubtFVjaeQ""",,changed,raw/apify.store.actors/2026/09/20260925T090409Z-deae1a66934a.json.gz,,"projected:userPictureUrl,pictureUrl,url"
apify.store.actors,https://api.apify.com/v2/store?limit=1000&offset=3000,2026-09-25T09:04:12Z,200,application/json,2817447,2a34837179c4c4084179f19bb71263eabf9838d635a50f38381c48da4a10a2d9,"W/""2afda7-vbRSX2RiRv++rnFr/Sc/ZHPA9W4""",,changed,raw/apify.store.actors/2026/09/20260925T090412Z-2a34837179c4.json.gz,,"projected:userPictureUrl,pictureUrl,url"
apify.store.actors,https://api.apify.com/v2/store?limit=1000&offset=4000,2026-09-25T09:04:15Z,200,application/json,3243949,0e98c5efbf6748a4341c9d5113f0b94651f8a89e87e91e7bd8ec1c427494e031,"W/""317fad-zBPI4Ziy9DESy7PcJdK8KrWL+MU""",,changed,raw/apify.store.actors/2026/09/20260925T090415Z-0e98c5efbf67.json.gz,,"projected:userPictureUrl,pictureUrl,url"
apify.store.actors,https://api.apify.com/v2/store?limit=1000&offset=5000,2026-09-25T09:04:18Z,200,application/json,3565610,476ec955aae373d05211e89a170a0c818b7f9e73b2747f22426185aee8b7e8d1,"W/""36682a-SVgvwahgsKM7v6lY46h6JbD8Hgc""",,changed,raw/apify.store.actors/2026/09/20260925T090418Z-476ec955aae3.json.gz,,"projected:userPictureUrl,pictureUrl,url"
apify.store.actors,https://api.apify.com/v2/store?limit=1000&offset=6000,2026-09-25T09:04:20Z,200,application/json,3536425,0d9fe97495901abbc3617f885c89350f910a95fb72acc6cdbb5bf432c7d1c355,"W/""35f629-xtoy8tH00kmrGwZ5b95qvWc+DN8""",,changed,raw/apify.store.actors/2026/09/20260925T090420Z-0d9fe9749590.json.gz,,"projected:userPictureUrl,pictureUrl,url"
apify.store.actors,https://api.apify.com/v2/store?limit=1000&offset=7000,2026-09-25T09:04:23Z,200,application/json,3500980,7a89d1ea514716ea2b91752d8fb3dfb95fc2223c1203b53c99bc8878f3ab2e3d,"W/""356bb4-QwFjKJkQy6iumAM7hlB2akQZjU4""",,changed,raw/apify.store.actors/2026/09/20260925T090423Z-7a89d1ea5147.json.gz,,"projected:userPictureUrl,pictureUrl,url"
apify.store.actors,https://api.apify.com/v2/store?limit=1000&offset=8000,2026-09-25T09:04:26Z,200,application/json,3435012,adeb7e69f83721f0d463ac14fd589594cdbd4bd98d42dddf6341923caf59dafa,"W/""346a04-W7pldBhMNpPeMB+ti6+Orez/0JI""",,changed,raw/apify.store.actors/2026/09/20260925T090426Z-adeb7e69f837.json.gz,,"projected:userPictureUrl,pictureUrl,url"
apify.store.actors,https://api.apify.com/v2/store?limit=1000&offset=9000,2026-09-25T09:04:29Z,200,application/json,3544797,7a49f92cfdfd1a45495daf47d39dd3e16b9a854eb9c695f3dc7c06d26a305754,"W/""3616dd-/pqMNOkne8bYY1hzbZdM4mF6Bj4""",,changed,raw/apify.store.actors/2026/09/20260925T090429Z-7a49f92cfdfd.json.gz,,"projected:userPictureUrl,pictureUrl,url"
apify.store.actors,https://api.apify.com/v2/store?limit=1000&offset=10000,2026-09-25T09:04:31Z,200,application/json,3251069,76ddb351a2b8e5734380a690a44ad516d8417078d140efad69f26773f59313c7,"W/""319b7d-3/S519vUc8XCY+UAiITw/yF6RTY""",,changed,raw/apify.store.actors/2026/09/20260925T090431Z-76ddb351a2b8.json.gz,,"projected:userPictureUrl,pictureUrl,url"
apify.store.actors,https://api.apify.com/v2/store?limit=1000&offset=11000,2026-09-25T09:04:34Z,200,application/json,2288123,d9d8b45af041575b275d26f3eefbbb1eabca6c0476be34525c27f077560c4178,"W/""22e9fb-ydIj+5TwQvweSGdZFs3JRJPJRuw""",,changed,raw/apify.store.actors/2026/09/20260925T090434Z-d9d8b45af041.json.gz,,"projected:userPictureUrl,pictureUrl,url"
apify.store.actors,https://api.apify.com/v2/store?limit=1000&offset=12000,2026-09-25T09:04:37Z,200,application/json,2612717,1d4633c8a774fa2ef5f270e6eab4211e1a8f1d78a53245c3d54905528726f137,"W/""27dded-LHG9yPsqlrD+6csr5xCJyJ/xufM""",,changed,raw/apify.store.actors/2026/09/20260925T090437Z-1d4633c8a774.json.gz,,"projected:userPictureUrl,pictureUrl,url"
apify.store.actors,https://api.apify.com/v2/store?limit=1000&offset=13000,2026-09-25T09:04:40Z,200,application/json,2767922,34bb54f68f8e09d72c7b3826ed541b9b2f8ef6b80464f0e9e7d1e1c2b940cb73,"W/""2a3c32-jBHKc6HV6K9+5Sorgg9X7KZFLmc""",,changed,raw/apify.store.actors/2026/09/20260925T090440Z-34bb54f68f8e.json.gz,,"projected:userPictureUrl,pictureUrl,url"
apify.store.actors,https://api.apify.com/v2/store?limit=1000&offset=14000,2026-09-25T09:04:42Z,200,application/json,2759008,a9dff3d9658639d86a47ae4e81fd4b0cf4293f405636e41d0cee59b5e57bc463,"W/""2a1960-LDLRmowTc8EwRi6MMu4HQGxoMeQ""",,changed,raw/apify.store.actors/2026/09/20260925T090442Z-a9dff3d96586.json.gz,,"projected:userPictureUrl,pictureUrl,url"
apify.store.actors,https://api.apify.com/v2/store?limit=1000&offset=15000,2026-09-25T09:04:45Z,200,application/json,2917896,988661daf2aa68994577d1a8da3bafdb829941550a0990903f50277707f64965,"W/""2c8608-hihoLz4kjlJKmq6NL+6AUHHrvUo""",,changed,raw/apify.store.actors/2026/09/20260925T090445Z-988661daf2aa.json.gz,,"projected:userPictureUrl,pictureUrl,url"
apify.store.actors,https://api.apify.com/v2/store?limit=1000&offset=0&category=AUTOMATION,2026-09-25T09:04:49Z,200,application/json,3843648,d4c2d35dc50c83cb2428ec65041ec4058259ca6d32d1ee40982dfc620d74a906,"W/""3aa640-EOjD7mSJh3VpF9N7q3IBALsPH3A""",,changed,raw/apify.store.actors/2026/09/20260925T090449Z-d4c2d35dc50c.json.gz,,"projected:userPictureUrl,pictureUrl,url"
apify.store.actors,https://api.apify.com/v2/store?limit=1000&offset=1000&category=AUTOMATION,2026-09-25T09:04:51Z,200,application/json,3466222,cbf98f2a86823047892bfd8ff67ed20a24d8a04ce9803d3c49239584b9ca10b9,"W/""34e3ee-QiWmb0VlppeTMacDeq3HStiOUhs""",,changed,raw/apify.store.actors/2026/09/20260925T090451Z-cbf98f2a8682.json.gz,,"projected:userPictureUrl,pictureUrl,url"
apify.store.actors,https://api.apify.com/v2/store?limit=1000&offset=2000&category=AUTOMATION,2026-09-25T09:04:54Z,200,application/json,3490523,ef9b92cda9eeb1824789e962363c4ded0b10c55dca3735c3ab8c4aae34f407c4,"W/""3542db-r/RkN9d7f/uYPbrIDr7dlqeB7TQ""",,changed,raw/apify.store.actors/2026/09/20260925T090454Z-ef9b92cda9ee.json.gz,,"projected:userPictureUrl,pictureUrl,url"
apify.store.actors,https://api.apify.com/v2/store?limit=1000&offset=3000&category=AUTOMATION,2026-09-25T09:04:57Z,200,application/json,3490742,592fa667db7cd6cf6acfa1d8bc49930e75a5e1f181c9d83442a770b4dc72eaa0,"W/""3543b6-A/2fqms+IbEghPrFGbP8FwKOORQ""",,changed,raw/apify.store.actors/2026/09/20260925T090457Z-592fa667db7c.json.gz,,"projected:userPictureUrl,pictureUrl,url"
apify.store.actors,https://api.apify.com/v2/store?limit=1000&offset=4000&category=AUTOMATION,2026-09-25T09:05:01Z,200,application/json,2883535,06f12e617324cab8880373e7404289ccdf5c5396b84aa1666a444d263f063de4,"W/""2bffcf-Wc9qEopvfoHn7oVj6SgY2tL3jjc""",,changed,raw/apify.store.actors/2026/09/20260925T090501Z-06f12e617324.json.gz,,"projected:userPictureUrl,pictureUrl,url"
apify.store.actors,https://api.apify.com/v2/store?limit=1000&offset=5000&category=AUTOMATION,2026-09-25T09:05:03Z,200,application/json,2618803,550bfe26837307aee30e98e2d8ea1d9df5c1ed1f27f04a64686d396ee931feb0,"W/""27f5b3-owLk7RyUgV7AGGMuJnCDINfeJ7w""",,changed,raw/apify.store.actors/2026/09/20260925T090503Z-550bfe268373.json.gz,,"projected:userPictureUrl,pictureUrl,url"
apify.store.actors,https://api.apify.com/v2/store?limit=1000&offset=6000&category=AUTOMATION,2026-09-25T09:05:05Z,200,application/json,2909359,e68099e0fa532ac36f9f8c7329ccd91cf7003fee376dccb427f932e33021c788,"W/""2c64af-wraJy2uXub9TH74MJ4eJhnjbHqg""",,changed,raw/apify.store.actors/2026/09/20260925T090505Z-e68099e0fa53.json.gz,,"projected:userPictureUrl,pictureUrl,url"
apify.store.actors,https://api.apify.com/v2/store?limit=1000&offset=7000&category=AUTOMATION,2026-09-25T09:05:08Z,200,application/json,2991437,bd877a7160d6ae217230cf3a19ac44b0cd81292cbccbf4a8575f803800b522d9,"W/""2da54d-6N8BjZdTdL6++pCQp6EHr9wHlTM""",,changed,raw/apify.store.actors/2026/09/20260925T090508Z-bd877a7160d6.json.gz,,"projected:userPictureUrl,pictureUrl,url"
apify.store.actors,https://api.apify.com/v2/store?limit=1000&offset=8000&category=AUTOMATION,2026-09-25T09:05:11Z,200,application/json,3126091,b786b164502b629f23420c75a10eba2b20c2e56f41b52bef2630d7f77c97f919,"W/""2fb34b-hELaUj/aNr0ezuSR4aSig+gPRkY""",,changed,raw/apify.store.actors/2026/09/20260925T090511Z-b786b164502b.json.gz,,"projected:userPictureUrl,pictureUrl,url"
apify.store.actors,https://api.apify.com/v2/store?limit=1000&offset=9000&category=AUTOMATION,2026-09-25T09:05:14Z,200,application/json,3079541,994293f066a9ef5925c8926ade14cb618b3aebf434ae0ae087ad2f20bed872a5,"W/""2efd75-WYHll7s9nANmjMEvuzVubQOh+24""",,changed,raw/apify.store.actors/2026/09/20260925T090514Z-994293f066a9.json.gz,,"projected:userPictureUrl,pictureUrl,url"
apify.store.actors,https://api.apify.com/v2/store?limit=1000&offset=10000&category=AUTOMATION,2026-09-25T09:05:17Z,200,application/json,3140102,df8265cc9895eab0e6518308575d1e6da99bc748621d174aaab6bfb7fb1281fe,"W/""2fea06-AVZ8EjVjsWqNggOBY11b5lqNM7E""",,changed,raw/apify.store.actors/2026/09/20260925T090517Z-df8265cc9895.json.gz,,"projected:userPictureUrl,pictureUrl,url"
apify.store.actors,https://api.apify.com/v2/store?limit=1000&offset=11000&category=AUTOMATION,2026-09-25T09:05:19Z,200,application/json,3043577,d0e484fd38613aefa7698ae6e43e2bc1b7e4dc02533c9da2d8d4cffb86cc7b82,"W/""2e70f9-RkTnrHVtNIdN0r8rPDzj/4B9R84""",,changed,raw/apify.store.actors/2026/09/20260925T090519Z-d0e484fd3861.json.gz,,"projected:userPictureUrl,pictureUrl,url"
apify.store.actors,https://api.apify.com/v2/store?limit=1000&offset=12000&category=AUTOMATION,2026-09-25T09:05:22Z,200,application/json,3141867,5e45fe6670b3ac8d71d8c21328e80e3a586ff2a7a051ddaca8d7a9cf1f716127,"W/""2ff0eb-rAvs/9LxnHyVVyJ0e02tWPpIfVY""",,changed,raw/apify.store.actors/2026/09/20260925T090522Z-5e45fe6670b3.json.gz,,"projected:userPictureUrl,pictureUrl,url"
apify.store.actors,https://api.apify.com/v2/store?limit=1000&offset=13000&category=AUTOMATION,2026-09-25T09:05:25Z,200,application/json,2999485,86840028833086c18aaa801e6f79010b6feca003b9c5c343501fcb72e5236058,"W/""2dc4bd-LKQTBHLoSMRLu/uQc3eWpGoy/1s""",,changed,raw/apify.store.actors/2026/09/20260925T090525Z-868400288330.json.gz,,"projected:userPictureUrl,pictureUrl,url"
apify.store.actors,https://api.apify.com/v2/store?limit=1000&offset=14000&category=AUTOMATION,2026-09-25T09:05:27Z,200,application/json,3074370,a60396972533170cf1304c00f93b8be9ea16e82e10ef62f0fe8e52f9a31a177c,"W/""2ee942-hg133YK7gI3SU1W+hA3kWuhvWwg""",,changed,raw/apify.store.actors/2026/09/20260925T090527Z-a60396972533.json.gz,,"projected:userPictureUrl,pictureUrl,url"
apify.store.actors,https://api.apify.com/v2/store?limit=1000&offset=15000&category=AUTOMATION,2026-09-25T09:05:30Z,200,application/json,3156597,4b03b2de15a5dfe0939c4f513ca63d22f50215174b22a25788a4b8d501bf9e8d,"W/""302a75-6RBwKqtGR0wae64xXW2NRcOqcmw""",,changed,raw/apify.store.actors/2026/09/20260925T090530Z-4b03b2de15a5.json.gz,,"projected:userPictureUrl,pictureUrl,url"
apify.store.actors,https://api.apify.com/v2/store?limit=1000&offset=0&category=LEAD_GENERATION,2026-09-25T09:05:33Z,200,application/json,3858430,88da61a8d32db58e14aa3953ee6adb09f0af034f954f6aeb6d7a9d84a20260c8,"W/""3adffe-yDQdu4MaNUHfbsLp+qFHP3XhTPg""",,changed,raw/apify.store.actors/2026/09/20260925T090533Z-88da61a8d32d.json.gz,,"projected:userPictureUrl,pictureUrl,url"
apify.store.actors,https://api.apify.com/v2/store?limit=1000&offset=1000&category=LEAD_GENERATION,2026-09-25T09:05:36Z,200,application/json,3341964,2ebbfe2fef8c448ce0200df1b2978548ec3149edaf1e8fa2199f90e6c27dc409,"W/""32fe8c-wW5E63H090DpDZuu3o1VOlvofCk""",,changed,raw/apify.store.actors/2026/09/20260925T090536Z-2ebbfe2fef8c.json.gz,,"projected:userPictureUrl,pictureUrl,url"
apify.store.actors,https://api.apify.com/v2/store?limit=1000&offset=2000&category=LEAD_GENERATION,2026-09-25T09:05:40Z,200,application/json,3510398,15ed0a4613cb6d4f1d1c9ae6e36bbff24af31c61013f1271c590b3692d85dca4,"W/""35907e-qpsSePj5DFB7JWd3Aq3KIb9dvf0""",,changed,raw/apify.store.actors/2026/09/20260925T090540Z-15ed0a4613cb.json.gz,,"projected:userPictureUrl,pictureUrl,url"
apify.store.actors,https://api.apify.com/v2/store?limit=1000&offset=3000&category=LEAD_GENERATION,2026-09-25T09:05:42Z,200,application/json,3527897,6f06588b18248a0a10431e4bbf5eb5575e0086851ad8a288f130e55b5338b16a,"W/""35d4d9-JxTWrHrZXy92nQ1b9cXDyjJJgdw""",,changed,raw/apify.store.actors/2026/09/20260925T090542Z-6f06588b1824.json.gz,,"projected:userPictureUrl,pictureUrl,url"
apify.store.actors,https://api.apify.com/v2/store?limit=1000&offset=4000&category=LEAD_GENERATION,2026-09-25T09:05:45Z,200,application/json,2944351,2cdd78e411147d5574af31050b9dfb0a80dbe0040300efdd3edd4b2aef7d2afa,"W/""2ced5f-ZYy8cHEi2w4Fb+s5i3Rn3hkTsIA""",,changed,raw/apify.store.actors/2026/09/20260925T090545Z-2cdd78e41114.json.gz,,"projected:userPictureUrl,pictureUrl,url"
apify.store.actors,https://api.apify.com/v2/store?limit=1000&offset=5000&category=LEAD_GENERATION,2026-09-25T09:05:48Z,200,application/json,2969523,4b9fc1d645f2dd3713a71908ae8e427a2949bb967ed1fd9361ad0b21d85cf2a3,"W/""2d4fb3-bvQjlCIxKSohWcWBEYZRpO4Zvag""",,changed,raw/apify.store.actors/2026/09/20260925T090548Z-4b9fc1d645f2.json.gz,,"projected:userPictureUrl,pictureUrl,url"
apify.store.actors,https://api.apify.com/v2/store?limit=1000&offset=6000&category=LEAD_GENERATION,2026-09-25T09:05:51Z,200,application/json,3182997,ed20686a065e7e4af557f571fab9cde524d45930b5e65e0ace2c2e38f02e0171,"W/""309195-4659bJJ7HeC5LIRWTNn4FYkhpVA""",,changed,raw/apify.store.actors/2026/09/20260925T090551Z-ed20686a065e.json.gz,,"projected:userPictureUrl,pictureUrl,url"
apify.store.actors,https://api.apify.com/v2/store?limit=1000&offset=7000&category=LEAD_GENERATION,2026-09-25T09:05:53Z,200,application/json,3251257,1d980d2f1bdd7b5ed849fa04a587d18475967840024b2fdde899b203ea065652,"W/""319c39-/YDMRrQkuKc6tcEmN9V6ta3gZrw""",,changed,raw/apify.store.actors/2026/09/20260925T090553Z-1d980d2f1bdd.json.gz,,"projected:userPictureUrl,pictureUrl,url"
apify.store.actors,https://api.apify.com/v2/store?limit=1000&offset=8000&category=LEAD_GENERATION,2026-09-25T09:05:56Z,200,application/json,3197960,c71a2cc34c8660befc167d0c1fabb1af20cedeca4f12ee8953bf77dea884c211,"W/""30cc08-mZwCwiy1Wam4lOk/F3Hju1uudzc""",,changed,raw/apify.store.actors/2026/09/20260925T090556Z-c71a2cc34c86.json.gz,,"projected:userPictureUrl,pictureUrl,url"
apify.store.actors,https://api.apify.com/v2/store?limit=1000&offset=9000&category=LEAD_GENERATION,2026-09-25T09:05:59Z,200,application/json,3092209,8736ccfdcac17c8b35b474f6df080bcb5410092ed9c573142e9543f339e3d8c9,"W/""2f2ef1-GEc/yfABK4yrPUhYaqJ5SE0yGMo""",,changed,raw/apify.store.actors/2026/09/20260925T090559Z-8736ccfdcac1.json.gz,,"projected:userPictureUrl,pictureUrl,url"
apify.store.actors,https://api.apify.com/v2/store?limit=1000&offset=10000&category=LEAD_GENERATION,2026-09-25T09:06:01Z,200,application/json,3273946,29fb842f099d8a75990ef1ea0a6ec8e060e0091854c73e3050a58da4b753643c,"W/""31f4da-50bg6lamc+9SjIBFP2wm8qK3wxo""",,changed,raw/apify.store.actors/2026/09/20260925T090601Z-29fb842f099d.json.gz,,"projected:userPictureUrl,pictureUrl,url"
apify.store.actors,https://api.apify.com/v2/store?limit=1000&offset=11000&category=LEAD_GENERATION,2026-09-25T09:06:04Z,200,application/json,2790592,aff66bc0d0d67b9e85880d016fc71ca409266f70c1b7e6e709fd29046d5fae8e,"W/""2a94c0-40xY49WHMOa1pUFquTKPDvmKJZ0""",,changed,raw/apify.store.actors/2026/09/20260925T090604Z-aff66bc0d0d6.json.gz,,"projected:userPictureUrl,pictureUrl,url"
apify.store.actors,https://api.apify.com/v2/store?limit=1000&offset=12000&category=LEAD_GENERATION,2026-09-25T09:06:08Z,200,application/json,3073002,e03e1f92494efb7f49ac63dc84b4f242c3acacb6e460816f6c94db99634a2b98,"W/""2ee3ea-jGV87JcUHxn5mHWAVKfx1IqoUmg""",,changed,raw/apify.store.actors/2026/09/20260925T090608Z-e03e1f92494e.json.gz,,"projected:userPictureUrl,pictureUrl,url"
apify.store.actors,https://api.apify.com/v2/store?limit=1000&offset=13000&category=LEAD_GENERATION,2026-09-25T09:06:11Z,200,application/json,2627075,6a42aed8f81a56e69874744eb9a3f9722d733268e04b11c2c0f67d9d59bd0367,"W/""281603-v3mBwX0sl8KRI0+Mzvmr32fjv9s""",,changed,raw/apify.store.actors/2026/09/20260925T090611Z-6a42aed8f81a.json.gz,,"projected:userPictureUrl,pictureUrl,url"
apify.store.actors,https://api.apify.com/v2/store?limit=1000&offset=14000&category=LEAD_GENERATION,2026-09-25T09:06:14Z,200,application/json,2673481,9d23fbe0410dfa96fc1b9b010daada4c215db0dfe422c5c55419bf7570e08aff,"W/""28cb49-gs8d4bCkUexwSpFcDDEuOcSjo20""",,changed,raw/apify.store.actors/2026/09/20260925T090614Z-9d23fbe0410d.json.gz,,"projected:userPictureUrl,pictureUrl,url"
apify.store.actors,https://api.apify.com/v2/store?limit=1000&offset=15000&category=LEAD_GENERATION,2026-09-25T09:06:16Z,200,application/json,3075351,cdf78556b5e5b805f9f283b7e69e1796a199aac692af86b166fe446a6efe5cb2,"W/""2eed17-aSIYPQ5t4cr8pI3NqGUfL7jAFkc""",,changed,raw/apify.store.actors/2026/09/20260925T090616Z-cdf78556b5e5.json.gz,,"projected:userPictureUrl,pictureUrl,url"
apify.store.actors,https://api.apify.com/v2/store?limit=1000&offset=0&category=DEVELOPER_TOOLS,2026-09-25T09:06:19Z,200,application/json,3745249,c7c004516214632442734f02ca039e1b5a600aa38ef2267152d7d58ce6d4163f,"W/""3925e1-eKiL/fK1ThuBjlQ6QYzawGqJSng""",,changed,raw/apify.store.actors/2026/09/20260925T090619Z-c7c004516214.json.gz,,"projected:userPictureUrl,pictureUrl,url"
apify.store.actors,https://api.apify.com/v2/store?limit=1000&offset=1000&category=DEVELOPER_TOOLS,2026-09-25T09:06:22Z,200,application/json,3101841,f281655faf221665e5208b42b70e01d365bac507da41fb0c2408d9271f346335,"W/""2f5491-p55WbwukO1vlQ2Xau5UtqzSs4Ec""",,changed,raw/apify.store.actors/2026/09/20260925T090622Z-f281655faf22.json.gz,,"projected:userPictureUrl,pictureUrl,url"
apify.store.actors,https://api.apify.com/v2/store?limit=1000&offset=2000&category=DEVELOPER_TOOLS,2026-09-25T09:06:25Z,200,application/json,3494019,a648e03f362b60286dd725a2650665969b330e9eb8b551ca7b112b09774c88fd,"W/""355083-9gESOSwAwLPlnQP2oqhlgTXn1Nw""",,changed,raw/apify.store.actors/2026/09/20260925T090625Z-a648e03f362b.json.gz,,"projected:userPictureUrl,pictureUrl,url"
apify.store.actors,https://api.apify.com/v2/store?limit=1000&offset=3000&category=DEVELOPER_TOOLS,2026-09-25T09:06:27Z,200,application/json,2862217,c7611d588598e1168e45e4354a8506f68088143de158955b9b9c8d8b0f163a0e,"W/""2bac89-gFL+cHpg3pd7yfhJGJhcKNXMXN0""",,changed,raw/apify.store.actors/2026/09/20260925T090627Z-c7611d588598.json.gz,,"projected:userPictureUrl,pictureUrl,url"
apify.store.actors,https://api.apify.com/v2/store?limit=1000&offset=4000&category=DEVELOPER_TOOLS,2026-09-25T09:06:30Z,200,application/json,2945341,6b9fd6b57572a097d777f8a166d3f4a2512479c67a0e7da3b5f64e01b450567b,"W/""2cf13d-oY0LneuLdrbGsPHLDu6sIvXSc68""",,changed,raw/apify.store.actors/2026/09/20260925T090630Z-6b9fd6b57572.json.gz,,"projected:userPictureUrl,pictureUrl,url"
apify.store.actors,https://api.apify.com/v2/store?limit=1000&offset=5000&category=DEVELOPER_TOOLS,2026-09-25T09:06:32Z,200,application/json,2982778,03cb903c82ad37933ca63eb072e2650b328b7205052aa798669ae19fb72fc229,"W/""2d837a-TumS+nSr5MhsQr6HncyFefcPcyk""",,changed,raw/apify.store.actors/2026/09/20260925T090632Z-03cb903c82ad.json.gz,,"projected:userPictureUrl,pictureUrl,url"
apify.store.actors,https://api.apify.com/v2/store?limit=1000&offset=6000&category=DEVELOPER_TOOLS,2026-09-25T09:06:35Z,200,application/json,3036373,0fa3edcd0756b8d332de999215c31ba0eb1451925649ed9a5721290eda0e0849,"W/""2e54d5-0ez6EV5GHDJ3GbzPJb70CdGAyb0""",,changed,raw/apify.store.actors/2026/09/20260925T090635Z-0fa3edcd0756.json.gz,,"projected:userPictureUrl,pictureUrl,url"
apify.store.actors,https://api.apify.com/v2/store?limit=1000&offset=7000&category=DEVELOPER_TOOLS,2026-09-25T09:06:38Z,200,application/json,3043868,ed9f1038a95bfeea0f1319eb4b3b091e355ad6c37e1a70765a3a8ea01cebe432,"W/""2e721c-HTORe4v/VEzdrCv1P1kUHXnlwyU""",,changed,raw/apify.store.actors/2026/09/20260925T090638Z-ed9f1038a95b.json.gz,,"projected:userPictureUrl,pictureUrl,url"
apify.store.actors,https://api.apify.com/v2/store?limit=1000&offset=8000&category=DEVELOPER_TOOLS,2026-09-25T09:06:40Z,200,application/json,2768577,ddd5e26ef7194fe90a9e6d5a9218e399b1c33322a94dfe7d396ecb33c3fd4a8e,"W/""2a3ec1-WsU5t5NWF10l97RD78/tq/rcbSE""",,changed,raw/apify.store.actors/2026/09/20260925T090640Z-ddd5e26ef719.json.gz,,"projected:userPictureUrl,pictureUrl,url"
apify.store.actors,https://api.apify.com/v2/store?limit=1000&offset=9000&category=DEVELOPER_TOOLS,2026-09-25T09:06:43Z,200,application/json,2869247,1ff01df4cc802a26978bca818f0ec5ea4ef893aa9aa1b4e3d709c0e1e0fd85b6,"W/""2bc7ff-TUu0UyW1WCGrfa8NeMf7wuVpyb8""",,changed,raw/apify.store.actors/2026/09/20260925T090643Z-1ff01df4cc80.json.gz,,"projected:userPictureUrl,pictureUrl,url"
apify.store.actors,https://api.apify.com/v2/store?limit=1000&offset=10000&category=DEVELOPER_TOOLS,2026-09-25T09:06:45Z,200,application/json,2721681,4821e8bc4080bc530193d307a45f7adb40316229bbcc459e82708f89cda02842,"W/""298791-2zNl6GNPawds9pQwPaIoe7aRjAA""",,changed,raw/apify.store.actors/2026/09/20260925T090645Z-4821e8bc4080.json.gz,,"projected:userPictureUrl,pictureUrl,url"
apify.store.actors,https://api.apify.com/v2/store?limit=1000&offset=11000&category=DEVELOPER_TOOLS,2026-09-25T09:06:47Z,200,application/json,2682213,74af9293240087bf7c462dbbc9d3548062aec42410033d8d56f4e8e32493e54c,"W/""28ed65-calLYdsJa+jm/19D7vo8stdunL0""",,changed,raw/apify.store.actors/2026/09/20260925T090647Z-74af92932400.json.gz,,"projected:userPictureUrl,pictureUrl,url"
apify.store.actors,https://api.apify.com/v2/store?limit=1000&offset=12000&category=DEVELOPER_TOOLS,2026-09-25T09:06:50Z,200,application/json,2681791,37ba03bc6a83984ae3eeac9d2b3139a3c789e493297cdc19b74b0d21de6f78de,"W/""28ebbf-Ry7VmKcUNzwcw2xKYpPObKlEOb8""",,changed,raw/apify.store.actors/2026/09/20260925T090650Z-37ba03bc6a83.json.gz,,"projected:userPictureUrl,pictureUrl,url"
apify.store.actors,https://api.apify.com/v2/store?limit=1000&offset=13000&category=DEVELOPER_TOOLS,2026-09-25T09:06:53Z,200,application/json,2568061,febf825f6e92e961b766106be55b02d693bc391a20e280f2b197f02b47b93219,"W/""272f7d-VQo/6gVkDeqCWhXeCxNkrYM54Dw""",,changed,raw/apify.store.actors/2026/09/20260925T090653Z-febf825f6e92.json.gz,,"projected:userPictureUrl,pictureUrl,url"
apify.store.actors,https://api.apify.com/v2/store?limit=1000&offset=14000&category=DEVELOPER_TOOLS,2026-09-25T09:06:55Z,200,application/json,2322287,120d16fd58cf00c3ca2d20405f4b69feeee628855aa6458afc9bf5c2e9ba3673,"W/""236f6f-rfXLXFuycnZXlUyVxIakI5mn+ys""",,changed,raw/apify.store.actors/2026/09/20260925T090655Z-120d16fd58cf.json.gz,,"projected:userPictureUrl,pictureUrl,url"
apify.store.actors,https://api.apify.com/v2/store?limit=1000&offset=15000&category=DEVELOPER_TOOLS,2026-09-25T09:06:57Z,200,application/json,3042405,fde9d583e33b7f1ee069cda0bec0507f46ee02f2d731af1e05d38b1804dfc3c2,"W/""2e6c65-slmiFW89iSsMToAW1+fS5CqbmT8""",,changed,raw/apify.store.actors/2026/09/20260925T090657Z-fde9d583e33b.json.gz,,"projected:userPictureUrl,pictureUrl,url"
apify.store.actors,https://api.apify.com/v2/store?limit=1000&offset=0&category=SOCIAL_MEDIA,2026-09-25T09:07:00Z,200,application/json,3910564,e3e633f4f887ee9084551a63263f1a76bb07f192ce929dbaa1ee145f8d7b8c5d,"W/""3baba4-5VyzXDVlFOC7kzd3J/xg8INrhOc""",,changed,raw/apify.store.actors/2026/09/20260925T090700Z-e3e633f4f887.json.gz,,"projected:userPictureUrl,pictureUrl,url"
apify.store.actors,https://api.apify.com/v2/store?limit=1000&offset=1000&category=SOCIAL_MEDIA,2026-09-25T09:07:03Z,200,application/json,3395942,4d1ebd7b3e61435c1e267cba6e88203a8cebe8932cc4dc687d4321939ff2df57,"W/""33d166-9rPI/Ekz5X0bLtGHssH7L3Gxibk""",,changed,raw/apify.store.actors/2026/09/20260925T090703Z-4d1ebd7b3e61.json.gz,,"projected:userPictureUrl,pictureUrl,url"
apify.store.actors,https://api.apify.com/v2/store?limit=1000&offset=2000&category=SOCIAL_MEDIA,2026-09-25T09:07:06Z,200,application/json,3136891,50d70803fd0dfecc548e80fb4f66b34658467f4979dab8fae2b16ac6bc355ab7,"W/""2fdd7b-kBGEq5VVQCZ456iYiL1dIsk+v+0""",,changed,raw/apify.store.actors/2026/09/20260925T090706Z-50d70803fd0d.json.gz,,"projected:userPictureUrl,pictureUrl,url"
apify.store.actors,https://api.apify.com/v2/store?limit=1000&offset=3000&category=SOCIAL_MEDIA,2026-09-25T09:07:08Z,200,application/json,2682643,2d47a46f8605b2fab0c17c51fac53d5a0d7c7fbb98acf672a19a87885424b4c1,"W/""28ef13-luDGwTm/bjEBXIfbaQgPShGTw98""",,changed,raw/apify.store.actors/2026/09/20260925T090708Z-2d47a46f8605.json.gz,,"projected:userPictureUrl,pictureUrl,url"
apify.store.actors,https://api.apify.com/v2/store?limit=1000&offset=4000&category=SOCIAL_MEDIA,2026-09-25T09:07:11Z,200,application/json,2961480,2d20d1e21714c319833ffffcd74768237a8e34e83870da8875ea3abf7df1ccfb,"W/""2d3048-6WGoOS98w3GJKZKNyxdemXrDRR8""",,changed,raw/apify.store.actors/2026/09/20260925T090711Z-2d20d1e21714.json.gz,,"projected:userPictureUrl,pictureUrl,url"
apify.store.actors,https://api.apify.com/v2/store?limit=1000&offset=5000&category=SOCIAL_MEDIA,2026-09-25T09:07:14Z,200,application/json,2959436,b3a792b33591a3ea67b78b5e9a51b5b041b5c23e85648adb05d4e52cfa2d4dd9,"W/""2d284c-s7BqTM/2z7vG1Mq0E32Dki2LQCM""",,changed,raw/apify.store.actors/2026/09/20260925T090714Z-b3a792b33591.json.gz,,"projected:userPictureUrl,pictureUrl,url"
apify.store.actors,https://api.apify.com/v2/store?limit=1000&offset=6000&category=SOCIAL_MEDIA,2026-09-25T09:07:17Z,200,application/json,3035555,18724aa902e8f9a27d0a2552fa72649f261aa324f5ee82f4b2f9493915447c36,"W/""2e51a3-KvEkhedFeHkkKqPzWx2NXPqs8fU""",,changed,raw/apify.store.actors/2026/09/20260925T090717Z-18724aa902e8.json.gz,,"projected:userPictureUrl,pictureUrl,url"
apify.store.actors,https://api.apify.com/v2/store?limit=1000&offset=7000&category=SOCIAL_MEDIA,2026-09-25T09:07:19Z,200,application/json,2714621,b0cb9a374778411670ffe91364848806cde9d2c22860a9e07c5369e810242ebc,"W/""296bfd-0tS44cHcsZX5dnaAKxGwT0pPVOY""",,changed,raw/apify.store.actors/2026/09/20260925T090719Z-b0cb9a374778.json.gz,,"projected:userPictureUrl,pictureUrl,url"
apify.store.actors,https://api.apify.com/v2/store?limit=1000&offset=8000&category=SOCIAL_MEDIA,2026-09-25T09:07:21Z,200,application/json,3184220,0536f1bfaa5ee51dbb35e504b9e520af0c853c29bde76cd0e090465552fd8c28,"W/""30965c-eNxUEpHOpSXD3dC6cmfv0ZoXF2w""",,changed,raw/apify.store.actors/2026/09/20260925T090721Z-0536f1bfaa5e.json.gz,,"projected:userPictureUrl,pictureUrl,url"
apify.store.actors,https://api.apify.com/v2/store?limit=1000&offset=9000&category=SOCIAL_MEDIA,2026-09-25T09:07:24Z,200,application/json,3025670,540f03c9962c86f5f8d1e32097bec6e0ea2c022e06d52eea9289469fc58d9fee,"W/""2e2b06-L/QHvcZ5w1hTJEiuyS0/y8Hzpfg""",,changed,raw/apify.store.actors/2026/09/20260925T090724Z-540f03c9962c.json.gz,,"projected:userPictureUrl,pictureUrl,url"
apify.store.actors,https://api.apify.com/v2/store?limit=1000&offset=10000&category=SOCIAL_MEDIA,2026-09-25T09:07:26Z,200,application/json,773523,7a854870faeb675a0c2d9fa8c22bb2c45934b85666eb3c242e243ce581a262f5,"W/""bcd93-BDku+/GUBmrWSy1ud/2rkLEa/wY""",,changed,raw/apify.store.actors/2026/09/20260925T090726Z-7a854870faeb.json.gz,,"projected:userPictureUrl,pictureUrl,url"
apify.store.actors,https://api.apify.com/v2/store?limit=1000&offset=0&category=ECOMMERCE,2026-09-25T09:07:28Z,200,application/json,3711897,50b68b8268f391008f6d97459c196030833fa1e71802820e978d7e14c47b5d9a,"W/""38a399-TTlAXEQrGDhjjbLjaOS59Wek9cU""",,changed,raw/apify.store.actors/2026/09/20260925T090728Z-50b68b8268f3.json.gz,,"projected:userPictureUrl,pictureUrl,url"
apify.store.actors,https://api.apify.com/v2/store?limit=1000&offset=1000&category=ECOMMERCE,2026-09-25T09:07:31Z,200,application/json,3428658,9925020064c8f8a5830f3fd5b84fcb1baf23c13fd16c80832c4363b5fad2f7f1,"W/""345132-LJPZDwi/VRark6I55r5W6eIEJXU""",,changed,raw/apify.store.actors/2026/09/20260925T090731Z-9925020064c8.json.gz,,"projected:userPictureUrl,pictureUrl,url"
apify.store.actors,https://api.apify.com/v2/store?limit=1000&offset=2000&category=ECOMMERCE,2026-09-25T09:07:34Z,200,application/json,2756025,a12699a38539a3e412351dc41b2e3a12e21087bf27ea0641cd720e480586099c,"W/""2a0db9-ZgImC7YdvVeX2efHWvmNhXDnjFY""",,changed,raw/apify.store.actors/2026/09/20260925T090734Z-a12699a38539.json.gz,,"projected:userPictureUrl,pictureUrl,url"
apify.store.actors,https://api.apify.com/v2/store?limit=1000&offset=3000&category=ECOMMERCE,2026-09-25T09:07:37Z,200,application/json,2898142,554dbf435fdbaeed4bd3b57aca804f8046f7a9bebbc24485443bb0c0403bd153,"W/""2c38de-4uYHbrmI8hm2P/2yl99/plGzFgQ""",,changed,raw/apify.store.actors/2026/09/20260925T090737Z-554dbf435fdb.json.gz,,"projected:userPictureUrl,pictureUrl,url"
apify.store.actors,https://api.apify.com/v2/store?limit=1000&offset=4000&category=ECOMMERCE,2026-09-25T09:07:40Z,200,application/json,2461154,713092fdf66f9483d3ca3e768c8c5b77e729ac4e64c9817dad20891035914ce8,"W/""258de2-ldH4NWPgFMyO7PBMN6m4s5VrmLQ""",,changed,raw/apify.store.actors/2026/09/20260925T090740Z-713092fdf66f.json.gz,,"projected:userPictureUrl,pictureUrl,url"
apify.store.actors,https://api.apify.com/v2/store?limit=1000&offset=5000&category=ECOMMERCE,2026-09-25T09:07:42Z,200,application/json,2764431,61073f6b5056d7d2d0c7ace69c71f2077700b712b639d30ebde21e02c0715338,"W/""2a2e8f-aBVDwxm2TNH5jLZpLjoNfLuNTb0""",,changed,raw/apify.store.actors/2026/09/20260925T090742Z-61073f6b5056.json.gz,,"projected:userPictureUrl,pictureUrl,url"
apify.store.actors,https://api.apify.com/v2/store?limit=1000&offset=6000&category=ECOMMERCE,2026-09-25T09:07:45Z,200,application/json,3028448,6651e00bf8f4cfea59cec7ba6fe21a542d5cd28d51c5147fd537cd3ef93a0317,"W/""2e35e0-zJZVT08XKVbaSsXfzEfjBrbQEAw""",,changed,raw/apify.store.actors/2026/09/20260925T090745Z-6651e00bf8f4.json.gz,,"projected:userPictureUrl,pictureUrl,url"
apify.store.actors,https://api.apify.com/v2/store?limit=1000&offset=7000&category=ECOMMERCE,2026-09-25T09:07:47Z,200,application/json,2796742,68c040fce307c13eabe4f7bfee50a95ad41b194ad5b54b8858a492ffcadc6464,"W/""2aacc6-SdDszSsZqTCr/+/6Z48nYyfT0nU""",,changed,raw/apify.store.actors/2026/09/20260925T090747Z-68c040fce307.json.gz,,"projected:userPictureUrl,pictureUrl,url"
apify.store.actors,https://api.apify.com/v2/store?limit=1000&offset=8000&category=ECOMMERCE,2026-09-25T09:07:50Z,200,application/json,2694708,7a495d8f7a906274dd8a45fa6d85271a5ca17e6d17ea53343cc3dfc691918e06,"W/""291e34-UqBdMwcA05mnOKcSf1hxNNJ/PPI""",,changed,raw/apify.store.actors/2026/09/20260925T090750Z-7a495d8f7a90.json.gz,,"projected:userPictureUrl,pictureUrl,url"
apify.store.actors,https://api.apify.com/v2/store?limit=1000&offset=9000&category=ECOMMERCE,2026-09-25T09:07:52Z,200,application/json,3165575,5c7d2927f0719887448f6ca6f06d276cedd389080f717b78c4680475cc1cda95,"W/""304d87-xVmW8RJwKyYiXwU98iZRO8IOXNc""",,changed,raw/apify.store.actors/2026/09/20260925T090752Z-5c7d2927f071.json.gz,,"projected:userPictureUrl,pictureUrl,url"
apify.store.actors,https://api.apify.com/v2/store?limit=1000&offset=10000&category=ECOMMERCE,2026-09-25T09:07:55Z,200,application/json,2978517,5096fde32ca8eedd435655e863a10ea8e158596dc4db060618b13cdfe51ed961,"W/""2d72d5-WtcglkQaPppf2C/3U292928kPHo""",,changed,raw/apify.store.actors/2026/09/20260925T090755Z-5096fde32ca8.json.gz,,"projected:userPictureUrl,pictureUrl,url"
apify.store.actors,https://api.apify.com/v2/store?limit=1000&offset=11000&category=ECOMMERCE,2026-09-25T09:07:57Z,200,application/json,3173062,3148fb655ef7b4958f25f575c20e660a2b0681c27d33d58feeed3b3bb3050204,"W/""306ac6-2Ji1k1yanOPmlfEXJ0pXm/KjuQc""",,changed,raw/apify.store.actors/2026/09/20260925T090757Z-3148fb655ef7.json.gz,,"projected:userPictureUrl,pictureUrl,url"
apify.store.actors,https://api.apify.com/v2/store?limit=1000&offset=12000&category=ECOMMERCE,2026-09-25T09:08:00Z,200,application/json,2858817,365b02879a075c69d1a9340bc06f232bd24d42656f13e8fbc70b28cf7261b9f9,"W/""2b9f41-Gg/sqvqV3JavrZMTBUXD67wvpCc""",,changed,raw/apify.store.actors/2026/09/20260925T090800Z-365b02879a07.json.gz,,"projected:userPictureUrl,pictureUrl,url"
apify.store.actors,https://api.apify.com/v2/store?limit=1000&offset=13000&category=ECOMMERCE,2026-09-25T09:08:03Z,200,application/json,1009956,153355caf6be82d56a5853c41a8069d950ea2db464f18c11165884fdeebd5cd5,"W/""f6924-JreGCHfug4SpbExD5eGx0XzihA0""",,changed,raw/apify.store.actors/2026/09/20260925T090803Z-153355caf6be.json.gz,,"projected:userPictureUrl,pictureUrl,url"
apify.store.actors,https://api.apify.com/v2/store?limit=1000&offset=0&category=OTHER,2026-09-25T09:08:05Z,200,application/json,3467647,98460d8c154b91754ac36c9a3a9e73a8219bfd2adf7ab1aaa0f39bcaf96cb9d0,"W/""34e97f-URj+SdWh8tv6CUMxTUP15F1Z+/Y""",,changed,raw/apify.store.actors/2026/09/20260925T090805Z-98460d8c154b.json.gz,,"projected:userPictureUrl,pictureUrl,url"
apify.store.actors,https://api.apify.com/v2/store?limit=1000&offset=1000&category=OTHER,2026-09-25T09:08:08Z,200,application/json,2821852,e5574210a2b8930bb37e5dec55620f03ceca32d64aaacab268835dbc7d315fcf,"W/""2b0edc-aU2Qy17bToo/oYxUFLApD+JbZ00""",,changed,raw/apify.store.actors/2026/09/20260925T090808Z-e5574210a2b8.json.gz,,"projected:userPictureUrl,pictureUrl,url"
apify.store.actors,https://api.apify.com/v2/store?limit=1000&offset=2000&category=OTHER,2026-09-25T09:08:10Z,200,application/json,2962145,5c13c48b38963b1b9b784d3cee8b247e3e6d4d3e25ac92f308a034c74b5699fd,"W/""2d32e1-zcumWeFKjexnQA5+Nb14f+vjTC0""",,changed,raw/apify.store.actors/2026/09/20260925T090810Z-5c13c48b3896.json.gz,,"projected:userPictureUrl,pictureUrl,url"
apify.store.actors,https://api.apify.com/v2/store?limit=1000&offset=3000&category=OTHER,2026-09-25T09:08:13Z,200,application/json,3003118,35e2e1410a7899c8a6a7c1194e7f24712588c733a15fd88e62fc5c94467137bb,"W/""2dd2ee-eRN/NXyfoskED4gNmov8eQ5DBdQ""",,changed,raw/apify.store.actors/2026/09/20260925T090813Z-35e2e1410a78.json.gz,,"projected:userPictureUrl,pictureUrl,url"
apify.store.actors,https://api.apify.com/v2/store?limit=1000&offset=4000&category=OTHER,2026-09-25T09:08:16Z,200,application/json,3001672,48b890f2338da68ab241a56294decaf1198434c4c4495bdb7d6350ef7b66a43a,"W/""2dcd48-VrXjvMnbD24lA4LSHgiMs9dkIN0""",,changed,raw/apify.store.actors/2026/09/20260925T090816Z-48b890f2338d.json.gz,,"projected:userPictureUrl,pictureUrl,url"
apify.store.actors,https://api.apify.com/v2/store?limit=1000&offset=5000&category=OTHER,2026-09-25T09:08:18Z,200,application/json,3096974,51a0db3fb4849c18f3c17dbc53c766deb75c2c0caac402daed49bb5c0ada53eb,"W/""2f418e-6UEN4nxEHxu5SK227/NT2HzEeQg""",,changed,raw/apify.store.actors/2026/09/20260925T090818Z-51a0db3fb484.json.gz,,"projected:userPictureUrl,pictureUrl,url"
apify.store.actors,https://api.apify.com/v2/store?limit=1000&offset=6000&category=OTHER,2026-09-25T09:08:21Z,200,application/json,3214954,84785964b93ce47fa347126e45679580803a21eacc4e27d1257909e0eeb265ef,"W/""310e6a-SBHsFgwq5G2CnNPiFw4z1RNvaRs""",,changed,raw/apify.store.actors/2026/09/20260925T090821Z-84785964b93c.json.gz,,"projected:userPictureUrl,pictureUrl,url"
apify.store.actors,https://api.apify.com/v2/store?limit=1000&offset=7000&category=OTHER,2026-09-25T09:08:23Z,200,application/json,2175692,5a0bbe915adfecbb8c92b7c1db9ced70fd851ae0e37703fed1a94d6d00c40b94,"W/""2132cc-+WXmSpGJAdeVS3zBYcNuR2Kqgt4""",,changed,raw/apify.store.actors/2026/09/20260925T090823Z-5a0bbe915adf.json.gz,,"projected:userPictureUrl,pictureUrl,url"
apify.store.actors,https://api.apify.com/v2/store?limit=1000&offset=0&category=AI,2026-09-25T09:08:25Z,200,application/json,3412135,01f23a452265e8c8f322b28a3b45a4e9aafbd3938f4b8a4eecdf8c3122d20d92,"W/""3410a7-RME7VHDDouCZbGXBx9aj54y+D54""",,changed,raw/apify.store.actors/2026/09/20260925T090825Z-01f23a452265.json.gz,,"projected:userPictureUrl,pictureUrl,url"
apify.store.actors,https://api.apify.com/v2/store?limit=1000&offset=1000&category=AI,2026-09-25T09:08:28Z,200,application/json,2822648,3210cc4a2c5dbf55d48db0d2d415fa891f6e203d4144e3153d56e59e7c3c9a3e,"W/""2b11f8-lt9hWINRSKyu/hyMUOsCo81HmPE""",,changed,raw/apify.store.actors/2026/09/20260925T090828Z-3210cc4a2c5d.json.gz,,"projected:userPictureUrl,pictureUrl,url"
apify.store.actors,https://api.apify.com/v2/store?limit=1000&offset=2000&category=AI,2026-09-25T09:08:31Z,200,application/json,2483292,a8acfdd9150d3139d92dce4210cc09035db954a42bb2d8b837f4daf52e34c5cc,"W/""25e45c-zVu9/Y/zaMuTga1CdsGOwquxJf8""",,changed,raw/apify.store.actors/2026/09/20260925T090831Z-a8acfdd9150d.json.gz,,"projected:userPictureUrl,pictureUrl,url"
apify.store.actors,https://api.apify.com/v2/store?limit=1000&offset=3000&category=AI,2026-09-25T09:08:34Z,200,application/json,2527508,5ee07e78e58e66962a5f20fd8933000c697824e725a1b53b9706a2dcee246910,"W/""269114-8AQkabZMRYpmBCPXeiIo6ebQygU""",,changed,raw/apify.store.actors/2026/09/20260925T090834Z-5ee07e78e58e.json.gz,,"projected:userPictureUrl,pictureUrl,url"
apify.store.actors,https://api.apify.com/v2/store?limit=1000&offset=4000&category=AI,2026-09-25T09:08:36Z,200,application/json,2312781,a55a3f39f10719d65a5bb5cdd89f30ff7bc247418480774123890fe7b3382e69,"W/""234a4d-vorYgeR6oD9+OzcPPx7BI++vxwQ""",,changed,raw/apify.store.actors/2026/09/20260925T090836Z-a55a3f39f107.json.gz,,"projected:userPictureUrl,pictureUrl,url"
apify.store.actors,https://api.apify.com/v2/store?limit=1000&offset=5000&category=AI,2026-09-25T09:08:39Z,200,application/json,2267880,e190687b6b625aa9978d51ee10ad7433d287b89c9c6e7b07db849a5d6ea60f9c,"W/""229ae8-EwoTK12SQk8agTPOjzZL95YmIco""",,changed,raw/apify.store.actors/2026/09/20260925T090839Z-e190687b6b62.json.gz,,"projected:userPictureUrl,pictureUrl,url"
apify.store.actors,https://api.apify.com/v2/store?limit=1000&offset=6000&category=AI,2026-09-25T09:08:41Z,200,application/json,2679288,a57f7e9de80c004b2a948eb613196c4a1bdd865493690c436dd2a779c1152f66,"W/""28e1f8-3SKcBGWS+lBicOAsEdzMTGujZyo""",,changed,raw/apify.store.actors/2026/09/20260925T090841Z-a57f7e9de80c.json.gz,,"projected:userPictureUrl,pictureUrl,url"
apify.store.actors,https://api.apify.com/v2/store?limit=1000&offset=7000&category=AI,2026-09-25T09:08:44Z,200,application/json,2651679,d6a9c5e8ac2c32dc9f28ccbeda18f98dd0e56ee550613ae3fdc94493c72a0fce,"W/""28761f-AuWJuaz2v8QREFEuoiSwhRRfZ4k""",,changed,raw/apify.store.actors/2026/09/20260925T090844Z-d6a9c5e8ac2c.json.gz,,"projected:userPictureUrl,pictureUrl,url"
apify.store.actors,https://api.apify.com/v2/store?limit=1000&offset=8000&category=AI,2026-09-25T09:08:47Z,200,application/json,2178807,cfc314c9d5a52dabf1384c8b36bbf9ef37c3d523a3c4b6ef5c270b74468d1cad,"W/""213ef7-rpMVqQ1+fS3MKXMNNpPx8yWtHmg""",,changed,raw/apify.store.actors/2026/09/20260925T090847Z-cfc314c9d5a5.json.gz,,"projected:userPictureUrl,pictureUrl,url"
apify.store.actors,https://api.apify.com/v2/store?limit=1000&offset=0&category=JOBS,2026-09-25T09:08:49Z,200,application/json,3327836,17b3bde185be77b44c7799ad59ca118cf2529313030d65c6d68e6d43a40ab80c,"W/""32c75c-xUrNtk3so1LpVPr0kjBM3jVOyYs""",,changed,raw/apify.store.actors/2026/09/20260925T090849Z-17b3bde185be.json.gz,,"projected:userPictureUrl,pictureUrl,url"
apify.store.actors,https://api.apify.com/v2/store?limit=1000&offset=1000&category=JOBS,2026-09-25T09:08:52Z,200,application/json,3093396,40cf5bffbb03afbf191a17983ef17e69519b4e03136a1d9ffbc42547e58a144e,"W/""2f3394-h8Mo43kWDTpuEz/75XdLNQUixAA""",,changed,raw/apify.store.actors/2026/09/20260925T090852Z-40cf5bffbb03.json.gz,,"projected:userPictureUrl,pictureUrl,url"
apify.store.actors,https://api.apify.com/v2/store?limit=1000&offset=2000&category=JOBS,2026-09-25T09:08:54Z,200,application/json,2968040,2aaa793e2d1eb60b3bfd644713d01b0b64aea6e3d0910070a74ff179ccfd12cb,"W/""2d49e8-R+bbQ2rOwX3U2Dn1kgMZhK3mMqI""",,changed,raw/apify.store.actors/2026/09/20260925T090854Z-2aaa793e2d1e.json.gz,,"projected:userPictureUrl,pictureUrl,url"
apify.store.actors,https://api.apify.com/v2/store?limit=1000&offset=3000&category=JOBS,2026-09-25T09:08:57Z,200,application/json,2754568,d7b048c5c83b1ad827a9d55f7426ecd28ebd1569466e902b839c827c0971d570,"W/""2a0808-U24UQvSnrsudf1dxcv+tSm1OGh0""",,changed,raw/apify.store.actors/2026/09/20260925T090857Z-d7b048c5c83b.json.gz,,"projected:userPictureUrl,pictureUrl,url"
apify.store.actors,https://api.apify.com/v2/store?limit=1000&offset=4000&category=JOBS,2026-09-25T09:09:00Z,200,application/json,2999928,71b3e463a522460c6ab6933e2c906d958c8d02a2db5e3c79f7149965a62bbbcd,"W/""2dc678-PZYr4oFkF8EOfnat8Ckm4jlPnSY""",,changed,raw/apify.store.actors/2026/09/20260925T090900Z-71b3e463a522.json.gz,,"projected:userPictureUrl,pictureUrl,url"
apify.store.actors,https://api.apify.com/v2/store?limit=1000&offset=5000&category=JOBS,2026-09-25T09:09:02Z,200,application/json,3062393,a98f8634a53da54b6fc371a125e2fcd7760a18d3c41ba8e95cc6ae1490550599,"W/""2eba79-WlWJ3G03FEq8iAtTLUCcRQbzORg""",,changed,raw/apify.store.actors/2026/09/20260925T090902Z-a98f8634a53d.json.gz,,"projected:userPictureUrl,pictureUrl,url"
apify.store.actors,https://api.apify.com/v2/store?limit=1000&offset=6000&category=JOBS,2026-09-25T09:09:05Z,200,application/json,798425,3c961b822e03fa216cae417c42c04b59448c236ac8e33e3d7668fa2e74529502,"W/""c2ed9-eca0NnVpQElp8fvNkLRmPSOK8Nk""",,changed,raw/apify.store.actors/2026/09/20260925T090905Z-3c961b822e03.json.gz,,"projected:userPictureUrl,pictureUrl,url"
apify.store.actors,https://api.apify.com/v2/store?limit=1000&offset=0&category=REAL_ESTATE,2026-09-25T09:09:07Z,200,application/json,3680652,73da9770c00d2a7bd5b562a83173b487045d329c3608bae79e5a42f6006db9da,"W/""38298c-wVkN8zh909iO3BeswhvmQaonNNY""",,changed,raw/apify.store.actors/2026/09/20260925T090907Z-73da9770c00d.json.gz,,"projected:userPictureUrl,pictureUrl,url"
apify.store.actors,https://api.apify.com/v2/store?limit=1000&offset=1000&category=REAL_ESTATE,2026-09-25T09:09:10Z,200,application/json,3335515,79e810885ec7cb8141610b1331182e43111d997c1a926e1068086be097ebdcce,"W/""32e55b-g94h2017pxYbhTH+m7nz1hqBuZg""",,changed,raw/apify.store.actors/2026/09/20260925T090910Z-79e810885ec7.json.gz,,"projected:userPictureUrl,pictureUrl,url"
apify.store.actors,https://api.apify.com/v2/store?limit=1000&offset=2000&category=REAL_ESTATE,2026-09-25T09:09:13Z,200,application/json,3104193,ea832825fbe6e0810d239d8e64510f9adff68f01c05a1a977e1f23ab360b1d29,"W/""2f5dc1-+oCVLWz68J1O3sEhPQkYhJTfkZI""",,changed,raw/apify.store.actors/2026/09/20260925T090913Z-ea832825fbe6.json.gz,,"projected:userPictureUrl,pictureUrl,url"
apify.store.actors,https://api.apify.com/v2/store?limit=1000&offset=3000&category=REAL_ESTATE,2026-09-25T09:09:15Z,200,application/json,3357695,bf4309370cb44be368e667c6dc5f41fc1179944f28c535321dbccafaf856e5da,"W/""333bff-hbuMcmEGxFiGfYowsnhvq2vJAmI""",,changed,raw/apify.store.actors/2026/09/20260925T090915Z-bf4309370cb4.json.gz,,"projected:userPictureUrl,pictureUrl,url"
apify.store.actors,https://api.apify.com/v2/store?limit=1000&offset=4000&category=REAL_ESTATE,2026-09-25T09:09:18Z,200,application/json,2865462,65e75081266139efbcc4ac020f88efab05b9e08d6efaa6067a4c827527b27cae,"W/""2bb936-f2gcEq0t2xh9peOktf748rRG2zI""",,changed,raw/apify.store.actors/2026/09/20260925T090918Z-65e750812661.json.gz,,"projected:userPictureUrl,pictureUrl,url"
apify.store.actors,https://api.apify.com/v2/store?limit=1000&offset=0&category=BUSINESS,2026-09-25T09:09:20Z,200,application/json,3704594,e08bafff0c412ee69d86050c75163eef22e207213989f2abafb831a27171e941,"W/""388712-U5BvgevrtyZTFT0+0MNQ5aFPCFw""",,changed,raw/apify.store.actors/2026/09/20260925T090920Z-e08bafff0c41.json.gz,,"projected:userPictureUrl,pictureUrl,url"
apify.store.actors,https://api.apify.com/v2/store?limit=1000&offset=1000&category=BUSINESS,2026-09-25T09:09:23Z,200,application/json,2948849,44a5c130c40122ec4b9389a106f1d87d00ac53cacf1934d5c204c778c3b02d0e,"W/""2cfef1-5BYcAY3bSdKbuDpc1IetjU+z2JM""",,changed,raw/apify.store.actors/2026/09/20260925T090923Z-44a5c130c401.json.gz,,"projected:userPictureUrl,pictureUrl,url"
apify.store.actors,https://api.apify.com/v2/store?limit=1000&offset=2000&category=BUSINESS,2026-09-25T09:09:25Z,200,application/json,3028500,4eb2cdc1435b932dee3b2dd39bd884bf29c1aa9580907fb9c1e3a288fde1c186,"W/""2e3614-NXSCDiejG2h7bDqdWOAZs7+Lum0""",,changed,raw/apify.store.actors/2026/09/20260925T090925Z-4eb2cdc1435b.json.gz,,"projected:userPictureUrl,pictureUrl,url"
apify.store.actors,https://api.apify.com/v2/store?limit=1000&offset=3000&category=BUSINESS,2026-09-25T09:09:28Z,200,application/json,3183403,2a0695d7ef226346c04bfe2b9965fe30594c5126d0bc355d19be3a1ba99fd44b,"W/""30932b-4VhZI0keBBeTyMt1AXD8O6zAJlk""",,changed,raw/apify.store.actors/2026/09/20260925T090928Z-2a0695d7ef22.json.gz,,"projected:userPictureUrl,pictureUrl,url"
apify.store.actors,https://api.apify.com/v2/store?limit=1000&offset=4000&category=BUSINESS,2026-09-25T09:09:30Z,200,application/json,2863103,e9e9a58c33576d2a08a31d543b569bc059bcbc1c0ba6013a302c63642e20ed08,"W/""2bafff-zUnMgmeSObDXR02mYyNIiLYmSw0""",,changed,raw/apify.store.actors/2026/09/20260925T090930Z-e9e9a58c3357.json.gz,,"projected:userPictureUrl,pictureUrl,url"
apify.store.actors,https://api.apify.com/v2/store?limit=1000&offset=5000&category=BUSINESS,2026-09-25T09:09:33Z,200,application/json,3183602,390967dd8903ea4a3bfc8c102fb578f2d2c0b15c2727fff10254078e1e4f5400,"W/""3093f2-iDbszj3gf5nHfGpHwgOmHc3X9W4""",,changed,raw/apify.store.actors/2026/09/20260925T090933Z-390967dd8903.json.gz,,"projected:userPictureUrl,pictureUrl,url"
apify.store.actors,https://api.apify.com/v2/store?limit=1000&offset=6000&category=BUSINESS,2026-09-25T09:09:36Z,200,application/json,3215123,dbcbaf4b6fd0b3bb5a6cd8f1a7f8c8172ff9faa9ed8cf48595a9fddb78991cdc,"W/""310f13-8TLOYvHgn0H+D7SZSUKgd8Z61ig""",,changed,raw/apify.store.actors/2026/09/20260925T090936Z-dbcbaf4b6fd0.json.gz,,"projected:userPictureUrl,pictureUrl,url"
apify.store.actors,https://api.apify.com/v2/store?limit=1000&offset=7000&category=BUSINESS,2026-09-25T09:09:38Z,200,application/json,2270179,077b9905c1ab12fbc008b0797ecbcbfdf98484a3fcd227d18e67bef916291b9d,"W/""22a3e3-OVIRDUmxhR4agkrn4+agfh3tQh0""",,changed,raw/apify.store.actors/2026/09/20260925T090938Z-077b9905c1ab.json.gz,,"projected:userPictureUrl,pictureUrl,url"
apify.store.actors,https://api.apify.com/v2/store?limit=1000&offset=0&category=SEO_TOOLS,2026-09-25T09:09:41Z,200,application/json,3302596,901a3d2c2d9739183cb479b4ed20372a365af9ce7889b6fb8114f9144de3ebe5,"W/""3264c4-pbOo58cVmzUgVsHrUSBpJqsULpI""",,changed,raw/apify.store.actors/2026/09/20260925T090941Z-901a3d2c2d97.json.gz,,"projected:userPictureUrl,pictureUrl,url"
apify.store.actors,https://api.apify.com/v2/store?limit=1000&offset=1000&category=SEO_TOOLS,2026-09-25T09:09:44Z,200,application/json,2979059,d4179cf86a7d793768d067b06688d4ff078ffee7a0e149f40f735c4428f16645,"W/""2d74f3-XGHiAe45pLB6eO6674plto01b3s""",,changed,raw/apify.store.actors/2026/09/20260925T090944Z-d4179cf86a7d.json.gz,,"projected:userPictureUrl,pictureUrl,url"
apify.store.actors,https://api.apify.com/v2/store?limit=1000&offset=2000&category=SEO_TOOLS,2026-09-25T09:09:47Z,200,application/json,2386831,1f90e2bd6a201e8fcb03f2e19c3aef232e4d12a844e81c2e1cb87fe72b0c1195,"W/""246b8f-FcxdzquaJu46RQu9UmAnH5bkcXM""",,changed,raw/apify.store.actors/2026/09/20260925T090947Z-1f90e2bd6a20.json.gz,,"projected:userPictureUrl,pictureUrl,url"
apify.store.actors,https://api.apify.com/v2/store?limit=1000&offset=3000&category=SEO_TOOLS,2026-09-25T09:09:49Z,200,application/json,2747733,daa76bc612e39dc78197bbd7fa3803c6d37aa1a110c06e8b1fc9aa0b776d7647,"W/""29ed55-T3Ex7Dbh3yBq7R6oahHOtaQ3s5o""",,changed,raw/apify.store.actors/2026/09/20260925T090949Z-daa76bc612e3.json.gz,,"projected:userPictureUrl,pictureUrl,url"
apify.store.actors,https://api.apify.com/v2/store?limit=1000&offset=4000&category=SEO_TOOLS,2026-09-25T09:09:52Z,200,application/json,610004,952cf41f0633fda65baeb4bf4e6ebfd42f72e9f8c60dca640c6dee67b77678da,"W/""94ed4-gBUXYqkfhntfWrZZ9PphuhJSlSA""",,changed,raw/apify.store.actors/2026/09/20260925T090952Z-952cf41f0633.json.gz,,"projected:userPictureUrl,pictureUrl,url"
apify.store.actors,https://api.apify.com/v2/store?limit=1000&offset=0&category=VIDEOS,2026-09-25T09:09:54Z,200,application/json,3094959,3781d514d7312653ee1f384f25d5bf9b3ea001d562820e10b575f430ff8ebfe2,"W/""2f39af-pYdGAVB8lqRCliGNtH7cRBr6nCA""",,changed,raw/apify.store.actors/2026/09/20260925T090954Z-3781d514d731.json.gz,,"projected:userPictureUrl,pictureUrl,url"
apify.store.actors,https://api.apify.com/v2/store?limit=1000&offset=1000&category=VIDEOS,2026-09-25T09:09:57Z,200,application/json,2864957,166f7998e9d8096e52a1ab395348333efd94313fe8aa4cb8471f193d7c37e4d4,"W/""2bb73d-GIjaWlgx4BNTOxnfZEl/pWXiEPg""",,changed,raw/apify.store.actors/2026/09/20260925T090957Z-166f7998e9d8.json.gz,,"projected:userPictureUrl,pictureUrl,url"
apify.store.actors,https://api.apify.com/v2/store?limit=1000&offset=2000&category=VIDEOS,2026-09-25T09:09:59Z,200,application/json,2754817,5860f4098faa706a3102418754e7edd692c8959494255af73f26b653f52b48b0,"W/""2a0901-8my6UGM8yZAVfOaH9kX8cGtwxO4""",,changed,raw/apify.store.actors/2026/09/20260925T090959Z-5860f4098faa.json.gz,,"projected:userPictureUrl,pictureUrl,url"
apify.store.actors,https://api.apify.com/v2/store?limit=1000&offset=3000&category=VIDEOS,2026-09-25T09:10:02Z,200,application/json,622235,eed098b0f9765b811055278e22500de4ad73b651416e7c0d000451698ad939ae,"W/""97e9b-ktwPSuDaS7TArticXXinaNj9q20""",,changed,raw/apify.store.actors/2026/09/20260925T091002Z-eed098b0f976.json.gz,,"projected:userPictureUrl,pictureUrl,url"
apify.store.actors,https://api.apify.com/v2/store?limit=1000&offset=0&category=AGENTS,2026-09-25T09:10:04Z,200,application/json,3239951,6f6173eeb5a748d9e38a014be06b66493478c690f25dd8b3e5ea2726b2e3e788,"W/""31700f-zjkJyR15gr8wdmKbOmxpC/RfQbI""",,changed,raw/apify.store.actors/2026/09/20260925T091004Z-6f6173eeb5a7.json.gz,,"projected:userPictureUrl,pictureUrl,url"
apify.store.actors,https://api.apify.com/v2/store?limit=1000&offset=1000&category=AGENTS,2026-09-25T09:10:07Z,200,application/json,2872213,9abd8da0b1eede8fd8aba9af064e4a0d721524d1a3a4d024552fc712517ecb8b,"W/""2bd395-Y9NjRO9mu5JYEJhgELTZD5qOWSk""",,changed,raw/apify.store.actors/2026/09/20260925T091007Z-9abd8da0b1ee.json.gz,,"projected:userPictureUrl,pictureUrl,url"
apify.store.actors,https://api.apify.com/v2/store?limit=1000&offset=2000&category=AGENTS,2026-09-25T09:10:10Z,200,application/json,2710285,f0127c4199e698c00583733aa2655fa463ef9a74f646f97fedd0eb436fd48132,"W/""295b0d-/xksXzB5w6wkAOrYzO1/JlFz37c""",,changed,raw/apify.store.actors/2026/09/20260925T091010Z-f0127c4199e6.json.gz,,"projected:userPictureUrl,pictureUrl,url"
apify.store.actors,https://api.apify.com/v2/store?limit=1000&offset=3000&category=AGENTS,2026-09-25T09:10:12Z,200,application/json,1721140,23507e92855f632e76ed38ec83fcb2fc507285e658eb8043484fc74bef26348d,"W/""1a4334-GWc6O3S5SS11pQ3ynQYsU38NWxc""",,changed,raw/apify.store.actors/2026/09/20260925T091012Z-23507e92855f.json.gz,,"projected:userPictureUrl,pictureUrl,url"
apify.store.actors,https://api.apify.com/v2/store?limit=1000&offset=0&category=INTEGRATIONS,2026-09-25T09:10:15Z,200,application/json,3125645,73c3457ffd98779482ea01dd0eda4f4b770d4fa36e5d86ca3598377aaa3535a2,"W/""2fb18d-PndIQ8v+K85RZavbU3Bxn5iH19Y""",,changed,raw/apify.store.actors/2026/09/20260925T091015Z-73c3457ffd98.json.gz,,"projected:userPictureUrl,pictureUrl,url"
apify.store.actors,https://api.apify.com/v2/store?limit=1000&offset=1000&category=INTEGRATIONS,2026-09-25T09:10:18Z,200,application/json,3147278,e4213a359444268235ca0258c032930c0c9fa835c22fba78e739d043779b84c5,"W/""30060e-SIFiFpipeVPxs8w9STU/XyE9cXA""",,changed,raw/apify.store.actors/2026/09/20260925T091018Z-e4213a359444.json.gz,,"projected:userPictureUrl,pictureUrl,url"
apify.store.actors,https://api.apify.com/v2/store?limit=1000&offset=2000&category=INTEGRATIONS,2026-09-25T09:10:20Z,200,application/json,3003090,dcaae07239ab7b254f9eebecb2d000fa1a6d2f4b43300d2144f12915c64cd85b,"W/""2dd2d2-ZD/sB020fc23aAzaMlc7sxFY8c0""",,changed,raw/apify.store.actors/2026/09/20260925T091020Z-dcaae07239ab.json.gz,,"projected:userPictureUrl,pictureUrl,url"
apify.store.actors,https://api.apify.com/v2/store?limit=1000&offset=0&category=NEWS,2026-09-25T09:10:23Z,200,application/json,3117641,6fd9f921c062d29facc6d8f5fcfce3ad52dbf61d8ae237457bad5ca1a21c3052,"W/""2f9249-y4W54bybhkZfsfie8WZNdmtlm9Y""",,changed,raw/apify.store.actors/2026/09/20260925T091023Z-6fd9f921c062.json.gz,,"projected:userPictureUrl,pictureUrl,url"
apify.store.actors,https://api.apify.com/v2/store?limit=1000&offset=1000&category=NEWS,2026-09-25T09:10:26Z,200,application/json,2972515,71e62bcfcf814cb962eb1a35c4f5cf1a72d967d35b4e42328a29e96ca9a5586a,"W/""2d5b63-M7PnKLQv6KaabhLo1gCtimN9w9o""",,changed,raw/apify.store.actors/2026/09/20260925T091026Z-71e62bcfcf81.json.gz,,"projected:userPictureUrl,pictureUrl,url"
apify.store.actors,https://api.apify.com/v2/store?limit=1000&offset=2000&category=NEWS,2026-09-25T09:10:29Z,200,application/json,2756971,e2ad7eeb94270b31d343d7b74856a4656af108642f5f7c7171f59dddd48157ed,"W/""2a116b-EGzbnfXVtla2wJ1VwhROTaBjVp0""",,changed,raw/apify.store.actors/2026/09/20260925T091029Z-e2ad7eeb9427.json.gz,,"projected:userPictureUrl,pictureUrl,url"
apify.store.actors,https://api.apify.com/v2/store?limit=1000&offset=3000&category=NEWS,2026-09-25T09:10:32Z,200,application/json,2314734,a531ba828d9687b857deca63c420e2875e2f01627fd1286688de2d8fb735d7e1,"W/""2351ee-YlbaOMLCl8r57IyXqB+D8MgsDdw""",,changed,raw/apify.store.actors/2026/09/20260925T091032Z-a531ba828d96.json.gz,,"projected:userPictureUrl,pictureUrl,url"
apify.store.actors,https://api.apify.com/v2/store?limit=1000&offset=0&category=TRAVEL,2026-09-25T09:10:33Z,200,application/json,3478167,643c6b6867b4b2bd66e95473e19f90994ba483847f0978f98469e61a2979645e,"W/""351297-bMQLDSh9Q+lb+Rm/gZOpdfOgGGo""",,changed,raw/apify.store.actors/2026/09/20260925T091033Z-643c6b6867b4.json.gz,,"projected:userPictureUrl,pictureUrl,url"
apify.store.actors,https://api.apify.com/v2/store?limit=1000&offset=1000&category=TRAVEL,2026-09-25T09:10:36Z,200,application/json,3106157,2fb139c2f2dd44e3b1f1c9a5ff9f818e12847ae81f8152114bcc28318aaf8dad,"W/""2f656d-CAXCEhhaLrAt1GeiTnZ7NtBYMOU""",,changed,raw/apify.store.actors/2026/09/20260925T091036Z-2fb139c2f2dd.json.gz,,"projected:userPictureUrl,pictureUrl,url"
apify.store.actors,https://api.apify.com/v2/store?limit=1000&offset=2000&category=TRAVEL,2026-09-25T09:10:39Z,200,application/json,1611243,61a9a94e8f714aacf01ab543be6a6a71fa14ac73be74440ee979ab7e56d7f8a5,"W/""1895eb-tMvDqawjPrvGgMuMGKHvrUtiN+U""",,changed,raw/apify.store.actors/2026/09/20260925T091039Z-61a9a94e8f71.json.gz,,"projected:userPictureUrl,pictureUrl,url"
apify.store.actors,https://api.apify.com/v2/store?limit=1000&offset=0&category=MCP_SERVERS,2026-09-25T09:10:41Z,200,application/json,3399519,22944a93e0afdf8e959bb9c051c6f901af7f3e23e5a36b4063f3bfbd0acb8073,"W/""33df5f-/hq0sGqLsv7jwgbfzMQq+VhFsPI""",,changed,raw/apify.store.actors/2026/09/20260925T091041Z-22944a93e0af.json.gz,,"projected:userPictureUrl,pictureUrl,url"
apify.store.actors,https://api.apify.com/v2/store?limit=1000&offset=1000&category=MCP_SERVERS,2026-09-25T09:10:44Z,200,application/json,3091839,8697e07bdab9fa84a07634f00ef9d3af3a554c7dc55962112cb06869b6ad5eca,"W/""2f2d7f-c5obUgEuTax5kRkVSsY1PdUJP+0""",,changed,raw/apify.store.actors/2026/09/20260925T091044Z-8697e07bdab9.json.gz,,"projected:userPictureUrl,pictureUrl,url"
apify.store.actors,https://api.apify.com/v2/store?limit=1000&offset=2000&category=MCP_SERVERS,2026-09-25T09:10:47Z,200,application/json,1309444,461889a31d1ad3050214c8bed46c5167d73f6aa9640d6bd8e9d62bb31b268b33,"W/""13fb04-5y5lLekw19QVwRy9AP/8h6uVf2A""",,changed,raw/apify.store.actors/2026/09/20260925T091047Z-461889a31d1a.json.gz,,"projected:userPictureUrl,pictureUrl,url"
apify.store.actors,https://api.apify.com/v2/store?limit=1000&offset=0&category=MARKETING,2026-09-25T09:10:50Z,200,application/json,3302781,fcb34068a9320e62fd7e719a1a23d9a832354931820b73c0fae359cba44fd203,"W/""32657d-0Mb/DcklSGSI/Z3iHf29cA2IIvs""",,changed,raw/apify.store.actors/2026/09/20260925T091050Z-fcb34068a932.json.gz,,"projected:userPictureUrl,pictureUrl,url"
apify.store.actors,https://api.apify.com/v2/store?limit=1000&offset=1000&category=MARKETING,2026-09-25T09:10:52Z,200,application/json,2932682,8ecddfbcf07c537de3ce707e4e74f25f799da071e00dd6e6e415892bcce18711,"W/""2cbfca-sG/A3no7fhd7dkLgz1CryTogs1s""",,changed,raw/apify.store.actors/2026/09/20260925T091052Z-8ecddfbcf07c.json.gz,,"projected:userPictureUrl,pictureUrl,url"
apify.store.actors,https://api.apify.com/v2/store?limit=1000&offset=2000&category=MARKETING,2026-09-25T09:10:56Z,200,application/json,573288,9a6a625f1aae7e64e54aa507554a4322db9b918408bf631d1167aefe8cbf376a,"W/""8bf68-U4a7B4G+XU6OAuGNoiP0pjuSXhc""",,changed,raw/apify.store.actors/2026/09/20260925T091056Z-9a6a625f1aae.json.gz,,"projected:userPictureUrl,pictureUrl,url"
apify.store.actors,https://api.apify.com/v2/store?limit=1000&offset=0&category=OPEN_SOURCE,2026-09-25T09:10:58Z,200,application/json,591667,2fbfab172c6f711670e91a4b6c290dc5b1085a61d9fee337465b3d27eb7829dd,"W/""90733-fYri976CCJoU1GTOKWGDOSKIX+M""",,changed,raw/apify.store.actors/2026/09/20260925T091058Z-2fbfab172c6f.json.gz,,"projected:userPictureUrl,pictureUrl,url"
apify.store.actors,https://api.apify.com/v2/store?limit=1000&offset=0&category=SPORTS,2026-09-25T09:11:01Z,200,application/json,991779,0bd7d42db129bd255b6e14e5f0622d8408c4b19cb7bd8a91c72e61d45140f318,"W/""f2223-qmof3RKyr0MK6YxKzLGvXqBGezc""",,changed,raw/apify.store.actors/2026/09/20260925T091101Z-0bd7d42db129.json.gz,,"projected:userPictureUrl,pictureUrl,url"
apify.store.actors,https://api.apify.com/v2/store?limit=1000&offset=0&category=FOR_CREATORS,2026-09-25T09:11:03Z,200,application/json,930147,5b0d3198ab865f449aa0e5f604e02140a5efda37ec29a0f0d53ec244b96a37b1,"W/""e3163-yJ9qpFVpXh4u648HcbkCNRWvQjo""",,changed,raw/apify.store.actors/2026/09/20260925T091103Z-5b0d3198ab86.json.gz,,"projected:userPictureUrl,pictureUrl,url"
apify.store.actors,https://api.apify.com/v2/store?limit=1000&offset=0&category=EDUCATION,2026-09-25T09:11:05Z,200,application/json,1290314,639c90d93ea020bb050c172503b92c04153b7f1fd3e2835d7b6312717e820f2c,"W/""13b04a-4FufvecFCEdfI3cAoz+VfToKc9s""",,changed,raw/apify.store.actors/2026/09/20260925T091105Z-639c90d93ea0.json.gz,,"projected:userPictureUrl,pictureUrl,url"
apify.store.actors,https://api.apify.com/v2/store?limit=1000&offset=0&category=GAMES,2026-09-25T09:11:08Z,200,application/json,335640,9e496d4f0e0514077adc1e745c3ac623192c4e86aa5eface7fb178c4dbb65a74,"W/""51f18-wjzXN1yu7rJ9BuP7E+dd52QPhEc""",,changed,raw/apify.store.actors/2026/09/20260925T091108Z-9e496d4f0e05.json.gz,,"projected:userPictureUrl,pictureUrl,url"
apify.store.actors,https://api.apify.com/v2/store?limit=1000&offset=0,2026-09-26T08:48:38Z,200,application/json,3987699,00e134f78867cc0718ec07f5afa38fa8fe4f3e25b61b286613afb1e533c5b5e5,"W/""3cd8f3-bLUNHjFZUAspzrDtMKyGYn6X7rk""",,changed,raw/apify.store.actors/2026/09/20260926T084838Z-00e134f78867.json.gz,,"projected:userPictureUrl,pictureUrl,url"
apify.store.actors,https://api.apify.com/v2/store?limit=1000&offset=1000,2026-09-26T08:48:42Z,200,application/json,3816484,214b3c04a35b93ffe82c823b72872b9ab76c0e11dcb16663724db607fcc846a6,"W/""3a3c24-E5p9Coo6/l+/A0o6bqFdpEZDR4M""",,changed,raw/apify.store.actors/2026/09/20260926T084842Z-214b3c04a35b.json.gz,,"projected:userPictureUrl,pictureUrl,url"
apify.store.actors,https://api.apify.com/v2/store?limit=1000&offset=2000,2026-09-26T08:48:45Z,200,application/json,3439165,a3d0e3b658b165a07dcaa1a142c21e2d95cd2622f3fda998ca205f540f89963f,"W/""347a3d-ky759Q2mAc6yYA9XXrh7NVDLFw8""",,changed,raw/apify.store.actors/2026/09/20260926T084845Z-a3d0e3b658b1.json.gz,,"projected:userPictureUrl,pictureUrl,url"
apify.store.actors,https://api.apify.com/v2/store?limit=1000&offset=3000,2026-09-26T08:48:48Z,200,application/json,3285097,f22769ec83301737e9839cdbf351c3d846f64f4cd8c30279d649873797490e7c,"W/""322069-PBXVdY2tmu00Ghna4SzPPSorvdk""",,changed,raw/apify.store.actors/2026/09/20260926T084848Z-f22769ec8330.json.gz,,"projected:userPictureUrl,pictureUrl,url"
apify.store.actors,https://api.apify.com/v2/store?limit=1000&offset=4000,2026-09-26T08:48:51Z,200,application/json,3357483,990f5a1f180fc329ffa41f3084414f8009104580c922edf0bd5da24deaf2af51,"W/""333b2b-YSYIspmWFsD3glWGfNqURo2tEVs""",,changed,raw/apify.store.actors/2026/09/20260926T084851Z-990f5a1f180f.json.gz,,"projected:userPictureUrl,pictureUrl,url"
apify.store.actors,https://api.apify.com/v2/store?limit=1000&offset=5000,2026-09-26T08:48:53Z,200,application/json,3575967,6326e0e568b157fa0526f76aa15ae7ef90c8838056d3fc20bc54e0ca29393e9f,"W/""36909f-NbrgAYMIe6mMbNG5Bln8qITJcRk""",,changed,raw/apify.store.actors/2026/09/20260926T084853Z-6326e0e568b1.json.gz,,"projected:userPictureUrl,pictureUrl,url"
apify.store.actors,https://api.apify.com/v2/store?limit=1000&offset=6000,2026-09-26T08:48:56Z,200,application/json,3519733,1ac2deff4bebef4131126b57087860b74e34ab9b64a1de4a57dba42dcc3d2f17,"W/""35b4f5-UMDPsZNHyPVUWVRJ42fXcSreMqY""",,changed,raw/apify.store.actors/2026/09/20260926T084856Z-1ac2deff4beb.json.gz,,"projected:userPictureUrl,pictureUrl,url"
apify.store.actors,https://api.apify.com/v2/store?limit=1000&offset=7000,2026-09-26T08:48:59Z,200,application/json,3503236,4ec408649231b24e78ebd492e2e1da46aa397496cf57194b5122d926a948b87b,"W/""357484-fc2BCMY3z+Cwt8o0ngLvowz3TEQ""",,changed,raw/apify.store.actors/2026/09/20260926T084859Z-4ec408649231.json.gz,,"projected:userPictureUrl,pictureUrl,url"
apify.store.actors,https://api.apify.com/v2/store?limit=1000&offset=8000,2026-09-26T08:49:01Z,200,application/json,3450722,01881f34b54b553e17fe3d421c09adf165f9c52cd4b856fbd89ac0b39cabf0c0,"W/""34a762-1C0cqTQSuyt9f26eEYYRYuIfJ94""",,changed,raw/apify.store.actors/2026/09/20260926T084901Z-01881f34b54b.json.gz,,"projected:userPictureUrl,pictureUrl,url"
apify.store.actors,https://api.apify.com/v2/store?limit=1000&offset=9000,2026-09-26T08:49:04Z,200,application/json,3524933,5c14154d24fba4cdf1a92d38b04850a432ab27e4e0ee65798618abe1a1e43e0c,"W/""35c945-3PHt/rHk2OAqwjFUJnW+xl7gXfw""",,changed,raw/apify.store.actors/2026/09/20260926T084904Z-5c14154d24fb.json.gz,,"projected:userPictureUrl,pictureUrl,url"
apify.store.actors,https://api.apify.com/v2/store?limit=1000&offset=10000,2026-09-26T08:49:07Z,200,application/json,3247333,e0c3f9b0345c22ff15b36c09d090fa463e9267e3336904c6e583bca12ff871e1,"W/""318ce5-OfSBM64UgXH5YvpxwA2oVUaWkuU""",,changed,raw/apify.store.actors/2026/09/20260926T084907Z-e0c3f9b0345c.json.gz,,"projected:userPictureUrl,pictureUrl,url"
apify.store.actors,https://api.apify.com/v2/store?limit=1000&offset=11000,2026-09-26T08:49:09Z,200,application/json,2289882,526598a30b3683adc6a6cabb03994ee2103a9b89116762a626dec32cbc797c4c,"W/""22f0da-FgTpzrCm3mOsVOqVW8ZyPzzSXp0""",,changed,raw/apify.store.actors/2026/09/20260926T084909Z-526598a30b36.json.gz,,"projected:userPictureUrl,pictureUrl,url"
apify.store.actors,https://api.apify.com/v2/store?limit=1000&offset=12000,2026-09-26T08:49:12Z,200,application/json,2616181,73dbec7c7fd3cc40ab41a76b8968fbb8610baaceb1b71be9392bd9e4a6102c30,"W/""27eb75-qO76tOk6cy/c8Q75QGInQQZa+xw""",,changed,raw/apify.store.actors/2026/09/20260926T084912Z-73dbec7c7fd3.json.gz,,"projected:userPictureUrl,pictureUrl,url"
apify.store.actors,https://api.apify.com/v2/store?limit=1000&offset=13000,2026-09-26T08:49:15Z,200,application/json,2736591,bf0b9aaa379e5cf7c449ead9ea62c75873a8ad94384109813343266922f0be13,"W/""29c1cf-cQBEetFqhjNIGHt7on5MDIr0VdA""",,changed,raw/apify.store.actors/2026/09/20260926T084915Z-bf0b9aaa379e.json.gz,,"projected:userPictureUrl,pictureUrl,url"
apify.store.actors,https://api.apify.com/v2/store?limit=1000&offset=14000,2026-09-26T08:49:17Z,200,application/json,2764833,490e4b413f846cb8e8dbcac4bd6e80e089efc8509a6c78d5a3bad31e95315365,"W/""2a3021-yXz/kfDoXsKuSH2SteFUjHiEGjM""",,changed,raw/apify.store.actors/2026/09/20260926T084917Z-490e4b413f84.json.gz,,"projected:userPictureUrl,pictureUrl,url"
apify.store.actors,https://api.apify.com/v2/store?limit=1000&offset=15000,2026-09-26T08:49:20Z,200,application/json,2916342,f58ef8f3c15ffad1850f08b9190d9ddf27eefd4f6c668496a605cd737e0760eb,"W/""2c7ff6-ITbvvQX+oWlIVcm447c1Ey2+0Do""",,changed,raw/apify.store.actors/2026/09/20260926T084920Z-f58ef8f3c15f.json.gz,,"projected:userPictureUrl,pictureUrl,url"
apify.store.actors,https://api.apify.com/v2/store?limit=1000&offset=0&category=AUTOMATION,2026-09-26T08:49:22Z,200,application/json,3845376,5579e8ed2459569bc33ff5d4c3ddd0c1227c2882b185d4ff6f2c0624bbfd1d48,"W/""3aad00-YWvEaKdgtQO6G1cmEyyoUT1ZJTY""",,changed,raw/apify.store.actors/2026/09/20260926T084922Z-5579e8ed2459.json.gz,,"projected:userPictureUrl,pictureUrl,url"
apify.store.actors,https://api.apify.com/v2/store?limit=1000&offset=1000&category=AUTOMATION,2026-09-26T08:49:25Z,200,application/json,3648917,12a4de7f7ea1109d32ca1cdb99e54f75e4c1c6f1e49cab034bf2551f50927cab,"W/""37ad95-3ZQISJ0R1iaBi5fz0LeHXRLa7hg""",,changed,raw/apify.store.actors/2026/09/20260926T084925Z-12a4de7f7ea1.json.gz,,"projected:userPictureUrl,pictureUrl,url"
apify.store.actors,https://api.apify.com/v2/store?limit=1000&offset=2000&category=AUTOMATION,2026-09-26T08:49:27Z,200,application/json,3578432,5d16c0d6576a89cf227baf51ebcad90c73af262f3fb7e1073aa7517b6af50a02,"W/""369a40-iotDg8kbDZkqbDrNWs8W+A8bBzg""",,changed,raw/apify.store.actors/2026/09/20260926T084927Z-5d16c0d6576a.json.gz,,"projected:userPictureUrl,pictureUrl,url"
apify.store.actors,https://api.apify.com/v2/store?limit=1000&offset=3000&category=AUTOMATION,2026-09-26T08:49:30Z,200,application/json,3471089,641e89864657acca43c66a574b364e6be0ae507f55bd68469671650717be996f,"W/""34f6f1-RiBj9WW+VzSuhYpHXlhIoqyDYBE""",,changed,raw/apify.store.actors/2026/09/20260926T084930Z-641e89864657.json.gz,,"projected:userPictureUrl,pictureUrl,url"
apify.store.actors,https://api.apify.com/v2/store?limit=1000&offset=4000&category=AUTOMATION,2026-09-26T08:49:33Z,200,application/json,2827968,b66ff0319fcdaf80daf5155acbae9fa5758f1116ae0e220d00a4c088449daf7a,"W/""2b26c0-DEXx8/mQAn08d6eSn+cajgcYi2k""",,changed,raw/apify.store.actors/2026/09/20260926T084933Z-b66ff0319fcd.json.gz,,"projected:userPictureUrl,pictureUrl,url"
apify.store.actors,https://api.apify.com/v2/store?limit=1000&offset=5000&category=AUTOMATION,2026-09-26T08:49:36Z,200,application/json,2632660,163ac2217ebb6e13184f5cabaa0753cea03863fbf625c543bd07ca9e1594eb53,"W/""282bd4-0keiVMWKlFf7pEOk5UC86FTSVAs""",,changed,raw/apify.store.actors/2026/09/20260926T084936Z-163ac2217ebb.json.gz,,"projected:userPictureUrl,pictureUrl,url"
apify.store.actors,https://api.apify.com/v2/store?limit=1000&offset=6000&category=AUTOMATION,2026-09-26T08:49:38Z,200,application/json,2892510,9e043810a1e2cd7266202b14a6f5d35ce97107e65f7d381c4557f29430a9540b,"W/""2c22de-byDIqiZasHUm0/aqy6LZSpmvM5s""",,changed,raw/apify.store.actors/2026/09/20260926T084938Z-9e043810a1e2.json.gz,,"projected:userPictureUrl,pictureUrl,url"
apify.store.actors,https://api.apify.com/v2/store?limit=1000&offset=7000&category=AUTOMATION,2026-09-26T08:49:41Z,200,application/json,2963920,1c5ffd382919177972487a45c772fadd4391d2083310f7552fadb6edec16a47f,"W/""2d39d0-coZM45pgwrJmmHVvXdRF456ARy8""",,changed,raw/apify.store.actors/2026/09/20260926T084941Z-1c5ffd382919.json.gz,,"projected:userPictureUrl,pictureUrl,url"
apify.store.actors,https://api.apify.com/v2/store?limit=1000&offset=8000&category=AUTOMATION,2026-09-26T08:49:43Z,200,application/json,3139373,141b258c32aff0af9f1ccd6a36350318e706bad9b12cb46875e362b5e1d0b837,"W/""2fe72d-fHk1mToXSi0OwEnqjNpRiyGB6Es""",,changed,raw/apify.store.actors/2026/09/20260926T084943Z-141b258c32af.json.gz,,"projected:userPictureUrl,pictureUrl,url"
apify.store.actors,https://api.apify.com/v2/store?limit=1000&offset=9000&category=AUTOMATION,2026-09-26T08:49:46Z,200,application/json,3172511,bd6576176d8c98a8d6acc9bb6a63cbca7ec838dcb294a9fd0555951f7d5a41ef,"W/""30689f-QbDZ7Z5aHbWMj4WpVs7wOolYcJg""",,changed,raw/apify.store.actors/2026/09/20260926T084946Z-bd6576176d8c.json.gz,,"projected:userPictureUrl,pictureUrl,url"
apify.store.actors,https://api.apify.com/v2/store?limit=1000&offset=10000&category=AUTOMATION,2026-09-26T08:49:48Z,200,application/json,3017053,727768471915ebbeee09b56db06a2b7a23181a77d33378b4361e2fe48d70c6fa,"W/""2e095d-po6QaaJBIWezfWWT1pgUhKSk458""",,changed,raw/apify.store.actors/2026/09/20260926T084948Z-727768471915.json.gz,,"projected:userPictureUrl,pictureUrl,url"
apify.store.actors,https://api.apify.com/v2/store?limit=1000&offset=11000&category=AUTOMATION,2026-09-26T08:49:51Z,200,application/json,3040997,02517562fdf80536840bf3122ca5176eec119177b2cde08937118aecc118eaec,"W/""2e66e5-PPaDo2b3r3QFNcp4jzhThr1j0hY""",,changed,raw/apify.store.actors/2026/09/20260926T084951Z-02517562fdf8.json.gz,,"projected:userPictureUrl,pictureUrl,url"
apify.store.actors,https://api.apify.com/v2/store?limit=1000&offset=12000&category=AUTOMATION,2026-09-26T08:49:54Z,200,application/json,3169947,7e7b9ff1c84ffb1b053249c65e281a5c48b50d79c2c32570f77b9a40038dcb90,"W/""305e9b-s9++nT+TDU6RCOprGa8TEsRbD50""",,changed,raw/apify.store.actors/2026/09/20260926T084954Z-7e7b9ff1c84f.json.gz,,"projected:userPictureUrl,pictureUrl,url"
apify.store.actors,https://api.apify.com/v2/store?limit=1000&offset=13000&category=AUTOMATION,2026-09-26T08:49:56Z,200,application/json,3045459,b246a8f56e2048b37d3ee2e04dc6036a5b969426f9a92facc7ae554436b9759d,"W/""2e7853-d6pg2Z0xlQYJXUN5MOK42ECjC8s""",,changed,raw/apify.store.actors/2026/09/20260926T084956Z-b246a8f56e20.json.gz,,"projected:userPictureUrl,pictureUrl,url"
apify.store.actors,https://api.apify.com/v2/store?limit=1000&offset=14000&category=AUTOMATION,2026-09-26T08:49:59Z,200,application/json,2848049,e0fd948a7cad5616b3630077a91e7195dd4955852fd54ef082e0b259dd64ac11,"W/""2b7531-RfpV+RmDw3opaX2ujzpEeoYvnPo""",,changed,raw/apify.store.actors/2026/09/20260926T084959Z-e0fd948a7cad.json.gz,,"projected:userPictureUrl,pictureUrl,url"
apify.store.actors,https://api.apify.com/v2/store?limit=1000&offset=15000&category=AUTOMATION,2026-09-26T08:50:02Z,200,application/json,3079340,924dcb101d968c0d36ef3fbd1566d57840a878b07bd5b14653db020e20be8090,"W/""2efcac-dUhWMoOmD9aL7J21wxrRZxxq1y0""",,changed,raw/apify.store.actors/2026/09/20260926T085002Z-924dcb101d96.json.gz,,"projected:userPictureUrl,pictureUrl,url"
apify.store.actors,https://api.apify.com/v2/store?limit=1000&offset=0&category=LEAD_GENERATION,2026-09-26T08:50:04Z,200,application/json,3863409,49b8bd57e2ee51909d2ae0e1edfdb9cd9af525f63e3d695c0a0508b15411646a,"W/""3af371-x3fwGW604ovHRPJ7y0BjsgaNrmc""",,changed,raw/apify.store.actors/2026/09/20260926T085004Z-49b8bd57e2ee.json.gz,,"projected:userPictureUrl,pictureUrl,url"
apify.store.actors,https://api.apify.com/v2/store?limit=1000&offset=1000&category=LEAD_GENERATION,2026-09-26T08:50:09Z,200,application/json,3583614,e5b75d13c23da00a3daa2f534699ba77e624379af0ced68b2794d39ad49297d8,"W/""36ae7e-P8xdjMvvxAALS4fXmH0axyGiY/0""",,changed,raw/apify.store.actors/2026/09/20260926T085009Z-e5b75d13c23d.json.gz,,"projected:userPictureUrl,pictureUrl,url"
apify.store.actors,https://api.apify.com/v2/store?limit=1000&offset=2000&category=LEAD_GENERATION,2026-09-26T08:50:11Z,200,application/json,3516394,a843e32d936b7b3a56856913db042316fb95bdd4e630aad710e66b9e72df6ad4,"W/""35a7ea-7/i5VlF9idAW7K8jVQfkFWB2ilU""",,changed,raw/apify.store.actors/2026/09/20260926T085011Z-a843e32d936b.json.gz,,"projected:userPictureUrl,pictureUrl,url"
apify.store.actors,https://api.apify.com/v2/store?limit=1000&offset=3000&category=LEAD_GENERATION,2026-09-26T08:50:14Z,200,application/json,3495192,db6323a84abe12aae10a00e52204dddfc52a9f8346908849b15227ff82775e5d,"W/""355518-FcNqcvpJQMhNBXDEgRA/EBR5Kt4""",,changed,raw/apify.store.actors/2026/09/20260926T085014Z-db6323a84abe.json.gz,,"projected:userPictureUrl,pictureUrl,url"
apify.store.actors,https://api.apify.com/v2/store?limit=1000&offset=4000&category=LEAD_GENERATION,2026-09-26T08:50:16Z,200,application/json,2962709,3793aee55ab8fdf8af710987012be88909df33b4c31e9d998196ef8767d6b854,"W/""2d3515-iqTEhVdp1UYmRB2nAv+bchtdMss""",,changed,raw/apify.store.actors/2026/09/20260926T085016Z-3793aee55ab8.json.gz,,"projected:userPictureUrl,pictureUrl,url"
apify.store.actors,https://api.apify.com/v2/store?limit=1000&offset=5000&category=LEAD_GENERATION,2026-09-26T08:50:19Z,200,application/json,2959553,dcf2cad1098a423d6f6bb3c47006ff81e21810a12447d715a9994a349253ab48,"W/""2d28c1-xVqSqP87xL2yE0lRlEFRWlkP1rg""",,changed,raw/apify.store.actors/2026/09/20260926T085019Z-dcf2cad1098a.json.gz,,"projected:userPictureUrl,pictureUrl,url"
apify.store.actors,https://api.apify.com/v2/store?limit=1000&offset=6000&category=LEAD_GENERATION,2026-09-26T08:50:21Z,200,application/json,3164285,25237e062927b85cd52d7eb50b5158e7ba6cfc3b89880727d91269fbcdc325d9,"W/""30487d-0/Dw8aoM1Y7xNUcip2jWvpFmbgY""",,changed,raw/apify.store.actors/2026/09/20260926T085021Z-25237e062927.json.gz,,"projected:userPictureUrl,pictureUrl,url"
apify.store.actors,https://api.apify.com/v2/store?limit=1000&offset=7000&category=LEAD_GENERATION,2026-09-26T08:50:24Z,200,application/json,3227206,065937d3cd97962941cbb03b73e7443cd4d8ecb3b6be895d1be3ea30b21b4c9f,"W/""313e46-vvWA7oZOdAPqDiY+p4lBCIQDjTU""",,changed,raw/apify.store.actors/2026/09/20260926T085024Z-065937d3cd97.json.gz,,"projected:userPictureUrl,pictureUrl,url"
apify.store.actors,https://api.apify.com/v2/store?limit=1000&offset=8000&category=LEAD_GENERATION,2026-09-26T08:50:27Z,200,application/json,3186909,ad0939317c871228aa76ed1676b630c11c188998b57479faa43559e16a620036,"W/""30a0dd-i9YvLjjXw3qdFrJoNJkT6jM2YUs""",,changed,raw/apify.store.actors/2026/09/20260926T085027Z-ad0939317c87.json.gz,,"projected:userPictureUrl,pictureUrl,url"
apify.store.actors,https://api.apify.com/v2/store?limit=1000&offset=9000&category=LEAD_GENERATION,2026-09-26T08:50:29Z,200,application/json,3155548,89a4cb446abe0af721f1b21ee372108a61c5a7fe8f9c52a3a0d0c5fca8676698,"W/""30265c-5dmeXKR4d/6eqijMNeqXfeO6oFM""",,changed,raw/apify.store.actors/2026/09/20260926T085029Z-89a4cb446abe.json.gz,,"projected:userPictureUrl,pictureUrl,url"
apify.store.actors,https://api.apify.com/v2/store?limit=1000&offset=10000&category=LEAD_GENERATION,2026-09-26T08:50:32Z,200,application/json,3218370,532b3d2678fd5f99ee7627581702be7b6ecefb3d93895c34ff9eba15f227752f,"W/""311bc2-IgWT2rSXjQoHalNopBdXVQlJvZM""",,changed,raw/apify.store.actors/2026/09/20260926T085032Z-532b3d2678fd.json.gz,,"projected:userPictureUrl,pictureUrl,url"
apify.store.actors,https://api.apify.com/v2/store?limit=1000&offset=11000&category=LEAD_GENERATION,2026-09-26T08:50:35Z,200,application/json,2740643,b41e7ce621d81e7127a82f42450b4ab99090c28cc56fdcf68ac5fd438242cfb6,"W/""29d1a3-QaAo/cqVzCJPlNfEs40w8NswGJw""",,changed,raw/apify.store.actors/2026/09/20260926T085035Z-b41e7ce621d8.json.gz,,"projected:userPictureUrl,pictureUrl,url"
apify.store.actors,https://api.apify.com/v2/store?limit=1000&offset=12000&category=LEAD_GENERATION,2026-09-26T08:50:37Z,200,application/json,2969166,98bbaa20fae70977c181fdcba4d9e5053833a0d377a24316e6c21ee87feb102d,"W/""2d4e4e-B9cY01TDdiroEsoF4PRn1AGZE6s""",,changed,raw/apify.store.actors/2026/09/20260926T085037Z-98bbaa20fae7.json.gz,,"projected:userPictureUrl,pictureUrl,url"
apify.store.actors,https://api.apify.com/v2/store?limit=1000&offset=13000&category=LEAD_GENERATION,2026-09-26T08:50:40Z,200,application/json,2741221,79ad6f3a169cc38bed80e84205766b7ca1def17d58a3ead7fc6fd3c124594f77,"W/""29d3e5-4et6+qDVoWbiJnRxC6Hcp7/k07s""",,changed,raw/apify.store.actors/2026/09/20260926T085040Z-79ad6f3a169c.json.gz,,"projected:userPictureUrl,pictureUrl,url"
apify.store.actors,https://api.apify.com/v2/store?limit=1000&offset=14000&category=LEAD_GENERATION,2026-09-26T08:50:42Z,200,application/json,2740899,042023828808bdada74ac7d65e8d70d067402f3648c6b5d50b5cfdd264edbd5b,"W/""29d2a3-JrlY26kYNyN5IhzuKWjGoDeEVyc""",,changed,raw/apify.store.actors/2026/09/20260926T085042Z-042023828808.json.gz,,"projected:userPictureUrl,pictureUrl,url"
apify.store.actors,https://api.apify.com/v2/store?limit=1000&offset=15000&category=LEAD_GENERATION,2026-09-26T08:50:45Z,200,application/json,3020669,b90b38991fbb806103165ac5dae7482717c41a0f40cf6f004b66fa58485b1353,"W/""2e177d-nNgeCWyIdLS78JKzfM4/pNYyX2w""",,changed,raw/apify.store.actors/2026/09/20260926T085045Z-b90b38991fbb.json.gz,,"projected:userPictureUrl,pictureUrl,url"
apify.store.actors,https://api.apify.com/v2/store?limit=1000&offset=0&category=DEVELOPER_TOOLS,2026-09-26T08:50:47Z,200,application/json,3751784,82e4ad82e6eafc26945e355c9621c74dc1de1eb781f3ec061390866e88ce94c5,"W/""393f68-T52fwIBNyKWkqBv5PvAZaYo6DBM""",,changed,raw/apify.store.actors/2026/09/20260926T085047Z-82e4ad82e6ea.json.gz,,"projected:userPictureUrl,pictureUrl,url"
apify.store.actors,https://api.apify.com/v2/store?limit=1000&offset=1000&category=DEVELOPER_TOOLS,2026-09-26T08:50:50Z,200,application/json,3386569,a91cae4f8543938ddc786b3f3fe8250992cfb8bcd343d8f53f71a9fc8f90d647,"W/""33acc9-rTgUcoT1/MMGvMj1JdPQ0D54Ysc""",,changed,raw/apify.store.actors/2026/09/20260926T085050Z-a91cae4f8543.json.gz,,"projected:userPictureUrl,pictureUrl,url"
apify.store.actors,https://api.apify.com/v2/store?limit=1000&offset=2000&category=DEVELOPER_TOOLS,2026-09-26T08:50:53Z,200,application/json,3638352,be8279ff6f06dd345e8da1b23c224c1e75516850938e084f3b6f08ca0b4355d2,"W/""378450-54iqoB01s7eqGAJl3+Sz7NUX5jk""",,changed,raw/apify.store.actors/2026/09/20260926T085053Z-be8279ff6f06.json.gz,,"projected:userPictureUrl,pictureUrl,url"
apify.store.actors,https://api.apify.com/v2/store?limit=1000&offset=3000&category=DEVELOPER_TOOLS,2026-09-26T08:50:55Z,200,application/json,2775008,a99da4325f1799c9ca33133bc9fd194fdb3a4c800c0e879507ff9e829400ec93,"W/""2a57e0-HjRWkp6HiC5LOa8Nwz0DC+EhfaA""",,changed,raw/apify.store.actors/2026/09/20260926T085055Z-a99da4325f17.json.gz,,"projected:userPictureUrl,pictureUrl,url"
apify.store.actors,https://api.apify.com/v2/store?limit=1000&offset=4000&category=DEVELOPER_TOOLS,2026-09-26T08:50:58Z,200,application/json,2953833,a0910eb8ce8b1f9cfcac50beb1aeeee10a53d1c238b47d787f32d2849eacb0a6,"W/""2d1269-N7M/TyKSsvo3LHFjiyhqwQbtWzM""",,changed,raw/apify.store.actors/2026/09/20260926T085058Z-a0910eb8ce8b.json.gz,,"projected:userPictureUrl,pictureUrl,url"
apify.store.actors,https://api.apify.com/v2/store?limit=1000&offset=5000&category=DEVELOPER_TOOLS,2026-09-26T08:51:01Z,200,application/json,2958699,475696c77c9d1f0e8712b3ad6cfe004ac51c5f1f5ca541a51401edc09c9428ef,"W/""2d256b-jFt1PiEWZT2rlv+LSoBQLMoQn04""",,changed,raw/apify.store.actors/2026/09/20260926T085101Z-475696c77c9d.json.gz,,"projected:userPictureUrl,pictureUrl,url"
apify.store.actors,https://api.apify.com/v2/store?limit=1000&offset=6000&category=DEVELOPER_TOOLS,2026-09-26T08:51:03Z,200,application/json,3029902,3c2edaab29c21614d73ee35b48b7fe67047becff596efc7ac29f4b1141e49fa4,"W/""2e3b8e-G6qY1x8UPKg2d28ng70vaAn1tY4""",,changed,raw/apify.store.actors/2026/09/20260926T085103Z-3c2edaab29c2.json.gz,,"projected:userPictureUrl,pictureUrl,url"
apify.store.actors,https://api.apify.com/v2/store?limit=1000&offset=7000&category=DEVELOPER_TOOLS,2026-09-26T08:51:06Z,200,application/json,2928122,bc894791dfd5b164b591436e87f0f7a52977d1aa318486fb603e472582dd58aa,"W/""2cadfa-S28Tqh1sld+TtiDgxmDP6DwGs8Q""",,changed,raw/apify.store.actors/2026/09/20260926T085106Z-bc894791dfd5.json.gz,,"projected:userPictureUrl,pictureUrl,url"
apify.store.actors,https://api.apify.com/v2/store?limit=1000&offset=8000&category=DEVELOPER_TOOLS,2026-09-26T08:51:09Z,200,application/json,2818652,423c718143fa46cfe888f636863bfb80b5f81cfd2c4ecba2b30680785d91f417,"W/""2b025c-x8/San+h20cEGQUjivhYD5vrh6c""",,changed,raw/apify.store.actors/2026/09/20260926T085109Z-423c718143fa.json.gz,,"projected:userPictureUrl,pictureUrl,url"
apify.store.actors,https://api.apify.com/v2/store?limit=1000&offset=9000&category=DEVELOPER_TOOLS,2026-09-26T08:51:11Z,200,application/json,2863507,c2529e58e2651139a55bf23e6b4cd7093962e66778bc945af7573c0aa89a4da3,"W/""2bb193-vMSux9hxZ4bdwlapNnwKDgXiDTw""",,changed,raw/apify.store.actors/2026/09/20260926T085111Z-c2529e58e265.json.gz,,"projected:userPictureUrl,pictureUrl,url"
apify.store.actors,https://api.apify.com/v2/store?limit=1000&offset=10000&category=DEVELOPER_TOOLS,2026-09-26T08:51:15Z,200,application/json,2565353,d25fb2aab25afbfab0d5b174f14ab2299d13bebba3a6e3420b7186d3a9c4bf1c,"W/""2724e9-s9jwJ75XS8oL/aLNYPPyaWtwGVs""",,changed,raw/apify.store.actors/2026/09/20260926T085115Z-d25fb2aab25a.json.gz,,"projected:userPictureUrl,pictureUrl,url"
apify.store.actors,https://api.apify.com/v2/store?limit=1000&offset=11000&category=DEVELOPER_TOOLS,2026-09-26T08:51:17Z,200,application/json,2865259,8f59f9f18b343a570288032c00a9896a942423e531aa0970c80748042e40f332,"W/""2bb86b-yVld8fhGULFoI7BldgHZnAgtEdI""",,changed,raw/apify.store.actors/2026/09/20260926T085117Z-8f59f9f18b34.json.gz,,"projected:userPictureUrl,pictureUrl,url"
apify.store.actors,https://api.apify.com/v2/store?limit=1000&offset=12000&category=DEVELOPER_TOOLS,2026-09-26T08:51:20Z,200,application/json,2435444,0deab74e9d50b8888d986dca54934e3a5ebafd8715a7c60bbb1c044442a61f58,"W/""252974-fJLwXBE9BAvwveYOAhwU/blD9nI""",,changed,raw/apify.store.actors/2026/09/20260926T085120Z-0deab74e9d50.json.gz,,"projected:userPictureUrl,pictureUrl,url"
apify.store.actors,https://api.apify.com/v2/store?limit=1000&offset=13000&category=DEVELOPER_TOOLS,2026-09-26T08:51:22Z,200,application/json,2626693,10c3c5a4632bdcbb16d09c016eaa354c04de66b5f7951afcdf027921af68ccd2,"W/""281485-00OiMm/z+kcQ/gk6SX3C2VA337w""",,changed,raw/apify.store.actors/2026/09/20260926T085122Z-10c3c5a4632b.json.gz,,"projected:userPictureUrl,pictureUrl,url"
apify.store.actors,https://api.apify.com/v2/store?limit=1000&offset=14000&category=DEVELOPER_TOOLS,2026-09-26T08:51:25Z,200,application/json,2709325,8fe706a28a99069eda3f18209a99d0f4ab3f79da31b1e451e4c4ac9f0632d489,"W/""29574d-K+Qs0NiD4Jayb8q6RgZejUbTReI""",,changed,raw/apify.store.actors/2026/09/20260926T085125Z-8fe706a28a99.json.gz,,"projected:userPictureUrl,pictureUrl,url"
apify.store.actors,https://api.apify.com/v2/store?limit=1000&offset=15000&category=DEVELOPER_TOOLS,2026-09-26T08:51:27Z,200,application/json,2785434,3e0366df84135e3390fffb836da6fefa97d2f8befcdfb3b24b3fb5ff417deab9,"W/""2a809a-pH/4ZqxqqnlteNlWqKCvKJCJbtA""",,changed,raw/apify.store.actors/2026/09/20260926T085127Z-3e0366df8413.json.gz,,"projected:userPictureUrl,pictureUrl,url"
apify.store.actors,https://api.apify.com/v2/store?limit=1000&offset=0&category=SOCIAL_MEDIA,2026-09-26T08:51:30Z,200,application/json,3913228,69893850d6530258df4bf2a509b642a1d263a87f1a0e113a6138285a6e99414c,"W/""3bb60c-saRE+2mQFO6KTtZuMbmGDBIlATQ""",,changed,raw/apify.store.actors/2026/09/20260926T085130Z-69893850d653.json.gz,,"projected:userPictureUrl,pictureUrl,url"
apify.store.actors,https://api.apify.com/v2/store?limit=1000&offset=1000&category=SOCIAL_MEDIA,2026-09-26T08:51:33Z,200,application/json,3541855,becaa2b4aafe6aa49c5c3d5b683b5525af16fa65efaff09febc7f20428eff7d3,"W/""360b5f-xr87N6czHEYstyZxuya8POGzJDw""",,changed,raw/apify.store.actors/2026/09/20260926T085133Z-becaa2b4aafe.json.gz,,"projected:userPictureUrl,pictureUrl,url"
apify.store.actors,https://api.apify.com/v2/store?limit=1000&offset=2000&category=SOCIAL_MEDIA,2026-09-26T08:51:35Z,200,application/json,3049508,16fa1b741a07d8c0b973924b1cb17fd73994bdf30378551e8e2184555a7db1b5,"W/""2e8824-isgpOgvG23ibKeH5MjWsmcSOVMg""",,changed,raw/apify.store.actors/2026/09/20260926T085135Z-16fa1b741a07.json.gz,,"projected:userPictureUrl,pictureUrl,url"
apify.store.actors,https://api.apify.com/v2/store?limit=1000&offset=3000&category=SOCIAL_MEDIA,2026-09-26T08:51:38Z,200,application/json,2703543,fe3669d65ed80e880ba24dd525cfd93a3ace5b7c01269250e525b3334b1f9171,"W/""2940b7-SKDXdP0ysoQZUFCDvDb+STExfVs""",,changed,raw/apify.store.actors/2026/09/20260926T085138Z-fe3669d65ed8.json.gz,,"projected:userPictureUrl,pictureUrl,url"
apify.store.actors,https://api.apify.com/v2/store?limit=1000&offset=4000&category=SOCIAL_MEDIA,2026-09-26T08:51:40Z,200,application/json,2945890,c1689f3d51c4007f363515fc8cbc3efa224fe4e671ad211a12281c83f6337848,"W/""2cf362-2+rs15VlYbGw5Pwzat1WvjI5Sds""",,changed,raw/apify.store.actors/2026/09/20260926T085140Z-c1689f3d51c4.json.gz,,"projected:userPictureUrl,pictureUrl,url"
apify.store.actors,https://api.apify.com/v2/store?limit=1000&offset=5000&category=SOCIAL_MEDIA,2026-09-26T08:51:43Z,200,application/json,2945830,d1ff1e8e20d6197b363e4e038add0a599fc8e4cba7823091575b18343bbda425,"W/""2cf326-WEDm4akP/OL5J8m8soGhL4gcei4""",,changed,raw/apify.store.actors/2026/09/20260926T085143Z-d1ff1e8e20d6.json.gz,,"projected:userPictureUrl,pictureUrl,url"
apify.store.actors,https://api.apify.com/v2/store?limit=1000&offset=6000&category=SOCIAL_MEDIA,2026-09-26T08:51:46Z,200,application/json,3085779,a6278ae9d371420123b1f11dd0afadc7e0e91d12fcfec00802016cb9388a511c,"W/""2f15d3-VbFStsFcjynLgff2S3trSTdC+oY""",,changed,raw/apify.store.actors/2026/09/20260926T085146Z-a6278ae9d371.json.gz,,"projected:userPictureUrl,pictureUrl,url"
apify.store.actors,https://api.apify.com/v2/store?limit=1000&offset=7000&category=SOCIAL_MEDIA,2026-09-26T08:51:49Z,200,application/json,2673439,6c5ce043fcef9da89c0d0601c916f7a167be0661232e077a6165f41a59643500,"W/""28cb1f-v0G6XqvutHnWNAqvjiIoisTmjoQ""",,changed,raw/apify.store.actors/2026/09/20260926T085149Z-6c5ce043fcef.json.gz,,"projected:userPictureUrl,pictureUrl,url"
apify.store.actors,https://api.apify.com/v2/store?limit=1000&offset=8000&category=SOCIAL_MEDIA,2026-09-26T08:51:51Z,200,application/json,3163503,63fe94873c27e84836c18cd1cd4ff97c3627e977d172d31d88c1d65968a5b88b,"W/""30456f-WmlsCRkXpVDSqW226sVjmLUUA7A""",,changed,raw/apify.store.actors/2026/09/20260926T085151Z-63fe94873c27.json.gz,,"projected:userPictureUrl,pictureUrl,url"
apify.store.actors,https://api.apify.com/v2/store?limit=1000&offset=9000&category=SOCIAL_MEDIA,2026-09-26T08:51:54Z,200,application/json,3117241,78305e35c846afac75bc854adcc573798523cd5694a59cbda0d38ac395fd074c,"W/""2f90b9-3uSMBtazBI5hUe42vDC6j9gDvfI""",,changed,raw/apify.store.actors/2026/09/20260926T085154Z-78305e35c846.json.gz,,"projected:userPictureUrl,pictureUrl,url"
apify.store.actors,https://api.apify.com/v2/store?limit=1000&offset=10000&category=SOCIAL_MEDIA,2026-09-26T08:51:56Z,200,application/json,909372,83f13a01d3379b47f2e2c198c1ca030dcf4e83cc32e7a4d0f2931b8196e8bda9,"W/""de03c-sl91neymngfOKiNIYYj7gShaDaI""",,changed,raw/apify.store.actors/2026/09/20260926T085156Z-83f13a01d337.json.gz,,"projected:userPictureUrl,pictureUrl,url"
apify.store.actors,https://api.apify.com/v2/store?limit=1000&offset=0&category=ECOMMERCE,2026-09-26T08:51:59Z,200,application/json,3725283,bfef2e0873247187f6443938b58e8b36a95b24b87e52e9e835b3368e3a7d70d1,"W/""38d7e3-N4hpnAw/uL0MKv2TSOPAKoQx8QQ""",,changed,raw/apify.store.actors/2026/09/20260926T085159Z-bfef2e087324.json.gz,,"projected:userPictureUrl,pictureUrl,url"
apify.store.actors,https://api.apify.com/v2/store?limit=1000&offset=1000&category=ECOMMERCE,2026-09-26T08:52:02Z,200,application/json,3534025,baaf66b88bbd5fd18497b2d957a5d4874b1d73ff2d7fccf57e4a589315a03b29,"W/""35ecc9-uGAEqto+hldk5sDeK7Thb31ZSk4""",,changed,raw/apify.store.actors/2026/09/20260926T085202Z-baaf66b88bbd.json.gz,,"projected:userPictureUrl,pictureUrl,url"
apify.store.actors,https://api.apify.com/v2/store?limit=1000&offset=2000&category=ECOMMERCE,2026-09-26T08:52:04Z,200,application/json,2729186,fd1848be9e821888a8cb9a7f98ff2744b7084e5f3d4736016049b10c354905ba,"W/""29a4e2-61X9BTFSzv6qls3W7eu9t/sRVJ8""",,changed,raw/apify.store.actors/2026/09/20260926T085204Z-fd1848be9e82.json.gz,,"projected:userPictureUrl,pictureUrl,url"
apify.store.actors,https://api.apify.com/v2/store?limit=1000&offset=3000&category=ECOMMERCE,2026-09-26T08:52:07Z,200,application/json,2838035,962bb8297d2c48d3b7f3485f5007f9df2a45a296a6c81c693f11152e2681a10a,"W/""2b4e13-xeUPE5sCegvReoxrFBZN2pgKEG8""",,changed,raw/apify.store.actors/2026/09/20260926T085207Z-962bb8297d2c.json.gz,,"projected:userPictureUrl,pictureUrl,url"
apify.store.actors,https://api.apify.com/v2/store?limit=1000&offset=4000&category=ECOMMERCE,2026-09-26T08:52:10Z,200,application/json,2614586,16df8e2294e281d33482ade4a1304eadf96405e872c6da4635281a4bd7785486,"W/""27e53a-1yevEYe5oTgubMygK9kCbiPbvoE""",,changed,raw/apify.store.actors/2026/09/20260926T085210Z-16df8e2294e2.json.gz,,"projected:userPictureUrl,pictureUrl,url"
apify.store.actors,https://api.apify.com/v2/store?limit=1000&offset=5000&category=ECOMMERCE,2026-09-26T08:52:12Z,200,application/json,2710171,934f924be2a0175fba0d4d380bf1c881702e6a0b550347a1f223d40810e9dbd0,"W/""295a9b-SQU3dP9CywrsBuFOVe3BfxOwfeQ""",,changed,raw/apify.store.actors/2026/09/20260926T085212Z-934f924be2a0.json.gz,,"projected:userPictureUrl,pictureUrl,url"
apify.store.actors,https://api.apify.com/v2/store?limit=1000&offset=6000&category=ECOMMERCE,2026-09-26T08:52:15Z,200,application/json,2927105,6427e2f3d24a06a7c492b6bbb06004b24c657cedcac4db4644ffb3582835177a,"W/""2caa01-t1OrfsxuDVfwEuLM/T/dLhu7v08""",,changed,raw/apify.store.actors/2026/09/20260926T085215Z-6427e2f3d24a.json.gz,,"projected:userPictureUrl,pictureUrl,url"
apify.store.actors,https://api.apify.com/v2/store?limit=1000&offset=7000&category=ECOMMERCE,2026-09-26T08:52:17Z,200,application/json,2694928,d7da3b9e1e031216d0493aa4254b994d4fadb5e5b3833fe366a82132683f7d68,"W/""291f10-Xh3rF784bDnnL01dYHnbPUjoPiw""",,changed,raw/apify.store.actors/2026/09/20260926T085217Z-d7da3b9e1e03.json.gz,,"projected:userPictureUrl,pictureUrl,url"
apify.store.actors,https://api.apify.com/v2/store?limit=1000&offset=8000&category=ECOMMERCE,2026-09-26T08:52:20Z,200,application/json,2919883,cf8f2f7a4552fec263fcb2b78ae0b36bb7dc6d8670b20f92ebe6d0286b9f51d0,"W/""2c8dcb-RXFbsWOXhXWt64UaGaEt/9JV9iI""",,changed,raw/apify.store.actors/2026/09/20260926T085220Z-cf8f2f7a4552.json.gz,,"projected:userPictureUrl,pictureUrl,url"
apify.store.actors,https://api.apify.com/v2/store?limit=1000&offset=9000&category=ECOMMERCE,2026-09-26T08:52:22Z,200,application/json,3072267,03212013206c4d6d726c2edd68bc18386bd350efb7662608101a45ddf3092155,"W/""2ee10b-ocfVCkrJHfO2IGOQMnKEkNxSD+c""",,changed,raw/apify.store.actors/2026/09/20260926T085222Z-03212013206c.json.gz,,"projected:userPictureUrl,pictureUrl,url"
apify.store.actors,https://api.apify.com/v2/store?limit=1000&offset=10000&category=ECOMMERCE,2026-09-26T08:52:25Z,200,application/json,3076919,0d3829a34ee77802722020cd57c91ada66f5795ecc6c73152e129ca1f3ba882a,"W/""2ef337-2CmLTAdeTjcrAIJ+ZKXzXBG6nH0""",,changed,raw/apify.store.actors/2026/09/20260926T085225Z-0d3829a34ee7.json.gz,,"projected:userPictureUrl,pictureUrl,url"
apify.store.actors,https://api.apify.com/v2/store?limit=1000&offset=11000&category=ECOMMERCE,2026-09-26T08:52:28Z,200,application/json,3023833,36c6345a66e08cc3cca2d8dacbee1370c9e210ad1f8584e93c444a51b7c65eb9,"W/""2e23d9-00PC8VyT5XS8UnaxNetx1H4uKXs""",,changed,raw/apify.store.actors/2026/09/20260926T085228Z-36c6345a66e0.json.gz,,"projected:userPictureUrl,pictureUrl,url"
apify.store.actors,https://api.apify.com/v2/store?limit=1000&offset=12000&category=ECOMMERCE,2026-09-26T08:52:30Z,200,application/json,3004928,a426aec35f398e5235c2bce19124ab2f88d5db9932bc7b9860ea35a82f4e1522,"W/""2dda00-HsbBItRy7X37x3aw9/qWs88wjYg""",,changed,raw/apify.store.actors/2026/09/20260926T085230Z-a426aec35f39.json.gz,,"projected:userPictureUrl,pictureUrl,url"
apify.store.actors,https://api.apify.com/v2/store?limit=1000&offset=13000&category=ECOMMERCE,2026-09-26T08:52:33Z,200,application/json,1284968,e523914b9c2cecafe1e56994d8a08b437c9d59fa4539b3defd12b7d8d7e10a0d,"W/""139b68-EqHHGcOyn+5IzAIxLS/FVcBp1RI""",,changed,raw/apify.store.actors/2026/09/20260926T085233Z-e523914b9c2c.json.gz,,"projected:userPictureUrl,pictureUrl,url"
apify.store.actors,https://api.apify.com/v2/store?limit=1000&offset=0&category=OTHER,2026-09-26T08:52:35Z,200,application/json,3347733,a368400ddb7aa7b71dbd919ebc02a6af104fd14eb7056cc25791a43c1640a148,"W/""331515-In/qzXLrhK9w66WutIkF8zrGICk""",,changed,raw/apify.store.actors/2026/09/20260926T085235Z-a368400ddb7a.json.gz,,"projected:userPictureUrl,pictureUrl,url"
apify.store.actors,https://api.apify.com/v2/store?limit=1000&offset=1000&category=OTHER,2026-09-26T08:52:38Z,200,application/json,2943109,b58a50887a7485a67b524b5fd23fcb9137b5666b2f3d82b9f04445610a5b92cc,"W/""2ce885-Rp9DORRHWoZAj+lB6p3qyEejBXQ""",,changed,raw/apify.store.actors/2026/09/20260926T085238Z-b58a50887a74.json.gz,,"projected:userPictureUrl,pictureUrl,url"
apify.store.actors,https://api.apify.com/v2/store?limit=1000&offset=2000&category=OTHER,2026-09-26T08:52:40Z,200,application/json,2856044,9694e8e04c32fbb163b4d6223d920fa23d767889d79747cb07f63f2f06fc7121,"W/""2b946c-qiS4dTb0Iv/ZOH3mOWgljNQlDiY""",,changed,raw/apify.store.actors/2026/09/20260926T085240Z-9694e8e04c32.json.gz,,"projected:userPictureUrl,pictureUrl,url"
apify.store.actors,https://api.apify.com/v2/store?limit=1000&offset=3000&category=OTHER,2026-09-26T08:52:42Z,200,application/json,2892864,4882c5ae225ad60fb01757a0d6b8e75b2016c295ae542676a1b1bf517ae6b0cb,"W/""2c2440-Bb2MghG5m5NZObrqjfwTZ8XYATY""",,changed,raw/apify.store.actors/2026/09/20260926T085242Z-4882c5ae225a.json.gz,,"projected:userPictureUrl,pictureUrl,url"
apify.store.actors,https://api.apify.com/v2/store?limit=1000&offset=4000&category=OTHER,2026-09-26T08:52:45Z,200,application/json,2946176,b650008011396b19edb32a31cf102aff00e9e4c82de23d9189f9a0a76b74a763,"W/""2cf480-SLsglXXRCX5W3WcDafmapQ71N4k""",,changed,raw/apify.store.actors/2026/09/20260926T085245Z-b65000801139.json.gz,,"projected:userPictureUrl,pictureUrl,url"
apify.store.actors,https://api.apify.com/v2/store?limit=1000&offset=5000&category=OTHER,2026-09-26T08:52:48Z,200,application/json,3015081,262eea66d864786dc1b112b269fca37536e2a1828392918b1dd5188139457935,"W/""2e01a9-wl0WLEW1BYkj/NL0o7F5A1YHlic""",,changed,raw/apify.store.actors/2026/09/20260926T085248Z-262eea66d864.json.gz,,"projected:userPictureUrl,pictureUrl,url"
apify.store.actors,https://api.apify.com/v2/store?limit=1000&offset=6000&category=OTHER,2026-09-26T08:52:50Z,200,application/json,2476397,24f43c6adebf29addf489d20d45f3eab2512cb704b2eac907665483640174804,"W/""25c96d-5vruJ2vLGFssK9xfcsGbtxdwnNg""",,changed,raw/apify.store.actors/2026/09/20260926T085250Z-24f43c6adebf.json.gz,,"projected:userPictureUrl,pictureUrl,url"
apify.store.actors,https://api.apify.com/v2/store?limit=1000&offset=7000&category=OTHER,2026-09-26T08:52:53Z,200,application/json,128,4cb496d5f101e300aacab4aedfe7d5065dc148a09dae001e75e4a2fb4cdb694a,"W/""80-rsnEayJC7c4WfGaSA+q9Y0aVjLc""",,quarantined,quarantine/apify.store.actors/2026/09/20260926T085253Z-4cb496d5f101.json.gz,too_small_128_bytes,"projected:userPictureUrl,pictureUrl,url"
apify.store.actors,https://api.apify.com/v2/store?limit=1000&offset=0&category=AI,2026-09-26T08:52:53Z,200,application/json,3435549,d836fd6dff89add3a97a28f98a364002472f5f25048f4b0a08aa6d381fb0a68c,"W/""346c1d-M1HPbAWlaDhwZsGGzw8gVsBmLfM""",,changed,raw/apify.store.actors/2026/09/20260926T085253Z-d836fd6dff89.json.gz,,"projected:userPictureUrl,pictureUrl,url"
apify.store.actors,https://api.apify.com/v2/store?limit=1000&offset=1000&category=AI,2026-09-26T08:52:57Z,200,application/json,2940392,0f19e2036a2c11572b47e6f58303cd9dfc025e1acf954cff718a6b3e3c9ed63b,"W/""2cdde8-vFPhsuw2e0wAByI5DovNePjrvlw""",,changed,raw/apify.store.actors/2026/09/20260926T085257Z-0f19e2036a2c.json.gz,,"projected:userPictureUrl,pictureUrl,url"
apify.store.actors,https://api.apify.com/v2/store?limit=1000&offset=2000&category=AI,2026-09-26T08:53:00Z,200,application/json,2558607,02cc5f4cc2f1cd91c6f6241179efb4594a4be236d436726aa151cfd35718ddd2,"W/""270a8f-RELw/DJi3BsuRH1KAlBXhqFOBiU""",,changed,raw/apify.store.actors/2026/09/20260926T085300Z-02cc5f4cc2f1.json.gz,,"projected:userPictureUrl,pictureUrl,url"
apify.store.actors,https://api.apify.com/v2/store?limit=1000&offset=3000&category=AI,2026-09-26T08:53:02Z,200,application/json,2470572,4ce6c5a95dee2a4b444b31904c482da623f9b5939494bb3a8e8570a98dfed3c3,"W/""25b2ac-WABGg8QQyl6LXdcZ194TqNOKFAs""",,changed,raw/apify.store.actors/2026/09/20260926T085302Z-4ce6c5a95dee.json.gz,,"projected:userPictureUrl,pictureUrl,url"
apify.store.actors,https://api.apify.com/v2/store?limit=1000&offset=4000&category=AI,2026-09-26T08:53:05Z,200,application/json,2178546,33894e2e3209160725dae07182c4e0150ec3c36b379076536bb18bf1a403cd8c,"W/""213df2-5dFdBRDbOKFhzt8hQ2S8VWytxn0""",,changed,raw/apify.store.actors/2026/09/20260926T085305Z-33894e2e3209.json.gz,,"projected:userPictureUrl,pictureUrl,url"
apify.store.actors,https://api.apify.com/v2/store?limit=1000&offset=5000&category=AI,2026-09-26T08:53:08Z,200,application/json,2402863,d0015d67e22c4ae1059dc5dca0b6d1cd03cd5282ecc9b761b0f1b65406d91c3c,"W/""24aa2f-g6DwxQHSTiIXjgG25ECVZQo5Qfo""",,changed,raw/apify.store.actors/2026/09/20260926T085308Z-d0015d67e22c.json.gz,,"projected:userPictureUrl,pictureUrl,url"
apify.store.actors,https://api.apify.com/v2/store?limit=1000&offset=6000&category=AI,2026-09-26T08:53:10Z,200,application/json,2613666,5b74a1dceed83005320883bb86da55b1fea3cd8564ad4e2b571fbc597b177815,"W/""27e1a2-cK6KROQgxWivB4yHuIbsHHXl5d4""",,changed,raw/apify.store.actors/2026/09/20260926T085310Z-5b74a1dceed8.json.gz,,"projected:userPictureUrl,pictureUrl,url"
apify.store.actors,https://api.apify.com/v2/store?limit=1000&offset=7000&category=AI,2026-09-26T08:53:13Z,200,application/json,2719804,a09236ed5b5a5f1d2c36de350d2550c989bff0f66fe4e268a6d5e000962ccada,"W/""29803c-A9VOGVi40Qw3Ox/ywxJFLn+Yvuo""",,changed,raw/apify.store.actors/2026/09/20260926T085313Z-a09236ed5b5a.json.gz,,"projected:userPictureUrl,pictureUrl,url"
apify.store.actors,https://api.apify.com/v2/store?limit=1000&offset=8000&category=AI,2026-09-26T08:53:15Z,200,application/json,2158063,afcfdc4bf812f9d6580f98d56235378ac89e1a5b53c260efe8513bbdbb2a90ab,"W/""20edef-lB06LUMUF4QUbmgzYiKRKInxRNc""",,changed,raw/apify.store.actors/2026/09/20260926T085315Z-afcfdc4bf812.json.gz,,"projected:userPictureUrl,pictureUrl,url"
apify.store.actors,https://api.apify.com/v2/store?limit=1000&offset=0&category=JOBS,2026-09-26T08:53:18Z,200,application/json,3344917,79dace6016f43aa6fd79c8e06dc4a582b814a8eddbd74d1fac4d08c701ccc744,"W/""330a15-4iUI2ivcOyOMblH1BBBVtLYNXEQ""",,changed,raw/apify.store.actors/2026/09/20260926T085318Z-79dace6016f4.json.gz,,"projected:userPictureUrl,pictureUrl,url"
apify.store.actors,https://api.apify.com/v2/store?limit=1000&offset=1000&category=JOBS,2026-09-26T08:53:22Z,200,application/json,3181305,b5f7dc27ca1611ac2ac969181c9a03bcc22104b1b3fea99ee9e5019e237670f1,"W/""308af9-MORMqNhUepodbmpPacd572vS1CQ""",,changed,raw/apify.store.actors/2026/09/20260926T085322Z-b5f7dc27ca16.json.gz,,"projected:userPictureUrl,pictureUrl,url"
apify.store.actors,https://api.apify.com/v2/store?limit=1000&offset=2000&category=JOBS,2026-09-26T08:53:24Z,200,application/json,2996666,332b8436a188d6ae2bbe8f453445d7dc8786d37f0927e47e369d1ccce59c88d4,"W/""2db9ba-IDWWIG9uY/thgtsvW77j7Fx1yrg""",,changed,raw/apify.store.actors/2026/09/20260926T085324Z-332b8436a188.json.gz,,"projected:userPictureUrl,pictureUrl,url"
apify.store.actors,https://api.apify.com/v2/store?limit=1000&offset=3000&category=JOBS,2026-09-26T08:53:26Z,200,application/json,2736175,2dfc08623a7257cb4b288269cd792c906c157baf802723637f8918e2358961b3,"W/""29c02f-piwaLdKE+9alkXHPvPUa6u9Qg1E""",,changed,raw/apify.store.actors/2026/09/20260926T085326Z-2dfc08623a72.json.gz,,"projected:userPictureUrl,pictureUrl,url"
apify.store.actors,https://api.apify.com/v2/store?limit=1000&offset=4000&category=JOBS,2026-09-26T08:53:29Z,200,application/json,2963989,b90f054bbf234726fe6a0ec7bb2262d125252773cdf9edebfa2240b75f43da22,"W/""2d3a15-L4R2btRStksPh0i4b0qQfNLsl0k""",,changed,raw/apify.store.actors/2026/09/20260926T085329Z-b90f054bbf23.json.gz,,"projected:userPictureUrl,pictureUrl,url"
apify.store.actors,https://api.apify.com/v2/store?limit=1000&offset=5000&category=JOBS,2026-09-26T08:53:32Z,200,application/json,3059084,d29d0dafb7048749edecabcff13f4d5adfc32e4bd6b4feb7d688a169b804018e,"W/""2ead8c-sCKxPTTI/N+n6mFO7VfO5midLC4""",,changed,raw/apify.store.actors/2026/09/20260926T085332Z-d29d0dafb704.json.gz,,"projected:userPictureUrl,pictureUrl,url"
apify.store.actors,https://api.apify.com/v2/store?limit=1000&offset=6000&category=JOBS,2026-09-26T08:53:34Z,200,application/json,1008842,e68e0be04594d040c2c1610c0ddcfe1b4a112cfec6f468aefa7f2d3b237519e3,"W/""f64ca-EDj5xQ6vton4q+V7+iKgwsEM+P0""",,changed,raw/apify.store.actors/2026/09/20260926T085334Z-e68e0be04594.json.gz,,"projected:userPictureUrl,pictureUrl,url"
apify.store.actors,https://api.apify.com/v2/store?limit=1000&offset=0&category=REAL_ESTATE,2026-09-26T08:53:36Z,200,application/json,3692612,b20f84c76235a440edd01539c7dd5ab84066a53e8592eccb2901fbf4ec8cfcc1,"W/""385844-CtU0GvYZYwP+t9VJgN1PdpJpxeM""",,changed,raw/apify.store.actors/2026/09/20260926T085336Z-b20f84c76235.json.gz,,"projected:userPictureUrl,pictureUrl,url"
apify.store.actors,https://api.apify.com/v2/store?limit=1000&offset=1000&category=REAL_ESTATE,2026-09-26T08:53:39Z,200,application/json,3388097,37612ed767671e4edf4e2f676ba3dcf1540e3b16b9799b499d89caa4ef32ea2e,"W/""33b2c1-9PlM5CrU0nhGueV1fCtTTTND/RQ""",,changed,raw/apify.store.actors/2026/09/20260926T085339Z-37612ed76767.json.gz,,"projected:userPictureUrl,pictureUrl,url"
apify.store.actors,https://api.apify.com/v2/store?limit=1000&offset=2000&category=REAL_ESTATE,2026-09-26T08:53:42Z,200,application/json,3093107,d2434076c6bba8f5e7bdc1e00c8170d7c9a03158eec96a3a988e6034319cdba6,"W/""2f3273-99NdLW1QE0jtMOLOGGcvk6agAmU""",,changed,raw/apify.store.actors/2026/09/20260926T085342Z-d2434076c6bb.json.gz,,"projected:userPictureUrl,pictureUrl,url"
apify.store.actors,https://api.apify.com/v2/store?limit=1000&offset=3000&category=REAL_ESTATE,2026-09-26T08:53:44Z,200,application/json,3331306,ef455780ab5a460656c57bcdf50a7baaad4ea938bef40299da7371c40dc155c3,"W/""32d4ea-vvzKdPnIR9ecvd0jrJDbXpzSf44""",,changed,raw/apify.store.actors/2026/09/20260926T085344Z-ef455780ab5a.json.gz,,"projected:userPictureUrl,pictureUrl,url"
apify.store.actors,https://api.apify.com/v2/store?limit=1000&offset=4000&category=REAL_ESTATE,2026-09-26T08:53:47Z,200,application/json,2922025,c10435e65b7b3bc680f310d47442d5eef643c6b17d1f6f8363228c92f33fafcd,"W/""2c9629-+Ibfij7VtUc0/GGhS0wFtqqtLK4""",,changed,raw/apify.store.actors/2026/09/20260926T085347Z-c10435e65b7b.json.gz,,"projected:userPictureUrl,pictureUrl,url"
apify.store.actors,https://api.apify.com/v2/store?limit=1000&offset=0&category=BUSINESS,2026-09-26T08:53:50Z,200,application/json,3716865,6b3f8cc5e4e07e8b742bbbbdf908111c327bbd44eff53173fd5f96a45dc488f0,"W/""38b701-l3AGagQD80Bl/he8kIa0axzSyCo""",,changed,raw/apify.store.actors/2026/09/20260926T085350Z-6b3f8cc5e4e0.json.gz,,"projected:userPictureUrl,pictureUrl,url"
apify.store.actors,https://api.apify.com/v2/store?limit=1000&offset=1000&category=BUSINESS,2026-09-26T08:53:53Z,200,application/json,3276682,a4029731fd81c25102a16f7d6253a802c4f6a278e3898987510fe501b1d39ee4,"W/""31ff8a-tG0z3im7xfSEDSoh7zIMxrhrPEk""",,changed,raw/apify.store.actors/2026/09/20260926T085353Z-a4029731fd81.json.gz,,"projected:userPictureUrl,pictureUrl,url"
apify.store.actors,https://api.apify.com/v2/store?limit=1000&offset=2000&category=BUSINESS,2026-09-26T08:53:55Z,200,application/json,3018851,ef8099f21a3736ef77646469cc567bb4d343e9c27628ce6dead3118d108d9772,"W/""2e1063-+6rbX69a/jqae++8FxN9llEqi+E""",,changed,raw/apify.store.actors/2026/09/20260926T085355Z-ef8099f21a37.json.gz,,"projected:userPictureUrl,pictureUrl,url"
apify.store.actors,https://api.apify.com/v2/store?limit=1000&offset=3000&category=BUSINESS,2026-09-26T08:53:58Z,200,application/json,3251651,40ad67880e673a0dd0604b8800de323a5cf62f3e144f9600a22e2bcc11111c3d,"W/""319dc3-224DYaBiAoRp/KuaddModbWxKZs""",,changed,raw/apify.store.actors/2026/09/20260926T085358Z-40ad67880e67.json.gz,,"projected:userPictureUrl,pictureUrl,url"
apify.store.actors,https://api.apify.com/v2/store?limit=1000&offset=4000&category=BUSINESS,2026-09-26T08:54:01Z,200,application/json,2711929,d3090ca75dc2bb1fd2ad23acb564bbfa30053ba90f01542a35e3a45737782f9d,"W/""296179-BslRubI6Fw/cQwSHJwXwe9KxGkI""",,changed,raw/apify.store.actors/2026/09/20260926T085401Z-d3090ca75dc2.json.gz,,"projected:userPictureUrl,pictureUrl,url"
apify.store.actors,https://api.apify.com/v2/store?limit=1000&offset=5000&category=BUSINESS,2026-09-26T08:54:03Z,200,application/json,3049622,8ebc35731c800964ce407aede8f6342aea065b64d40bf2f3ebd556cd61b4ff45,"W/""2e8896-CRY/+yjMi8juAw5P1kQs4efe/RY""",,changed,raw/apify.store.actors/2026/09/20260926T085403Z-8ebc35731c80.json.gz,,"projected:userPictureUrl,pictureUrl,url"
apify.store.actors,https://api.apify.com/v2/store?limit=1000&offset=6000&category=BUSINESS,2026-09-26T08:54:06Z,200,application/json,3117920,23ad2348a32ea47e5a018e90b536cd3241ed875f62715b2e0de491aeaceb3514,"W/""2f9360-MSWspDCNT9Yt97ttvtmUflX0IsM""",,changed,raw/apify.store.actors/2026/09/20260926T085406Z-23ad2348a32e.json.gz,,"projected:userPictureUrl,pictureUrl,url"
apify.store.actors,https://api.apify.com/v2/store?limit=1000&offset=7000&category=BUSINESS,2026-09-26T08:54:09Z,200,application/json,3130705,f946504c44d819609310a246fd040dc9b16a9724a8e4f1c5f52c51694f2dcdf4,"W/""2fc551-XD2GY/VbixC+iCtZzYEoaqd1kvM""",,changed,raw/apify.store.actors/2026/09/20260926T085409Z-f946504c44d8.json.gz,,"projected:userPictureUrl,pictureUrl,url"
apify.store.actors,https://api.apify.com/v2/store?limit=1000&offset=0&category=SEO_TOOLS,2026-09-26T08:54:11Z,200,application/json,3305957,c4803b7a0c5acfe5c39125872b9d473f6cc39ab99f44b1d0320d85f1263126cb,"W/""3271e5-VnjsJAc8Hm/XvwUSuhp26YJ5RZ4""",,changed,raw/apify.store.actors/2026/09/20260926T085411Z-c4803b7a0c5a.json.gz,,"projected:userPictureUrl,pictureUrl,url"
apify.store.actors,https://api.apify.com/v2/store?limit=1000&offset=1000&category=SEO_TOOLS,2026-09-26T08:54:15Z,200,application/json,3020087,a1a9e67ed181f0e58e8c11b9f7b46e45749f83f66f57db0655ee344ed723bf6d,"W/""2e1537-/k0Asy4/c1RpR3xDeNxJEO6FSXo""",,changed,raw/apify.store.actors/2026/09/20260926T085415Z-a1a9e67ed181.json.gz,,"projected:userPictureUrl,pictureUrl,url"
apify.store.actors,https://api.apify.com/v2/store?limit=1000&offset=2000&category=SEO_TOOLS,2026-09-26T08:54:17Z,200,application/json,2353297,cf008006d5e952fc000634baaea58351fc29cbd1ebd4934aea3e9cb2567039e2,"W/""23e891-ZP5NhZcZ4bLL7E6HZ5cSdTBrYxw""",,changed,raw/apify.store.actors/2026/09/20260926T085417Z-cf008006d5e9.json.gz,,"projected:userPictureUrl,pictureUrl,url"
apify.store.actors,https://api.apify.com/v2/store?limit=1000&offset=3000&category=SEO_TOOLS,2026-09-26T08:54:19Z,200,application/json,2771233,89c63b5f5367d1bd45ba44d094dcfacf9c3fc85dc76c8bb5dc209b945d1f50de,"W/""2a4921-4E1cF4VGpVXcpgT7K8aHyEsW5PI""",,changed,raw/apify.store.actors/2026/09/20260926T085419Z-89c63b5f5367.json.gz,,"projected:userPictureUrl,pictureUrl,url"
apify.store.actors,https://api.apify.com/v2/store?limit=1000&offset=4000&category=SEO_TOOLS,2026-09-26T08:54:22Z,200,application/json,717308,a641559d60d7bc75d6bc40acf71bb659a82e4335092cd65fc5de5412a9cfe816,"W/""af1fc-edqoOmEq+gZZVYupqCoFeUjnv8o""",,changed,raw/apify.store.actors/2026/09/20260926T085422Z-a641559d60d7.json.gz,,"projected:userPictureUrl,pictureUrl,url"
apify.store.actors,https://api.apify.com/v2/store?limit=1000&offset=0&category=VIDEOS,2026-09-26T08:54:25Z,200,application/json,3100173,3fb2dccb59d9fd95c698b169dc7b1ec498b758874e652c3331df337098497dd8,"W/""2f4e0d-Z1NRxMXq0bmZp7xrAFfPTawBEaM""",,changed,raw/apify.store.actors/2026/09/20260926T085425Z-3fb2dccb59d9.json.gz,,"projected:userPictureUrl,pictureUrl,url"
apify.store.actors,https://api.apify.com/v2/store?limit=1000&offset=1000&category=VIDEOS,2026-09-26T08:54:27Z,200,application/json,2902117,1fdb0130f6fa72348aad0f713fc3d9911226000c8c4e011c77a88c72fa5d8bf6,"W/""2c4865-4KXwYjl4pu2yYJuFHyX35jFQxWw""",,changed,raw/apify.store.actors/2026/09/20260926T085427Z-1fdb0130f6fa.json.gz,,"projected:userPictureUrl,pictureUrl,url"
apify.store.actors,https://api.apify.com/v2/store?limit=1000&offset=2000&category=VIDEOS,2026-09-26T08:54:31Z,200,application/json,2720432,59bb2e52dd2a456d8bbb553353a32cb64c6649b1c4cce0332fe16b5bfb348ebe,"W/""2982b0-yPFkTkcsxMxKV6k2Eiy9XK9tfFY""",,changed,raw/apify.store.actors/2026/09/20260926T085431Z-59bb2e52dd2a.json.gz,,"projected:userPictureUrl,pictureUrl,url"
apify.store.actors,https://api.apify.com/v2/store?limit=1000&offset=3000&category=VIDEOS,2026-09-26T08:54:33Z,200,application/json,741576,e2f32585ef17f0b29274ad865c80c29baf3b1b04f7fd7bca4f5ae27430a32e4a,"W/""b50c8-8lo0j2FP4AaRD6UY2fr5L0p2dkk""",,changed,raw/apify.store.actors/2026/09/20260926T085433Z-e2f32585ef17.json.gz,,"projected:userPictureUrl,pictureUrl,url"
apify.store.actors,https://api.apify.com/v2/store?limit=1000&offset=0&category=AGENTS,2026-09-26T08:54:35Z,200,application/json,3247414,4b44f20b6546bf7ac0aad35118b7959ae9bd402a535e75563ee29bcd3346cf21,"W/""318d36-PlbXCCim0lqQZpmUFRSoXUQ210Q""",,changed,raw/apify.store.actors/2026/09/20260926T085435Z-4b44f20b6546.json.gz,,"projected:userPictureUrl,pictureUrl,url"
apify.store.actors,https://api.apify.com/v2/store?limit=1000&offset=1000&category=AGENTS,2026-09-26T08:54:38Z,200,application/json,2825708,f8fc314432be88ab06bd99ff4f5db52820c704bf1395d6b87a0a9b905fdd2579,"W/""2b1dec-BcdQzUufaUVoVlG26LYgBwP6qB4""",,changed,raw/apify.store.actors/2026/09/20260926T085438Z-f8fc314432be.json.gz,,"projected:userPictureUrl,pictureUrl,url"
apify.store.actors,https://api.apify.com/v2/store?limit=1000&offset=2000&category=AGENTS,2026-09-26T08:54:41Z,200,application/json,2759877,3623b249affa9d701254f620c088c33e0435728e3f25298d60ceffd13e8a8695,"W/""2a1cc5-Cmkn0xEUAOt0290DzsDIyOVJmQg""",,changed,raw/apify.store.actors/2026/09/20260926T085441Z-3623b249affa.json.gz,,"projected:userPictureUrl,pictureUrl,url"
apify.store.actors,https://api.apify.com/v2/store?limit=1000&offset=3000&category=AGENTS,2026-09-26T08:54:43Z,200,application/json,1732127,c4898975c23efb6d158817d67591a36c0162b1079f84855097889417c90c4017,"W/""1a6e1f-RPD+WHihORU/3yW8HeesmwNlEPc""",,changed,raw/apify.store.actors/2026/09/20260926T085443Z-c4898975c23e.json.gz,,"projected:userPictureUrl,pictureUrl,url"
apify.store.actors,https://api.apify.com/v2/store?limit=1000&offset=0&category=INTEGRATIONS,2026-09-26T08:54:46Z,200,application/json,3131768,c51eb5ab64fd959e1c07d8134176af10d38e070e14bf47ac2918df5a7b522387,"W/""2fc978-EAWO15TizPyNFZY6IHWXmN1InTk""",,changed,raw/apify.store.actors/2026/09/20260926T085446Z-c51eb5ab64fd.json.gz,,"projected:userPictureUrl,pictureUrl,url"
apify.store.actors,https://api.apify.com/v2/store?limit=1000&offset=1000&category=INTEGRATIONS,2026-09-26T08:54:48Z,200,application/json,3104378,01966d86edcdfeb4cdfb962573ad53bf3214d84984b3c89dca122fc41e1a4ae7,"W/""2f5e7a-3oFHaBZ33hmqZe6F1PlKK+Z/WYg""",,changed,raw/apify.store.actors/2026/09/20260926T085448Z-01966d86edcd.json.gz,,"projected:userPictureUrl,pictureUrl,url"
apify.store.actors,https://api.apify.com/v2/store?limit=1000&offset=2000&category=INTEGRATIONS,2026-09-26T08:54:51Z,200,application/json,3048233,fb9fdfe26ae41b37e9e2bc25cdf915754d28a0d922006b66a57fe386b3240846,"W/""2e8329-kr4EJb8UrXJd2KfeFwLwC8K/v1s""",,changed,raw/apify.store.actors/2026/09/20260926T085451Z-fb9fdfe26ae4.json.gz,,"projected:userPictureUrl,pictureUrl,url"
apify.store.actors,https://api.apify.com/v2/store?limit=1000&offset=0&category=NEWS,2026-09-26T08:54:53Z,200,application/json,3119722,54f116ec808bac0a97fe1a9549cf31bab149357c110936055765410b29cb760f,"W/""2f9a6a-NfJ8sCdnUOsXOybQcVGBoNYHpuQ""",,changed,raw/apify.store.actors/2026/09/20260926T085453Z-54f116ec808b.json.gz,,"projected:userPictureUrl,pictureUrl,url"
apify.store.actors,https://api.apify.com/v2/store?limit=1000&offset=1000&category=NEWS,2026-09-26T08:54:56Z,200,application/json,2998719,be80ebf2417d30c50ef65ad328c95e0b2eed5fa2529de146c429d578bcaffaed,"W/""2dc1bf-MgzrtVa6Flyq/zwIXc4ZlyYq0qM""",,changed,raw/apify.store.actors/2026/09/20260926T085456Z-be80ebf2417d.json.gz,,"projected:userPictureUrl,pictureUrl,url"
apify.store.actors,https://api.apify.com/v2/store?limit=1000&offset=2000&category=NEWS,2026-09-26T08:54:58Z,200,application/json,2742976,ebee5329134453bc2ace616ced0b0d7d2899411f0232e63ef25f1075e4040f3b,"W/""29dac0-gMuw7asvGq8aM3LIbpJb4fnP1MA""",,changed,raw/apify.store.actors/2026/09/20260926T085458Z-ebee53291344.json.gz,,"projected:userPictureUrl,pictureUrl,url"
apify.store.actors,https://api.apify.com/v2/store?limit=1000&offset=3000&category=NEWS,2026-09-26T08:55:01Z,200,application/json,2400725,2e40ed4c1a420cf4fbf346ae6154e4013ac9048fe5ce62c973390aa0925f5fb5,"W/""24a1d5-ShxWEm6YCjUyLMPLVDsS9v3zvYw""",,changed,raw/apify.store.actors/2026/09/20260926T085501Z-2e40ed4c1a42.json.gz,,"projected:userPictureUrl,pictureUrl,url"
apify.store.actors,https://api.apify.com/v2/store?limit=1000&offset=0&category=TRAVEL,2026-09-26T08:55:04Z,200,application/json,3479171,a7ee337a2472fb8b66441cbe7f848333c79dbbcd6142a4d78ff4c6b9489e04e9,"W/""351683-e1xyobzl0c8+h54S4Zb16wVhgTw""",,changed,raw/apify.store.actors/2026/09/20260926T085504Z-a7ee337a2472.json.gz,,"projected:userPictureUrl,pictureUrl,url"
apify.store.actors,https://api.apify.com/v2/store?limit=1000&offset=1000&category=TRAVEL,2026-09-26T08:55:07Z,200,application/json,3125870,3740713a5c700a7e2b1ee704d3c6b874bb305a53fbcdb4e9166d8197a5962591,"W/""2fb26e-AIxVQVGGUpttXuHE9Oy2/x0ln08""",,changed,raw/apify.store.actors/2026/09/20260926T085507Z-3740713a5c70.json.gz,,"projected:userPictureUrl,pictureUrl,url"
apify.store.actors,https://api.apify.com/v2/store?limit=1000&offset=2000&category=TRAVEL,2026-09-26T08:55:10Z,200,application/json,1715479,e6e1e00f7843a871f30d2573d30b97185c3ca0ae86ccc734fb5e31584a1fc860,"W/""1a2d17-qKdL+hgKgrsSMig8Yr9UQRGU1BM""",,changed,raw/apify.store.actors/2026/09/20260926T085510Z-e6e1e00f7843.json.gz,,"projected:userPictureUrl,pictureUrl,url"
apify.store.actors,https://api.apify.com/v2/store?limit=1000&offset=0&category=MCP_SERVERS,2026-09-26T08:55:12Z,200,application/json,3390315,f422fc60a58263211a789a1a58603a385c05cbf9aa05210f8988a901a9c4667c,"W/""33bb6b-qgHKMCkqkd9z0iO7LMbZkrxrl/o""",,changed,raw/apify.store.actors/2026/09/20260926T085512Z-f422fc60a582.json.gz,,"projected:userPictureUrl,pictureUrl,url"
apify.store.actors,https://api.apify.com/v2/store?limit=1000&offset=1000&category=MCP_SERVERS,2026-09-26T08:55:15Z,200,application/json,3194527,ed8dd2ead4a9343b959c31861f962d9087d466829240c4d5f4ab15eaf2e9e844,"W/""30be9f-Lu6lYvLoGKUCsfddc1Ci/0LSmdM""",,changed,raw/apify.store.actors/2026/09/20260926T085515Z-ed8dd2ead4a9.json.gz,,"projected:userPictureUrl,pictureUrl,url"
apify.store.actors,https://api.apify.com/v2/store?limit=1000&offset=2000&category=MCP_SERVERS,2026-09-26T08:55:18Z,200,application/json,1369096,6050fd07337316be205a2bb6c9fb7ae2142b57522563c2601bffe94734d1c743,"W/""14e408-ZVkhxSzP9ailNdWhidRhtV68iUI""",,changed,raw/apify.store.actors/2026/09/20260926T085518Z-6050fd073373.json.gz,,"projected:userPictureUrl,pictureUrl,url"
apify.store.actors,https://api.apify.com/v2/store?limit=1000&offset=0&category=MARKETING,2026-09-26T08:55:20Z,200,application/json,3443005,b162b4cd2de86b628efaad9a9f167592d1022223421ddb1e566ffbec0e618b8a,"W/""34893d-8J1E4waTpbzuO5GPreugZr7KE6A""",,changed,raw/apify.store.actors/2026/09/20260926T085520Z-b162b4cd2de8.json.gz,,"projected:userPictureUrl,pictureUrl,url"
apify.store.actors,https://api.apify.com/v2/store?limit=1000&offset=1000&category=MARKETING,2026-09-26T08:55:22Z,200,application/json,2857909,3ca223ac41f8ab20b6c5bf6b8b497e6c8fc6a624753c720732ed3dc8ba2c2e63,"W/""2b9bb5-SOLfLT6+l+mEK/C+kWvQBdnQO8c""",,changed,raw/apify.store.actors/2026/09/20260926T085522Z-3ca223ac41f8.json.gz,,"projected:userPictureUrl,pictureUrl,url"
apify.store.actors,https://api.apify.com/v2/store?limit=1000&offset=2000&category=MARKETING,2026-09-26T08:55:25Z,200,application/json,642066,dda06061c6e39970d642b4fd3daa684e6844511a441077e053166a60483167da,"W/""9cc12-DOtDRwfBJh8pwU1UC/0lHwIGMT0""",,changed,raw/apify.store.actors/2026/09/20260926T085525Z-dda06061c6e3.json.gz,,"projected:userPictureUrl,pictureUrl,url"
apify.store.actors,https://api.apify.com/v2/store?limit=1000&offset=0&category=OPEN_SOURCE,2026-09-26T08:55:27Z,200,application/json,591637,b7c49ee4e4f0ae28bc4a385e42948d7021bd1fbddaed1f8fb2d68be9f5ffa6ca,"W/""90715-QKXSRmKuyKDAHLLwTuFuwXip59I""",,changed,raw/apify.store.actors/2026/09/20260926T085527Z-b7c49ee4e4f0.json.gz,,"projected:userPictureUrl,pictureUrl,url"
apify.store.actors,https://api.apify.com/v2/store?limit=1000&offset=0&category=SPORTS,2026-09-26T08:55:30Z,200,application/json,1282916,2eadc9fcb77ed6882bad4ccb2f457731d339e709a108bc079d219fc2f23903c4,"W/""139364-CWKpth43vz0x565pswjrShN1vN4""",,changed,raw/apify.store.actors/2026/09/20260926T085530Z-2eadc9fcb77e.json.gz,,"projected:userPictureUrl,pictureUrl,url"
apify.store.actors,https://api.apify.com/v2/store?limit=1000&offset=0&category=FOR_CREATORS,2026-09-26T08:55:32Z,200,application/json,933364,2a6302db0fa8ec3f88782bee27ad24928715d0040e4bccfbbbb619a639b835f3,"W/""e3df4-L6PZc8an9yrZnYRgyVNsZPB0NkI""",,changed,raw/apify.store.actors/2026/09/20260926T085532Z-2a6302db0fa8.json.gz,,"projected:userPictureUrl,pictureUrl,url"
apify.store.actors,https://api.apify.com/v2/store?limit=1000&offset=0&category=EDUCATION,2026-09-26T08:55:34Z,200,application/json,1860813,3cf3ea6e1ba816874942bbc10e127c368b202ad6c81a6dfede91d1ed88b3b524,"W/""1c64cd-s7IXpglf6UZm/1bTjIoqihE/gzw""",,changed,raw/apify.store.actors/2026/09/20260926T085534Z-3cf3ea6e1ba8.json.gz,,"projected:userPictureUrl,pictureUrl,url"
apify.store.actors,https://api.apify.com/v2/store?limit=1000&offset=0&category=GAMES,2026-09-26T08:55:36Z,200,application/json,421951,0f2a40054b57990204665c02223ec8f0fc88d9185f8be47125bc62f47419e3bf,"W/""6703f-aLqSh/2fc6qOahDlthCavzNHDkA""",,changed,raw/apify.store.actors/2026/09/20260926T085536Z-0f2a40054b57.json.gz,,"projected:userPictureUrl,pictureUrl,url"
apify.store.actors,https://api.apify.com/v2/store?limit=1000&offset=0,2026-09-27T09:30:32Z,200,application/json,3975060,cadf8a0692c8bb77c971e2ddd7bf61c9b70b22e5739848b53aea5f0406c4f8b5,"W/""3ca794-edAMutt4iBh5Ic4C+GrFtq5f540""",,changed,raw/apify.store.actors/2026/09/20260927T093032Z-cadf8a0692c8.json.gz,,"projected:userPictureUrl,pictureUrl,url"
apify.store.actors,https://api.apify.com/v2/store?limit=1000&offset=1000,2026-09-27T09:30:37Z,200,application/json,3966984,b9473f1db46c829f8a55b2f3f23c2b1dd58cb52facd2c7f66c89d3a1a4585af8,"W/""3c8808-Y97Btn8flQdcoA5crTiWA5o1yqQ""",,changed,raw/apify.store.actors/2026/09/20260927T093037Z-b9473f1db46c.json.gz,,"projected:userPictureUrl,pictureUrl,url"
apify.store.actors,https://api.apify.com/v2/store?limit=1000&offset=2000,2026-09-27T09:30:39Z,200,application/json,3686611,57cc0e4832cfb9517d11ce80a22e71544c6fb650cdb4e810c6ed2ea226d694d7,"W/""3840d3-oCkZntdGaocdC64kr0F74LRJgAI""",,changed,raw/apify.store.actors/2026/09/20260927T093039Z-57cc0e4832cf.json.gz,,"projected:userPictureUrl,pictureUrl,url"
apify.store.actors,https://api.apify.com/v2/store?limit=1000&offset=3000,2026-09-27T09:30:42Z,200,application/json,3548627,26197196572571887f350253ed2e5198c39bbda4ce034be85e7790ae1dc5acc6,"W/""3625d3-xAU/UwHohQsIsHsW0gTzVJDxnrI""",,changed,raw/apify.store.actors/2026/09/20260927T093042Z-261971965725.json.gz,,"projected:userPictureUrl,pictureUrl,url"
apify.store.actors,https://api.apify.com/v2/store?limit=1000&offset=4000,2026-09-27T09:30:46Z,200,application/json,3130960,c95c2abf343e838f09cab8c763a0d2514d891320b941eccf9ca4ba5218893ada,"W/""2fc650-3HwZsQZDGyd+pv3X6plJKWd5BzU""",,changed,raw/apify.store.actors/2026/09/20260927T093046Z-c95c2abf343e.json.gz,,"projected:userPictureUrl,pictureUrl,url"
apify.store.actors,https://api.apify.com/v2/store?limit=1000&offset=5000,2026-09-27T09:30:49Z,200,application/json,3624297,ee910027222230bdf4e841356fbe578bd10cb80f15e3ee5052ec057b23d01782,"W/""374d69-D8xZc8I5lOHMhVJ8n+iU2gqkP/A""",,changed,raw/apify.store.actors/2026/09/20260927T093049Z-ee9100272222.json.gz,,"projected:userPictureUrl,pictureUrl,url"
apify.store.actors,https://api.apify.com/v2/store?limit=1000&offset=6000,2026-09-27T09:30:51Z,200,application/json,3592388,eb0b0ecf18c7226b397ccc0128a325d8460a720cb9fbb17721dcdf72fab29166,"W/""36d0c4-A0LEPDIPv/kMg9OGSvv4G4lhZ7s""",,changed,raw/apify.store.actors/2026/09/20260927T093051Z-eb0b0ecf18c7.json.gz,,"projected:userPictureUrl,pictureUrl,url"
apify.store.actors,https://api.apify.com/v2/store?limit=1000&offset=7000,2026-09-27T09:30:53Z,200,application/json,3515335,3af9004b54aebb72be558ac71e1fd41559beaecbf2e300316df8fef46cedf5cb,"W/""35a3c7-zVviPYjsnZXtyNRXBYtuRx5POI8""",,changed,raw/apify.store.actors/2026/09/20260927T093053Z-3af9004b54ae.json.gz,,"projected:userPictureUrl,pictureUrl,url"
apify.store.actors,https://api.apify.com/v2/store?limit=1000&offset=8000,2026-09-27T09:30:56Z,200,application/json,3454200,6a67924794b04b756c46f0bf51c0749cff8b2ef44c05982dc3215fac9e413cf2,"W/""34b4f8-lR7Tw6Rs2ui5noUqKhXtANFAQJA""",,changed,raw/apify.store.actors/2026/09/20260927T093056Z-6a67924794b0.json.gz,,"projected:userPictureUrl,pictureUrl,url"
apify.store.actors,https://api.apify.com/v2/store?limit=1000&offset=9000,2026-09-27T09:31:00Z,200,application/json,3438429,ee18a8f12c31958cc013ca3f7bb2477b4b1c155c3ff5bf2e75b1abde57b6e154,"W/""34775d-auXr9Uvow6YiBnQA1317RYe1rFA""",,changed,raw/apify.store.actors/2026/09/20260927T093100Z-ee18a8f12c31.json.gz,,"projected:userPictureUrl,pictureUrl,url"
apify.store.actors,https://api.apify.com/v2/store?limit=1000&offset=10000,2026-09-27T09:31:03Z,200,application/json,3628804,5c018021384a0c8caf78359d0f1864539d073f5ed3f614af116bcfda85e8eca9,"W/""375f04-ABVK3ZetufuWyr6FwB45ZErTyM8""",,changed,raw/apify.store.actors/2026/09/20260927T093103Z-5c018021384a.json.gz,,"projected:userPictureUrl,pictureUrl,url"
apify.store.actors,https://api.apify.com/v2/store?limit=1000&offset=11000,2026-09-27T09:31:05Z,200,application/json,2218233,7dc2b99e5ceb5c8913cb03542dd7842b2291d99d09f6f859c68c0523beee7779,"W/""21d8f9-vMg9OKh1DFLt/woFF6TcvE2PyWQ""",,changed,raw/apify.store.actors/2026/09/20260927T093105Z-7dc2b99e5ceb.json.gz,,"projected:userPictureUrl,pictureUrl,url"
apify.store.actors,https://api.apify.com/v2/store?limit=1000&offset=12000,2026-09-27T09:31:08Z,200,application/json,2598829,6694ab1143726c4aad8eedf5de07d5956a3af3a4755c62906b9d05833fad478a,"W/""27a7ad-mOEzLLLATlInGwwD1ENfFvxIH6A""",,changed,raw/apify.store.actors/2026/09/20260927T093108Z-6694ab114372.json.gz,,"projected:userPictureUrl,pictureUrl,url"
apify.store.actors,https://api.apify.com/v2/store?limit=1000&offset=13000,2026-09-27T09:31:11Z,200,application/json,2768236,92aeb9fa6d509fbce2954955e64a68ad05a2155acb8c648dd1601f857768e15a,"W/""2a3d6c-lov4plcOmpZzXcCaPvc2dZmblXc""",,changed,raw/apify.store.actors/2026/09/20260927T093111Z-92aeb9fa6d50.json.gz,,"projected:userPictureUrl,pictureUrl,url"
apify.store.actors,https://api.apify.com/v2/store?limit=1000&offset=14000,2026-09-27T09:31:13Z,200,application/json,2808420,fca3e809ea38cceeeeeb94b04ac39e4e6002d66ae3258f785dcc7d7706b81dcf,"W/""2ada64-FbGbGqjHErqwMDNsI0G3QPKEu1c""",,changed,raw/apify.store.actors/2026/09/20260927T093113Z-fca3e809ea38.json.gz,,"projected:userPictureUrl,pictureUrl,url"
apify.store.actors,https://api.apify.com/v2/store?limit=1000&offset=15000,2026-09-27T09:31:16Z,200,application/json,2858150,3d089993ba85888cc3e2f10b38271c30e6bc94c41b971f3677a78c6b30576bd1,"W/""2b9ca6-mm7z6ydw9JoWt2Mm30RD1Mv4SDM""",,changed,raw/apify.store.actors/2026/09/20260927T093116Z-3d089993ba85.json.gz,,"projected:userPictureUrl,pictureUrl,url"
apify.store.actors,https://api.apify.com/v2/store?limit=1000&offset=0&category=AUTOMATION,2026-09-27T09:31:18Z,200,application/json,3856375,88586312d05de898c42f2e7d7929e650a1ec6bfa0b7a1aec0f8721a4845c7e48,"W/""3ad7f7-byEmv0GZ4zkQBhnrazLOCaMZROk""",,changed,raw/apify.store.actors/2026/09/20260927T093118Z-88586312d05d.json.gz,,"projected:userPictureUrl,pictureUrl,url"
apify.store.actors,https://api.apify.com/v2/store?limit=1000&offset=1000&category=AUTOMATION,2026-09-27T09:31:21Z,200,application/json,4049099,0d9a769da6a352a1ddfd10b3b1e147a679f54a6ee987b0a6e9eb42cb490d3de4,"W/""3dc8cb-0d9NW6HPpc1XqZA7EBxyeSNBYXs""",,changed,raw/apify.store.actors/2026/09/20260927T093121Z-0d9a769da6a3.json.gz,,"projected:userPictureUrl,pictureUrl,url"
apify.store.actors,https://api.apify.com/v2/store?limit=1000&offset=2000&category=AUTOMATION,2026-09-27T09:31:24Z,200,application/json,3621283,36430a52ab85864ff630dc364269a77aca77e206d1ac051edc6e6b2aa8479b25,"W/""3741a3-Ya4ukX3F9b3FCIl2qHKG+3p6Dg8""",,changed,raw/apify.store.actors/2026/09/20260927T093124Z-36430a52ab85.json.gz,,"projected:userPictureUrl,pictureUrl,url"
apify.store.actors,https://api.apify.com/v2/store?limit=1000&offset=3000&category=AUTOMATION,2026-09-27T09:31:26Z,200,application/json,3439240,8755b616991a4795ae455effc01d95dc5adefcd1fa53b562c3a5d14c29b87005,"W/""347a88-5murhbQk7cWX0co6VSWlbVFyoiA""",,changed,raw/apify.store.actors/2026/09/20260927T093126Z-8755b616991a.json.gz,,"projected:userPictureUrl,pictureUrl,url"
apify.store.actors,https://api.apify.com/v2/store?limit=1000&offset=4000&category=AUTOMATION,2026-09-27T09:31:30Z,200,application/json,3029910,e1a612e5b32651b88f40009228568b9215d885e0dd743d1ab270449e575a1714,"W/""2e3b96-qLMlCjAK1NwyTlZVTNynXy0BFqg""",,changed,raw/apify.store.actors/2026/09/20260927T093130Z-e1a612e5b326.json.gz,,"projected:userPictureUrl,pictureUrl,url"
apify.store.actors,https://api.apify.com/v2/store?limit=1000&offset=5000&category=AUTOMATION,2026-09-27T09:31:32Z,200,application/json,2610310,ef9bb5449c442c6a884903ec3adb71073dd55835b8c2e925cf58f1795e0ef178,"W/""27d486-NJw/BEXrsg/uPmkr+UuO5ctwDhY""",,changed,raw/apify.store.actors/2026/09/20260927T093132Z-ef9bb5449c44.json.gz,,"projected:userPictureUrl,pictureUrl,url"
apify.store.actors,https://api.apify.com/v2/store?limit=1000&offset=6000&category=AUTOMATION,2026-09-27T09:31:34Z,200,application/json,2849208,74c15dbc562a1727cb781011719eedce46675ed04df3014fc1f8a99f4e643e88,"W/""2b79b8-tar9stR4RVnwjnxr89nHHkdXWzM""",,changed,raw/apify.store.actors/2026/09/20260927T093134Z-74c15dbc562a.json.gz,,"projected:userPictureUrl,pictureUrl,url"
apify.store.actors,https://api.apify.com/v2/store?limit=1000&offset=7000&category=AUTOMATION,2026-09-27T09:31:38Z,200,application/json,2909838,418af4a9e8f982b4e37d1ac687e05712e0ef94b262aefaa1081c4936b13b0312,"W/""2c668e-2yAldZCkdk9lqOP0XR4AmUy7dLI""",,changed,raw/apify.store.actors/2026/09/20260927T093138Z-418af4a9e8f9.json.gz,,"projected:userPictureUrl,pictureUrl,url"
apify.store.actors,https://api.apify.com/v2/store?limit=1000&offset=8000&category=AUTOMATION,2026-09-27T09:31:40Z,200,application/json,3109596,f52b17df5b02b0898356c3bb287b04cc77642e93056541dabdb3c3ad8d25193b,"W/""2f72dc-YgD2cHR8+AfIChtOIG54jZAuzgA""",,changed,raw/apify.store.actors/2026/09/20260927T093140Z-f52b17df5b02.json.gz,,"projected:userPictureUrl,pictureUrl,url"
apify.store.actors,https://api.apify.com/v2/store?limit=1000&offset=9000&category=AUTOMATION,2026-09-27T09:31:42Z,200,application/json,3122833,c48246e20a8e6f543c5eb9c08acf26a9ab6300dcd9dfbd7a12f128270f90f1e5,"W/""2fa691-CaKTjDG/NqIiMQB45WH6rfOkTws""",,changed,raw/apify.store.actors/2026/09/20260927T093142Z-c48246e20a8e.json.gz,,"projected:userPictureUrl,pictureUrl,url"
apify.store.actors,https://api.apify.com/v2/store?limit=1000&offset=10000&category=AUTOMATION,2026-09-27T09:31:45Z,200,application/json,2966208,c8e8762776832e1827120afccbacfe9a47388bdfbdc547ee84b5c67435f1c0e1,"W/""2d42c0-k3YIssnrYzEIsrUiBw1Xe3EGxFQ""",,changed,raw/apify.store.actors/2026/09/20260927T093145Z-c8e876277683.json.gz,,"projected:userPictureUrl,pictureUrl,url"
apify.store.actors,https://api.apify.com/v2/store?limit=1000&offset=11000&category=AUTOMATION,2026-09-27T09:31:48Z,200,application/json,3171181,4f2eee404c1ca06bda7058b89a4e50e8e23391a0baa46254dc9fe6f865e73fb2,"W/""30636d-7fuD+1g+67XYTO6T/W2hegiqbIo""",,changed,raw/apify.store.actors/2026/09/20260927T093148Z-4f2eee404c1c.json.gz,,"projected:userPictureUrl,pictureUrl,url"
apify.store.actors,https://api.apify.com/v2/store?limit=1000&offset=12000&category=AUTOMATION,2026-09-27T09:31:50Z,200,application/json,2963352,289dcde104b9902a2c7fb0f4a4c6ec7468b143bc426c45ac3fa4dac4f1112eb6,"W/""2d3798-8fekJYqsVKprcndHcE91DxLZrHw""",,changed,raw/apify.store.actors/2026/09/20260927T093150Z-289dcde104b9.json.gz,,"projected:userPictureUrl,pictureUrl,url"
apify.store.actors,https://api.apify.com/v2/store?limit=1000&offset=13000&category=AUTOMATION,2026-09-27T09:31:53Z,200,application/json,3055068,87114133590de0ce55298e84bd163e1fa7642c7f706851790ed00738b3bce8dd,"W/""2e9ddc-G//F9DrYFWXUO/evo45AMyDmPP8""",,changed,raw/apify.store.actors/2026/09/20260927T093153Z-87114133590d.json.gz,,"projected:userPictureUrl,pictureUrl,url"
apify.store.actors,https://api.apify.com/v2/store?limit=1000&offset=14000&category=AUTOMATION,2026-09-27T09:31:56Z,200,application/json,2926387,076f57095160ceb6c39860bec64638d16aa7c0e32c3a3607d9b404892aa3b122,"W/""2ca733-itSN9Tz57gWzLkf8KNpnewoSt1k""",,changed,raw/apify.store.actors/2026/09/20260927T093156Z-076f57095160.json.gz,,"projected:userPictureUrl,pictureUrl,url"
apify.store.actors,https://api.apify.com/v2/store?limit=1000&offset=15000&category=AUTOMATION,2026-09-27T09:31:58Z,200,application/json,3176308,2c6dd8b2f7894cf413eb7946cfae24c1fceee741536e575edd4678d95f451df9,"W/""307774-08LspaiGezOWDUzaQIT8TtzYR0w""",,changed,raw/apify.store.actors/2026/09/20260927T093158Z-2c6dd8b2f789.json.gz,,"projected:userPictureUrl,pictureUrl,url"
apify.store.actors,https://api.apify.com/v2/store?limit=1000&offset=0&category=LEAD_GENERATION,2026-09-27T09:32:01Z,200,application/json,3875550,7c462f68ac3e510235181308be87ca54acbd546b94983d886d9d9193bbf7229c,"W/""3b22de-JNwuKYB0z5kr42o8DMBf0OPuwrg""",,changed,raw/apify.store.actors/2026/09/20260927T093201Z-7c462f68ac3e.json.gz,,"projected:userPictureUrl,pictureUrl,url"
apify.store.actors,https://api.apify.com/v2/store?limit=1000&offset=1000&category=LEAD_GENERATION,2026-09-27T09:32:04Z,200,application/json,3559760,3a75f5b8e672ba5957d84c0a8a600981a74f432b1a0000b922ca2341ed7e0072,"W/""365150-+YAi5oiLHRDATSUHulzwHeUzVQQ""",,changed,raw/apify.store.actors/2026/09/20260927T093204Z-3a75f5b8e672.json.gz,,"projected:userPictureUrl,pictureUrl,url"
apify.store.actors,https://api.apify.com/v2/store?limit=1000&offset=2000&category=LEAD_GENERATION,2026-09-27T09:32:06Z,200,application/json,3564329,9a58b155d5cb23fce2dd7979a9697f515a6d12360ab9a74d6bd2b43e39f60d55,"W/""366329-RRp4DTpi4vFUOH6ERJ6/ShEMiws""",,changed,raw/apify.store.actors/2026/09/20260927T093206Z-9a58b155d5cb.json.gz,,"projected:userPictureUrl,pictureUrl,url"
apify.store.actors,https://api.apify.com/v2/store?limit=1000&offset=3000&category=LEAD_GENERATION,2026-09-27T09:32:09Z,200,application/json,3537869,0ef85837ee599c6f11fb2faa9826c9c8f5688a80f973955af171755c4a8da64f,"W/""35fbcd-p5owAkXa9kxOceJwusR4Rp2AUkA""",,changed,raw/apify.store.actors/2026/09/20260927T093209Z-0ef85837ee59.json.gz,,"projected:userPictureUrl,pictureUrl,url"
apify.store.actors,https://api.apify.com/v2/store?limit=1000&offset=4000&category=LEAD_GENERATION,2026-09-27T09:32:12Z,200,application/json,2989708,c09882d221168e98893f952c8e87ee28a65004a2db2b0dd1d294ca11d8364e9b,"W/""2d9e8c-ZimOl1t6uqP38uSejL5GOAlvkM0""",,changed,raw/apify.store.actors/2026/09/20260927T093212Z-c09882d22116.json.gz,,"projected:userPictureUrl,pictureUrl,url"
apify.store.actors,https://api.apify.com/v2/store?limit=1000&offset=5000&category=LEAD_GENERATION,2026-09-27T09:32:14Z,200,application/json,3000096,3abd6a45c57503bd5f0079124b82f625cad25a06114edf828e4e1cd28b151710,"W/""2dc720-ahNmmmhq5KHDSLBpzcHD1da9+PI""",,changed,raw/apify.store.actors/2026/09/20260927T093214Z-3abd6a45c575.json.gz,,"projected:userPictureUrl,pictureUrl,url"
apify.store.actors,https://api.apify.com/v2/store?limit=1000&offset=6000&category=LEAD_GENERATION,2026-09-27T09:32:17Z,200,application/json,3188186,181951a30e022e652a685b3cfa206d5bafce82888878ee3e38132bc65b11afed,"W/""30a5da-LfcaD7Drp0ssWm50JkNsvnAZS4w""",,changed,raw/apify.store.actors/2026/09/20260927T093217Z-181951a30e02.json.gz,,"projected:userPictureUrl,pictureUrl,url"
apify.store.actors,https://api.apify.com/v2/store?limit=1000&offset=7000&category=LEAD_GENERATION,2026-09-27T09:32:19Z,200,application/json,3218213,81d1255e2aea0c5ef994bad0039c058954b9c674009fa3730feaf3d8297f6e3e,"W/""311b25-htxnI+hwJzqozy9W++AVXA4QVWI""",,changed,raw/apify.store.actors/2026/09/20260927T093219Z-81d1255e2aea.json.gz,,"projected:userPictureUrl,pictureUrl,url"
apify.store.actors,https://api.apify.com/v2/store?limit=1000&offset=8000&category=LEAD_GENERATION,2026-09-27T09:32:22Z,200,application/json,3184060,4cfe0433d68c9a4407b0d6bd7ec369448bf49d9a34c01a38fc69c6875bc5e998,"W/""3095bc-GQjqzAqPc2tD2xUoVSyrngtDsfg""",,changed,raw/apify.store.actors/2026/09/20260927T093222Z-4cfe0433d68c.json.gz,,"projected:userPictureUrl,pictureUrl,url"
apify.store.actors,https://api.apify.com/v2/store?limit=1000&offset=9000&category=LEAD_GENERATION,2026-09-27T09:32:25Z,200,application/json,3178217,5c58c35ab5bb2232eefd9cf673882d06281ce55eea2fe2f085f41304b881373d,"W/""307ee9-U6uOWdZEF/xRxl9+tlvN3z31m14""",,changed,raw/apify.store.actors/2026/09/20260927T093225Z-5c58c35ab5bb.json.gz,,"projected:userPictureUrl,pictureUrl,url"
apify.store.actors,https://api.apify.com/v2/store?limit=1000&offset=10000&category=LEAD_GENERATION,2026-09-27T09:32:28Z,200,application/json,3183417,d037c68019416e99fe7606cb80cb6ea6f6433e40a1ea1307a378cbbb560b5bf8,"W/""309339-7OssUrLa5v2X9onrDXbD1CtYzfo""",,changed,raw/apify.store.actors/2026/09/20260927T093228Z-d037c6801941.json.gz,,"projected:userPictureUrl,pictureUrl,url"
apify.store.actors,https://api.apify.com/v2/store?limit=1000&offset=11000&category=LEAD_GENERATION,2026-09-27T09:32:30Z,200,application/json,2788237,d045ac024a40ec17e4404beb2dea7b7e779945f89c915ae9a7f1a990886b124f,"W/""2a8b8d-j+ocVepMKa7Z+5qiShz0y7e3bMs""",,changed,raw/apify.store.actors/2026/09/20260927T093230Z-d045ac024a40.json.gz,,"projected:userPictureUrl,pictureUrl,url"
apify.store.actors,https://api.apify.com/v2/store?limit=1000&offset=12000&category=LEAD_GENERATION,2026-09-27T09:32:32Z,200,application/json,2914360,d6c9ee723ea5694ca2024f97c8a57f26d3cdea3bd98fb742863c9658e2b176c8,"W/""2c7838-pcFiu9VoJY/ZfbttY+Zl+8dGf+4""",,changed,raw/apify.store.actors/2026/09/20260927T093232Z-d6c9ee723ea5.json.gz,,"projected:userPictureUrl,pictureUrl,url"
apify.store.actors,https://api.apify.com/v2/store?limit=1000&offset=13000&category=LEAD_GENERATION,2026-09-27T09:32:35Z,200,application/json,2898693,6300b68e93a2f7e76ebb30442324f23a9f4d9aaa3f66af2336931e7e47cf40e8,"W/""2c3b05-0O7GJ631vfwgFbi7Yv9Tkw//w5M""",,changed,raw/apify.store.actors/2026/09/20260927T093235Z-6300b68e93a2.json.gz,,"projected:userPictureUrl,pictureUrl,url"
apify.store.actors,https://api.apify.com/v2/store?limit=1000&offset=14000&category=LEAD_GENERATION,2026-09-27T09:32:37Z,200,application/json,2575385,69a6a1bf5d8a8493d6f43252c108741519fea7e2ead5159b5a581cc222cc34f7,"W/""274c19-/YuMXbK7fGZYuBQOus3jPvRAfmM""",,changed,raw/apify.store.actors/2026/09/20260927T093237Z-69a6a1bf5d8a.json.gz,,"projected:userPictureUrl,pictureUrl,url"
apify.store.actors,https://api.apify.com/v2/store?limit=1000&offset=15000&category=LEAD_GENERATION,2026-09-27T09:32:40Z,200,application/json,2936231,b62f9d52d2da29229ae5b2cddc46a9557592d0110f566cbd59803b917e006099,"W/""2ccda7-kA2xTgzHE60RhrLkAezYWRe2wGk""",,changed,raw/apify.store.actors/2026/09/20260927T093240Z-b62f9d52d2da.json.gz,,"projected:userPictureUrl,pictureUrl,url"
apify.store.actors,https://api.apify.com/v2/store?limit=1000&offset=0&category=DEVELOPER_TOOLS,2026-09-27T09:32:43Z,200,application/json,3767498,b9515ad9feb3e4262478ac7123c0c8059651c15f5de30fe68978142e2382d73d,"W/""397cca-9js5x9cSN98LQ8PzCfzsP29qfmw""",,changed,raw/apify.store.actors/2026/09/20260927T093243Z-b9515ad9feb3.json.gz,,"projected:userPictureUrl,pictureUrl,url"
apify.store.actors,https://api.apify.com/v2/store?limit=1000&offset=1000&category=DEVELOPER_TOOLS,2026-09-27T09:32:46Z,200,application/json,3692944,e3ee9b64d9751532308ff911365108dfa9f493caf419c2c35ba6cdce522a9637,"W/""385990-lL7wL/kEwd78tzsdLOf2lKDpHac""",,changed,raw/apify.store.actors/2026/09/20260927T093246Z-e3ee9b64d975.json.gz,,"projected:userPictureUrl,pictureUrl,url"
apify.store.actors,https://api.apify.com/v2/store?limit=1000&offset=2000&category=DEVELOPER_TOOLS,2026-09-27T09:32:48Z,200,application/json,3454007,a2bf2a0a98e4b6d85a4be999bd1907481fc36ace856685b23460eda59f421452,"W/""34b437-9p0LUoqiqUVhH9f++joyKJ+QZo8""",,changed,raw/apify.store.actors/2026/09/20260927T093248Z-a2bf2a0a98e4.json.gz,,"projected:userPictureUrl,pictureUrl,url"
apify.store.actors,https://api.apify.com/v2/store?limit=1000&offset=3000&category=DEVELOPER_TOOLS,2026-09-27T09:32:51Z,200,application/json,2882768,b9d76547523bc8387566dbc84ea8b558785d7152679073ec7de24786e8514cdc,"W/""2bfcd0-bCgpAUCdA5JKsEM49/gBavWjEfA""",,changed,raw/apify.store.actors/2026/09/20260927T093251Z-b9d76547523b.json.gz,,"projected:userPictureUrl,pictureUrl,url"
apify.store.actors,https://api.apify.com/v2/store?limit=1000&offset=4000&category=DEVELOPER_TOOLS,2026-09-27T09:32:54Z,200,application/json,2934835,f4a2b2eaa19b05cd957a674ef74975efddbb5ea14b416d5223738283dc99fab6,"W/""2cc833-OQEiUrjMWbi2aFWt+gT2j/M7Bt8""",,changed,raw/apify.store.actors/2026/09/20260927T093254Z-f4a2b2eaa19b.json.gz,,"projected:userPictureUrl,pictureUrl,url"
apify.store.actors,https://api.apify.com/v2/store?limit=1000&offset=5000&category=DEVELOPER_TOOLS,2026-09-27T09:32:57Z,200,application/json,2939093,03020a9bab7add28f78572135097054dbfc042f5805feb0fe7cb9f702474262e,"W/""2cd8d5-d0cjVeZm20DZr3b+b5w7O7VpkFU""",,changed,raw/apify.store.actors/2026/09/20260927T093257Z-03020a9bab7a.json.gz,,"projected:userPictureUrl,pictureUrl,url"
apify.store.actors,https://api.apify.com/v2/store?limit=1000&offset=6000&category=DEVELOPER_TOOLS,2026-09-27T09:32:59Z,200,application/json,2979901,062db9bf0da2851f4c3352744b4182fcad1fc3aa1ebd78fb2e52f637a5b96d0c,"W/""2d783d-bxGRNFfAn4idF1rUwstbe/b6z4U""",,changed,raw/apify.store.actors/2026/09/20260927T093259Z-062db9bf0da2.json.gz,,"projected:userPictureUrl,pictureUrl,url"
apify.store.actors,https://api.apify.com/v2/store?limit=1000&offset=7000&category=DEVELOPER_TOOLS,2026-09-27T09:33:02Z,200,application/json,2995050,40625e618ff5793a6ca7214edac7e429f09678b8e6a381385348f412c3cd096a,"W/""2db36a-rqPMjpdyeSVLITE7/5YfFkwnYI0""",,changed,raw/apify.store.actors/2026/09/20260927T093302Z-40625e618ff5.json.gz,,"projected:userPictureUrl,pictureUrl,url"
apify.store.actors,https://api.apify.com/v2/store?limit=1000&offset=8000&category=DEVELOPER_TOOLS,2026-09-27T09:33:05Z,200,application/json,2739303,2a6574b9f8314cfb60d8c81e1d960dde5483e9e8a05c2778876d6e8695f9a73b,"W/""29cc67-3aQB34/SIobGTRMBLzmgAwvnX1A""",,changed,raw/apify.store.actors/2026/09/20260927T093305Z-2a6574b9f831.json.gz,,"projected:userPictureUrl,pictureUrl,url"
apify.store.actors,https://api.apify.com/v2/store?limit=1000&offset=9000&category=DEVELOPER_TOOLS,2026-09-27T09:33:06Z,200,application/json,2796916,1324722e9161399f82d245a26260fd542a71fbf32261f877bf8a8ade0b7ead75,"W/""2aad74-qY8vro7vNkiQOZKk3iaYECAp5WQ""",,changed,raw/apify.store.actors/2026/09/20260927T093306Z-1324722e9161.json.gz,,"projected:userPictureUrl,pictureUrl,url"
apify.store.actors,https://api.apify.com/v2/store?limit=1000&offset=10000&category=DEVELOPER_TOOLS,2026-09-27T09:33:09Z,200,application/json,2655077,c94a9dda3143516f8470b80ae19523253a52a967a2a39801c7a168ec2ddc6ec2,"W/""288365-TnwxmDGDGHecS+gL8oMKI0K8aYE""",,changed,raw/apify.store.actors/2026/09/20260927T093309Z-c94a9dda3143.json.gz,,"projected:userPictureUrl,pictureUrl,url"
apify.store.actors,https://api.apify.com/v2/store?limit=1000&offset=11000&category=DEVELOPER_TOOLS,2026-09-27T09:33:11Z,200,application/json,2702366,f15528a0e840376e6fb66195460c258dd6f6eb6711f44f8256d3326e20d37c67,"W/""293c1e-rpagkuUaxBPp9ahHZNxekMgoYeI""",,changed,raw/apify.store.actors/2026/09/20260927T093311Z-f15528a0e840.json.gz,,"projected:userPictureUrl,pictureUrl,url"
apify.store.actors,https://api.apify.com/v2/store?limit=1000&offset=12000&category=DEVELOPER_TOOLS,2026-09-27T09:33:14Z,200,application/json,2678705,e739e17ebb9a4ee735124b9e7dfc20aee0ef79f04e310aee142bee3b31fa6ea4,"W/""28dfb1-mSqv5v4hayE0g82WOvqamCQ3e7Y""",,changed,raw/apify.store.actors/2026/09/20260927T093314Z-e739e17ebb9a.json.gz,,"projected:userPictureUrl,pictureUrl,url"
apify.store.actors,https://api.apify.com/v2/store?limit=1000&offset=13000&category=DEVELOPER_TOOLS,2026-09-27T09:33:17Z,200,application/json,2462752,bce25c88e6b16da542e5bc1fbb04f564e4a7ce15c2acafe63d7130712e0d1e1a,"W/""259420-gYZtBD8lfLqSt+GElQHBDe0c9CU""",,changed,raw/apify.store.actors/2026/09/20260927T093317Z-bce25c88e6b1.json.gz,,"projected:userPictureUrl,pictureUrl,url"
apify.store.actors,https://api.apify.com/v2/store?limit=1000&offset=14000&category=DEVELOPER_TOOLS,2026-09-27T09:33:20Z,200,application/json,2520718,d7e16533b2216c3958f6a36d92e92c8832e0f32b9dad71e8336d8c2253960d95,"W/""26768e-picEScXRd8D3m7Bre5Zu2XY6wnA""",,changed,raw/apify.store.actors/2026/09/20260927T093320Z-d7e16533b221.json.gz,,"projected:userPictureUrl,pictureUrl,url"
apify.store.actors,https://api.apify.com/v2/store?limit=1000&offset=15000&category=DEVELOPER_TOOLS,2026-09-27T09:33:22Z,200,application/json,2853446,0530bb22192d6257062d11eb966cee5a02e27aa8216fbce538e79908e1411391,"W/""2b8a46-vtdvTReKr92qx6Ube4sZnOdDCeA""",,changed,raw/apify.store.actors/2026/09/20260927T093322Z-0530bb22192d.json.gz,,"projected:userPictureUrl,pictureUrl,url"
apify.store.actors,https://api.apify.com/v2/store?limit=1000&offset=0&category=SOCIAL_MEDIA,2026-09-27T09:33:24Z,200,application/json,3924321,89e04b810df05261b4a78ef5c98fc693fcc815e434a655a8bf59a35a811327e7,"W/""3be161-OEskAwoo31x0hH66pHHY0Lp9So4""",,changed,raw/apify.store.actors/2026/09/20260927T093324Z-89e04b810df0.json.gz,,"projected:userPictureUrl,pictureUrl,url"
apify.store.actors,https://api.apify.com/v2/store?limit=1000&offset=1000&category=SOCIAL_MEDIA,2026-09-27T09:33:28Z,200,application/json,3668071,cd0347e81118e3d6a3b3f60ec57be0108528c79131b48b14cc9ae3af65bc1763,"W/""37f867-0LiZ9Xqb22CltDaVnu3maOBW3wo""",,changed,raw/apify.store.actors/2026/09/20260927T093328Z-cd0347e81118.json.gz,,"projected:userPictureUrl,pictureUrl,url"
apify.store.actors,https://api.apify.com/v2/store?limit=1000&offset=2000&category=SOCIAL_MEDIA,2026-09-27T09:33:30Z,200,application/json,3262606,18d714bf30f902933ebc0858914a5420781ebeb1ce69daac0553af9c7d9161a2,"W/""31c88e-8R4ZgFd5GWwye07f9EGYChpWEEU""",,changed,raw/apify.store.actors/2026/09/20260927T093330Z-18d714bf30f9.json.gz,,"projected:userPictureUrl,pictureUrl,url"
apify.store.actors,https://api.apify.com/v2/store?limit=1000&offset=3000&category=SOCIAL_MEDIA,2026-09-27T09:33:33Z,200,application/json,2604788,9644a4d61a49844b48b843422ac26fd6e5588009881de60f98263a18c3846229,"W/""27bef4-IHLtcWBvqt96tFFEdA3BKIjWH9E""",,changed,raw/apify.store.actors/2026/09/20260927T093333Z-9644a4d61a49.json.gz,,"projected:userPictureUrl,pictureUrl,url"
apify.store.actors,https://api.apify.com/v2/store?limit=1000&offset=4000&category=SOCIAL_MEDIA,2026-09-27T09:33:35Z,200,application/json,2918812,9e2e6ad06e5d0112529ad0eec8e821aa2078f6dca0c1e013f5d59059e57da776,"W/""2c899c-SrAs/ys/Tv7Je8NyHocFLc2j6ec""",,changed,raw/apify.store.actors/2026/09/20260927T093335Z-9e2e6ad06e5d.json.gz,,"projected:userPictureUrl,pictureUrl,url"
apify.store.actors,https://api.apify.com/v2/store?limit=1000&offset=5000&category=SOCIAL_MEDIA,2026-09-27T09:33:39Z,200,application/json,2938530,9bf6f52fb9cc7fa7f0d43f0513cb224f399e1fb1b4837ed2b536271013458d4f,"W/""2cd6a2-6htwpTUbwqARby749in0dCCIu6I""",,changed,raw/apify.store.actors/2026/09/20260927T093339Z-9bf6f52fb9cc.json.gz,,"projected:userPictureUrl,pictureUrl,url"
apify.store.actors,https://api.apify.com/v2/store?limit=1000&offset=6000&category=SOCIAL_MEDIA,2026-09-27T09:33:41Z,200,application/json,3042649,413073016afe81822b4149bbb14955411157d20dd6670099d4974df25faa11da,"W/""2e6d59-Z9XpIwavV0p/BBhTlb2FCv7WNuc""",,changed,raw/apify.store.actors/2026/09/20260927T093341Z-413073016afe.json.gz,,"projected:userPictureUrl,pictureUrl,url"
apify.store.actors,https://api.apify.com/v2/store?limit=1000&offset=7000&category=SOCIAL_MEDIA,2026-09-27T09:33:43Z,200,application/json,2668433,21d22a660bfdc444697b1c385dbf14bbe192e9f14592aa7b914c99c3a8be4c44,"W/""28b791-iKWK5Y3TUVeqY3brqtrHqOIS9wI""",,changed,raw/apify.store.actors/2026/09/20260927T093343Z-21d22a660bfd.json.gz,,"projected:userPictureUrl,pictureUrl,url"
apify.store.actors,https://api.apify.com/v2/store?limit=1000&offset=8000&category=SOCIAL_MEDIA,2026-09-27T09:33:46Z,200,application/json,3080420,a2ece053a1bcfa7a6fa89f825880fc12ca7372b495507f2761faaaa2473c652a,"W/""2f00e4-1v04yK+2RM1ghjhwbTFQ0m6IWv8""",,changed,raw/apify.store.actors/2026/09/20260927T093346Z-a2ece053a1bc.json.gz,,"projected:userPictureUrl,pictureUrl,url"
apify.store.actors,https://api.apify.com/v2/store?limit=1000&offset=9000&category=SOCIAL_MEDIA,2026-09-27T09:33:50Z,200,application/json,3093780,74e0288b8086d6ce7cbaff1329350e789584bfea0cb24c0efd268d33593d1442,"W/""2f3514-9j023WlwhJU32Mu27IN7KySMArs""",,changed,raw/apify.store.actors/2026/09/20260927T093350Z-74e0288b8086.json.gz,,"projected:userPictureUrl,pictureUrl,url"
apify.store.actors,https://api.apify.com/v2/store?limit=1000&offset=10000&category=SOCIAL_MEDIA,2026-09-27T09:33:52Z,200,application/json,1097456,40fc15596a0e8baf549a6d53d3f5e6306b6b5af5119bfbdf0426317e3ab6bb65,"W/""10bef0-M5tmuDhxl2Vo/0smdViL/W9Ja/Y""",,changed,raw/apify.store.actors/2026/09/20260927T093352Z-40fc15596a0e.json.gz,,"projected:userPictureUrl,pictureUrl,url"
apify.store.actors,https://api.apify.com/v2/store?limit=1000&offset=0&category=ECOMMERCE,2026-09-27T09:33:54Z,200,application/json,3724536,7966c67144f9461744484e1d0ac45c62c42d4dc9042055557cc66bace5f2f6d4,"W/""38d4f8-dOPtnM8sjBCEcjOXuX9608u1YkU""",,changed,raw/apify.store.actors/2026/09/20260927T093354Z-7966c67144f9.json.gz,,"projected:userPictureUrl,pictureUrl,url"
apify.store.actors,https://api.apify.com/v2/store?limit=1000&offset=1000&category=ECOMMERCE,2026-09-27T09:33:58Z,200,application/json,3771284,bc63a1c036bdf3e444514ee4b0501b167dc5b10d55cdf39d77c142f7ac7e7ce1,"W/""398b94-/tjL21L/4YPBmQKi2bmA2YIPln4""",,changed,raw/apify.store.actors/2026/09/20260927T093358Z-bc63a1c036bd.json.gz,,"projected:userPictureUrl,pictureUrl,url"
apify.store.actors,https://api.apify.com/v2/store?limit=1000&offset=2000&category=ECOMMERCE,2026-09-27T09:33:59Z,200,application/json,2849483,35bf1df5e57195f0ffd51a2d528223e52050f940af0ebb79076f00f9f01ed03b,"W/""2b7acb-VA0lunIILCYAvHb2HGsyVTIKl9c""",,changed,raw/apify.store.actors/2026/09/20260927T093359Z-35bf1df5e571.json.gz,,"projected:userPictureUrl,pictureUrl,url"
apify.store.actors,https://api.apify.com/v2/store?limit=1000&offset=3000&category=ECOMMERCE,2026-09-27T09:34:03Z,200,application/json,2891226,dba332f8cd27eb9849dea4b5330a35cc4f7135c9a485330ae2496f368daff915,"W/""2c1dda-QItGFzfoI045tBegvAIYVP+vW88""",,changed,raw/apify.store.actors/2026/09/20260927T093403Z-dba332f8cd27.json.gz,,"projected:userPictureUrl,pictureUrl,url"
apify.store.actors,https://api.apify.com/v2/store?limit=1000&offset=4000&category=ECOMMERCE,2026-09-27T09:34:05Z,200,application/json,2445573,b610ac836661043b871a5a3aea0f440daa49cf11dad653ba3275d9735759e956,"W/""255105-+2ZE7BvtnmebyTrDWphijzj2DEs""",,changed,raw/apify.store.actors/2026/09/20260927T093405Z-b610ac836661.json.gz,,"projected:userPictureUrl,pictureUrl,url"
apify.store.actors,https://api.apify.com/v2/store?limit=1000&offset=5000&category=ECOMMERCE,2026-09-27T09:34:07Z,200,application/json,2730078,8ba3191f910c0f3925d3a61b6121d703a784810a473e9b0b425ce7e355f4206c,"W/""29a85e-Vga90URpy+vD4p0FmTun5j/XNBI""",,changed,raw/apify.store.actors/2026/09/20260927T093407Z-8ba3191f910c.json.gz,,"projected:userPictureUrl,pictureUrl,url"
apify.store.actors,https://api.apify.com/v2/store?limit=1000&offset=6000&category=ECOMMERCE,2026-09-27T09:34:10Z,200,application/json,2864842,edacf3479d1e01f892ce47051fb5ac0ac5794b2977431606f0bff3e4ab61af9c,"W/""2bb6ca-uOi9pdMR6l/4p5yNrJioTLaCZ/o""",,changed,raw/apify.store.actors/2026/09/20260927T093410Z-edacf3479d1e.json.gz,,"projected:userPictureUrl,pictureUrl,url"
apify.store.actors,https://api.apify.com/v2/store?limit=1000&offset=7000&category=ECOMMERCE,2026-09-27T09:34:14Z,200,application/json,2832864,e26332fecaa0f5513d77f5732e1a769b861d6364676aa8b62a5fb44fd0575e12,"W/""2b39e0-CEWMcC6NMcvcM/8ewEmxtNw96oo""",,changed,raw/apify.store.actors/2026/09/20260927T093414Z-e26332fecaa0.json.gz,,"projected:userPictureUrl,pictureUrl,url"
apify.store.actors,https://api.apify.com/v2/store?limit=1000&offset=8000&category=ECOMMERCE,2026-09-27T09:34:15Z,200,application/json,2948156,b0a764cb48208308702d407f7f76439cd59200329bd7669581d6eb6c4b4042c9,"W/""2cfc3c-lnRNoJZMaNEJBlaq93cdgOs6BBc""",,changed,raw/apify.store.actors/2026/09/20260927T093415Z-b0a764cb4820.json.gz,,"projected:userPictureUrl,pictureUrl,url"
apify.store.actors,https://api.apify.com/v2/store?limit=1000&offset=9000&category=ECOMMERCE,2026-09-27T09:34:18Z,200,application/json,2807461,911af0267fc5fe18722de434610b0e3e846bbf891ec0bb2ede08e56fa704b64d,"W/""2ad6a5-3leVm+vrn6BzQtUAwKwlr4+mI3Y""",,changed,raw/apify.store.actors/2026/09/20260927T093418Z-911af0267fc5.json.gz,,"projected:userPictureUrl,pictureUrl,url"
apify.store.actors,https://api.apify.com/v2/store?limit=1000&offset=10000&category=ECOMMERCE,2026-09-27T09:34:20Z,200,application/json,2900096,536bbc425b8fa9d5d51d6e3f867a01809896077e922507f47ab8118fe6ee01f9,"W/""2c4080-+eaaL/30JG/dKMilkUzV+ctFcTg""",,changed,raw/apify.store.actors/2026/09/20260927T093420Z-536bbc425b8f.json.gz,,"projected:userPictureUrl,pictureUrl,url"
apify.store.actors,https://api.apify.com/v2/store?limit=1000&offset=11000&category=ECOMMERCE,2026-09-27T09:34:23Z,200,application/json,3045483,0cd309ef82086c54abe8cdc0b55cd85d0cfa6be39e941c249dc9a9a4617e370f,"W/""2e786b-WpWmSoqMvuCgVVjpVaVsAeuzdeM""",,changed,raw/apify.store.actors/2026/09/20260927T093423Z-0cd309ef8208.json.gz,,"projected:userPictureUrl,pictureUrl,url"
apify.store.actors,https://api.apify.com/v2/store?limit=1000&offset=12000&category=ECOMMERCE,2026-09-27T09:34:25Z,200,application/json,3150436,f2ca29378b50aa61b77b07c0d902e1538586690853f54e20175135c1ec299fff,"W/""301264-MfE1SAVU7Ni6pQyN5zdkUu/L8l4""",,changed,raw/apify.store.actors/2026/09/20260927T093425Z-f2ca29378b50.json.gz,,"projected:userPictureUrl,pictureUrl,url"
apify.store.actors,https://api.apify.com/v2/store?limit=1000&offset=13000&category=ECOMMERCE,2026-09-27T09:34:28Z,200,application/json,1428440,3938d2df2afac8f07b32449deeb69b8e4ee3fd93a3814d97855479a467c7fcdf,"W/""15cbd8-sGBjd36avOsPiLVVazGLuKf54iY""",,changed,raw/apify.store.actors/2026/09/20260927T093428Z-3938d2df2afa.json.gz,,"projected:userPictureUrl,pictureUrl,url"
apify.store.actors,https://api.apify.com/v2/store?limit=1000&offset=0&category=OTHER,2026-09-27T09:34:30Z,200,application/json,3346786,9e963b130ad1928d5d37b62d36618b40e4bcc587a0e58b901e11074eac0794e7,"W/""331162-KIlUpsas4dvVP0gNyNY7aR9jdd8""",,changed,raw/apify.store.actors/2026/09/20260927T093430Z-9e963b130ad1.json.gz,,"projected:userPictureUrl,pictureUrl,url"
apify.store.actors,https://api.apify.com/v2/store?limit=1000&offset=1000&category=OTHER,2026-09-27T09:34:33Z,200,application/json,3036246,52f4903da8832a83620f5636fc82110abbde8d2e55ecda587d773a820a15a0fd,"W/""2e5456-EJo9r1i6kaBqBuZAihAWmJS2O78""",,changed,raw/apify.store.actors/2026/09/20260927T093433Z-52f4903da883.json.gz,,"projected:userPictureUrl,pictureUrl,url"
apify.store.actors,https://api.apify.com/v2/store?limit=1000&offset=2000&category=OTHER,2026-09-27T09:34:36Z,200,application/json,2874625,9bfa8402d9953b86e8f507632f3f991a30f982b5fa0a0598acd3c0c39a61a2bc,"W/""2bdd01-tE5QSz6r35UYbrBoOeyEo1gRsFA""",,changed,raw/apify.store.actors/2026/09/20260927T093436Z-9bfa8402d995.json.gz,,"projected:userPictureUrl,pictureUrl,url"
apify.store.actors,https://api.apify.com/v2/store?limit=1000&offset=3000&category=OTHER,2026-09-27T09:34:39Z,200,application/json,2841835,b5e24cec7f6d2eb7dc77c721aafe255f415e4ecc93593a292a81bd866118580e,"W/""2b5ceb-R8fCBZGv+spTLNBdFZ8IcuDwgnE""",,changed,raw/apify.store.actors/2026/09/20260927T093439Z-b5e24cec7f6d.json.gz,,"projected:userPictureUrl,pictureUrl,url"
apify.store.actors,https://api.apify.com/v2/store?limit=1000&offset=4000&category=OTHER,2026-09-27T09:34:42Z,200,application/json,3060442,9e454af644802c8aed180516d5ee11c670cddabaf651fb018231fbe90fbc5150,"W/""2eb2da-iifLTctpTVQJPm1/D4DGhWzwqM4""",,changed,raw/apify.store.actors/2026/09/20260927T093442Z-9e454af64480.json.gz,,"projected:userPictureUrl,pictureUrl,url"
apify.store.actors,https://api.apify.com/v2/store?limit=1000&offset=5000&category=OTHER,2026-09-27T09:34:44Z,200,application/json,2906265,0508bdecd65f1e6fbb8d7845a2ff6cd864bd2b1a5a04623de9a94b9a909e9237,"W/""2c5899-u1EBbHANW8Ma28osTpnR+RGnG+Y""",,changed,raw/apify.store.actors/2026/09/20260927T093444Z-0508bdecd65f.json.gz,,"projected:userPictureUrl,pictureUrl,url"
apify.store.actors,https://api.apify.com/v2/store?limit=1000&offset=6000&category=OTHER,2026-09-27T09:34:47Z,200,application/json,2561964,2648055a608dfb8d1087f9a37755ee871e73ac6f90597a3e2341e16570e17236,"W/""2717ac-IcKIU4h79ISDZUdQo10LRgyLfeQ""",,changed,raw/apify.store.actors/2026/09/20260927T093447Z-2648055a608d.json.gz,,"projected:userPictureUrl,pictureUrl,url"
apify.store.actors,https://api.apify.com/v2/store?limit=1000&offset=7000&category=OTHER,2026-09-27T09:34:49Z,200,application/json,128,3135b8be9cdd8a6593977d48a3f8d2ff2e1535544a8aebf556612611d3ff0482,"W/""80-UpVU/UR4CBx4ZQsUiybosxHg++Y""",,quarantined,quarantine/apify.store.actors/2026/09/20260927T093449Z-3135b8be9cdd.json.gz,too_small_128_bytes,"projected:userPictureUrl,pictureUrl,url"
apify.store.actors,https://api.apify.com/v2/store?limit=1000&offset=0&category=AI,2026-09-27T09:34:50Z,200,application/json,3438653,e7502cdb38f4763150ca2def9734913630217fe9df280e1a5e062df20fed2a93,"W/""34783d-k11Z47+mFlDqeQiUgmSXedb7sLc""",,changed,raw/apify.store.actors/2026/09/20260927T093450Z-e7502cdb38f4.json.gz,,"projected:userPictureUrl,pictureUrl,url"
apify.store.actors,https://api.apify.com/v2/store?limit=1000&offset=1000&category=AI,2026-09-27T09:34:53Z,200,application/json,2934195,03d21abd67d1fa02731e92be65943b43cca0ac3f9bc2e71011d8324b55e30742,"W/""2cc5b3-VXYrjr4ELQS820p6usgqssUMqqI""",,changed,raw/apify.store.actors/2026/09/20260927T093453Z-03d21abd67d1.json.gz,,"projected:userPictureUrl,pictureUrl,url"
apify.store.actors,https://api.apify.com/v2/store?limit=1000&offset=2000&category=AI,2026-09-27T09:34:56Z,200,application/json,2512567,2ded9d7e55a43c8914b96924eac3e4f6e526c6360a51a3d8a05eeaaf58710b8b,"W/""2656b7-vmJ9x0ib3Xnm764Ocq/jxah5rlQ""",,changed,raw/apify.store.actors/2026/09/20260927T093456Z-2ded9d7e55a4.json.gz,,"projected:userPictureUrl,pictureUrl,url"
apify.store.actors,https://api.apify.com/v2/store?limit=1000&offset=3000&category=AI,2026-09-27T09:34:59Z,200,application/json,2516680,2ce00d2b1ce9f263489ee59e4d1cd89543f1f56c46f54e9c148af3ce62bef8cd,"W/""2666c8-MjJeRO4DkFzkc8qpr56hXHS8frE""",,changed,raw/apify.store.actors/2026/09/20260927T093459Z-2ce00d2b1ce9.json.gz,,"projected:userPictureUrl,pictureUrl,url"
apify.store.actors,https://api.apify.com/v2/store?limit=1000&offset=4000&category=AI,2026-09-27T09:35:01Z,200,application/json,2292115,b9c2f3b775678e04be3162086a0881bba9ad6dab429c8341d3e2e7ce9580fb5d,"W/""22f993-8KoBO4h6Ong09fwPzmHK1GWgk64""",,changed,raw/apify.store.actors/2026/09/20260927T093501Z-b9c2f3b77567.json.gz,,"projected:userPictureUrl,pictureUrl,url"
apify.store.actors,https://api.apify.com/v2/store?limit=1000&offset=5000&category=AI,2026-09-27T09:35:04Z,200,application/json,2550503,fc360cbcced079f865d9e972917e647f294405086a91f413538b6d31fe508569,"W/""26eae7-TtPyu2NF4QM+Lj8DQNJQ8Jl2GwY""",,changed,raw/apify.store.actors/2026/09/20260927T093504Z-fc360cbcced0.json.gz,,"projected:userPictureUrl,pictureUrl,url"
apify.store.actors,https://api.apify.com/v2/store?limit=1000&offset=6000&category=AI,2026-09-27T09:35:07Z,200,application/json,2376478,8545cae67d6ea9bc90c3bc6b654bb1ed9dfed2604e618ae1719554b6df2bbd12,"W/""24431e-3knLv9Yy0jUzUAhsocaCfaOcfX4""",,changed,raw/apify.store.actors/2026/09/20260927T093507Z-8545cae67d6e.json.gz,,"projected:userPictureUrl,pictureUrl,url"
apify.store.actors,https://api.apify.com/v2/store?limit=1000&offset=7000&category=AI,2026-09-27T09:35:09Z,200,application/json,2535906,29bf49c39afb5b09be6755d4d2b5345beee9d0db3c74d0b4aea22c5a569c4235,"W/""26b1e2-uPnLF+Yf4YwD7HU+w+n98mZ93IE""",,changed,raw/apify.store.actors/2026/09/20260927T093509Z-29bf49c39afb.json.gz,,"projected:userPictureUrl,pictureUrl,url"
apify.store.actors,https://api.apify.com/v2/store?limit=1000&offset=8000&category=AI,2026-09-27T09:35:13Z,200,application/json,2366479,c247dd756a25d9b6c184b264c52facc147b4d99fc52f9591c7fb90460d8ed21a,"W/""241c0f-lkeC0jF/ssV9iJUYvzaq/RWbM+g""",,changed,raw/apify.store.actors/2026/09/20260927T093513Z-c247dd756a25.json.gz,,"projected:userPictureUrl,pictureUrl,url"
apify.store.actors,https://api.apify.com/v2/store?limit=1000&offset=0&category=JOBS,2026-09-27T09:35:16Z,200,application/json,3351652,bf6ec93632d0b8915c8244b2b6777ece171102041d3615bec4b806c191d3cef6,"W/""332464-1p0eBLpuclmJ6vsxLv/My+6Sio8""",,changed,raw/apify.store.actors/2026/09/20260927T093516Z-bf6ec93632d0.json.gz,,"projected:userPictureUrl,pictureUrl,url"
apify.store.actors,https://api.apify.com/v2/store?limit=1000&offset=1000&category=JOBS,2026-09-27T09:35:18Z,200,application/json,3196341,8ac686fb8f635c90dd296bfbcb678a9318ccd68e646ea72f49a31b7d501ea495,"W/""30c5b5-TDp5lYC8GPpUWMCnhgtUSYm9ntY""",,changed,raw/apify.store.actors/2026/09/20260927T093518Z-8ac686fb8f63.json.gz,,"projected:userPictureUrl,pictureUrl,url"
apify.store.actors,https://api.apify.com/v2/store?limit=1000&offset=2000&category=JOBS,2026-09-27T09:35:20Z,200,application/json,2994296,3e23cec6d04bab8bd0fd60947458864007299b1303a178216c7dcaa39c4c7d3c,"W/""2db078-wsyAvAvD1qVOWhk/mLv/pzg4vMA""",,changed,raw/apify.store.actors/2026/09/20260927T093520Z-3e23cec6d04b.json.gz,,"projected:userPictureUrl,pictureUrl,url"
apify.store.actors,https://api.apify.com/v2/store?limit=1000&offset=3000&category=JOBS,2026-09-27T09:35:23Z,200,application/json,2764685,742bd5e066e79d31262077c852892ac877340253ef4bf2dccde5315f096aa5f7,"W/""2a2f8d-9tf+fxLcEk5FSvzQv9EZbgLQwE0""",,changed,raw/apify.store.actors/2026/09/20260927T093523Z-742bd5e066e7.json.gz,,"projected:userPictureUrl,pictureUrl,url"
apify.store.actors,https://api.apify.com/v2/store?limit=1000&offset=4000&category=JOBS,2026-09-27T09:35:26Z,200,application/json,2949968,d96a1e433dc30b7c24f81bdc94ef2c818b1bcdf950ec6d33cb6614c2460a1c1e,"W/""2d0350-tdAU2JsG1kiaGNYr6Wxk6kTYis0""",,changed,raw/apify.store.actors/2026/09/20260927T093526Z-d96a1e433dc3.json.gz,,"projected:userPictureUrl,pictureUrl,url"
apify.store.actors,https://api.apify.com/v2/store?limit=1000&offset=5000&category=JOBS,2026-09-27T09:35:28Z,200,application/json,3030692,eb1200571317e324d4b47d29e5702fc5761c6f3320d5e6676f8368dae12e6e07,"W/""2e3ea4-Li56yR1mukfTiOsvrmq9cbqx//c""",,changed,raw/apify.store.actors/2026/09/20260927T093528Z-eb1200571317.json.gz,,"projected:userPictureUrl,pictureUrl,url"
apify.store.actors,https://api.apify.com/v2/store?limit=1000&offset=6000&category=JOBS,2026-09-27T09:35:31Z,200,application/json,1119106,b3b034ba9957e055e39a6903a79ed713ffaf085d03b56c918441d5475dcafaa0,"W/""111382-HKVVWcs+rsHeXiweOXattn2S7jw""",,changed,raw/apify.store.actors/2026/09/20260927T093531Z-b3b034ba9957.json.gz,,"projected:userPictureUrl,pictureUrl,url"
apify.store.actors,https://api.apify.com/v2/store?limit=1000&offset=0&category=REAL_ESTATE,2026-09-27T09:35:33Z,200,application/json,3680695,40464345a499f7bc6c631a284b7000a87736375f658997a466e2cdeae9e9e282,"W/""3829b7-ByQuBRBKvqy9ChqlkYvO1daTD3s""",,changed,raw/apify.store.actors/2026/09/20260927T093533Z-40464345a499.json.gz,,"projected:userPictureUrl,pictureUrl,url"
apify.store.actors,https://api.apify.com/v2/store?limit=1000&offset=1000&category=REAL_ESTATE,2026-09-27T09:35:36Z,200,application/json,3431343,c9555ccefe3d2ea246d446081521ca7f406589f9b03cb73c9158b613c4ea8ba0,"W/""345baf-rmlxrbp37L1TBc0kN9ViajeRTbQ""",,changed,raw/apify.store.actors/2026/09/20260927T093536Z-c9555ccefe3d.json.gz,,"projected:userPictureUrl,pictureUrl,url"
apify.store.actors,https://api.apify.com/v2/store?limit=1000&offset=2000&category=REAL_ESTATE,2026-09-27T09:35:38Z,200,application/json,3215391,fcebfcaa2c11875086ba634854ce80ff7aa802847b9b655747a217f6ce91fbed,"W/""31101f-VE9oUWwGT5sy0Z6nAx988CEXpDA""",,changed,raw/apify.store.actors/2026/09/20260927T093538Z-fcebfcaa2c11.json.gz,,"projected:userPictureUrl,pictureUrl,url"
apify.store.actors,https://api.apify.com/v2/store?limit=1000&offset=3000&category=REAL_ESTATE,2026-09-27T09:35:41Z,200,application/json,3202606,3f7fb08b0ea32e2f1ebb4dae6a0adca3de8c25064990dc53f1a5015978a2ae8a,"W/""30de2e-ok9ZZ4ClUUL02jF+qC15rVlg/yc""",,changed,raw/apify.store.actors/2026/09/20260927T093541Z-3f7fb08b0ea3.json.gz,,"projected:userPictureUrl,pictureUrl,url"
apify.store.actors,https://api.apify.com/v2/store?limit=1000&offset=4000&category=REAL_ESTATE,2026-09-27T09:35:43Z,200,application/json,2959521,9291f484724307d785e090666c1fbb3bdf65641e9f7377f8ed29ac827dce3515,"W/""2d28a1-xDsFNPRpHxThomtSo/aGFRbjSC4""",,changed,raw/apify.store.actors/2026/09/20260927T093543Z-9291f4847243.json.gz,,"projected:userPictureUrl,pictureUrl,url"
apify.store.actors,https://api.apify.com/v2/store?limit=1000&offset=0&category=BUSINESS,2026-09-27T09:35:46Z,200,application/json,3722760,cd6637848297e669ab779137584779526aeb8e67c68ec31e463057e9248f9fe2,"W/""38ce08-i9QmRvSYDxoDlI0z+FyhXmCMbw4""",,changed,raw/apify.store.actors/2026/09/20260927T093546Z-cd6637848297.json.gz,,"projected:userPictureUrl,pictureUrl,url"
apify.store.actors,https://api.apify.com/v2/store?limit=1000&offset=1000&category=BUSINESS,2026-09-27T09:35:49Z,200,application/json,3378917,50cabf57f907ebc6699ff4fa1f9d0d5eacab15d2c5e007a5aa79345bdb6c35a4,"W/""338ee5-osTp+bS4Z3glLRrkKOCKULbJruk""",,changed,raw/apify.store.actors/2026/09/20260927T093549Z-50cabf57f907.json.gz,,"projected:userPictureUrl,pictureUrl,url"
apify.store.actors,https://api.apify.com/v2/store?limit=1000&offset=2000&category=BUSINESS,2026-09-27T09:35:52Z,200,application/json,2971847,9751cd6f340a0c29c8b38a59c5faa8aaa43054eb31045fa235a8073584369ece,"W/""2d58c7-1hXlRA8+4xgb5WOm7Yo3zx8Nq8w""",,changed,raw/apify.store.actors/2026/09/20260927T093552Z-9751cd6f340a.json.gz,,"projected:userPictureUrl,pictureUrl,url"
apify.store.actors,https://api.apify.com/v2/store?limit=1000&offset=3000&category=BUSINESS,2026-09-27T09:35:54Z,200,application/json,3272631,d4c4a5e1c87016bda3f5effbbf6cec11adc3d2a770960130193b8feb2c65accc,"W/""31efb7-B+fVJbH8XqOAQotBXrkqQ+/sB84""",,changed,raw/apify.store.actors/2026/09/20260927T093554Z-d4c4a5e1c870.json.gz,,"projected:userPictureUrl,pictureUrl,url"
apify.store.actors,https://api.apify.com/v2/store?limit=1000&offset=4000&category=BUSINESS,2026-09-27T09:35:57Z,200,application/json,2696198,8731470220a7aa5c531cdca1079eb029e91fd87ad2411b53dd5dd6f98852e7a1,"W/""292406-LGhipbLWzhmmOp3ocePzs0cWklE""",,changed,raw/apify.store.actors/2026/09/20260927T093557Z-8731470220a7.json.gz,,"projected:userPictureUrl,pictureUrl,url"
apify.store.actors,https://api.apify.com/v2/store?limit=1000&offset=5000&category=BUSINESS,2026-09-27T09:35:59Z,200,application/json,3004111,ab775f48f757fc39555351902a2ee53aff6af540e1fe8b9de2560deee3bb8b8f,"W/""2dd6cf-5rd/QucFm9ZS2dCpL3CZDyvY4I0""",,changed,raw/apify.store.actors/2026/09/20260927T093559Z-ab775f48f757.json.gz,,"projected:userPictureUrl,pictureUrl,url"
apify.store.actors,https://api.apify.com/v2/store?limit=1000&offset=6000&category=BUSINESS,2026-09-27T09:36:03Z,200,application/json,3212135,353b8834e135f83e0787ba6845861c616b16c25688993158452eda53eaee3e48,"W/""310367-CExj4ePGPzaMBUsMwXtymNo8yDs""",,changed,raw/apify.store.actors/2026/09/20260927T093603Z-353b8834e135.json.gz,,"projected:userPictureUrl,pictureUrl,url"
apify.store.actors,https://api.apify.com/v2/store?limit=1000&offset=7000&category=BUSINESS,2026-09-27T09:36:05Z,200,application/json,3291857,b79e20e5326357f856849adf720488b26ef779b53f42ef9555ab125e31a49937,"W/""323ad1-eXJ5bpPY6CCxCZ+cm9FDFLhgR1A""",,changed,raw/apify.store.actors/2026/09/20260927T093605Z-b79e20e53263.json.gz,,"projected:userPictureUrl,pictureUrl,url"
apify.store.actors,https://api.apify.com/v2/store?limit=1000&offset=0&category=SEO_TOOLS,2026-09-27T09:36:07Z,200,application/json,3313082,c8819d0fd63ef5bdbc074a0032d0ac548bdf3b76e9b11db37d65cc9d8f995f98,"W/""328dba-GEGCnn6UpZfOOBZCDVDV+AECtkU""",,changed,raw/apify.store.actors/2026/09/20260927T093607Z-c8819d0fd63e.json.gz,,"projected:userPictureUrl,pictureUrl,url"
apify.store.actors,https://api.apify.com/v2/store?limit=1000&offset=1000&category=SEO_TOOLS,2026-09-27T09:36:10Z,200,application/json,3013987,9efab87015a912d62702113cc883c64a3558ce8a3ac168b104f728eba138060a,"W/""2dfd63-ApvznzKJA49/VON6++tpy1XlpJQ""",,changed,raw/apify.store.actors/2026/09/20260927T093610Z-9efab87015a9.json.gz,,"projected:userPictureUrl,pictureUrl,url"
apify.store.actors,https://api.apify.com/v2/store?limit=1000&offset=2000&category=SEO_TOOLS,2026-09-27T09:36:13Z,200,application/json,2410921,cc3ae9d6a9686f4fc743a23b94f2c65ad3fecef059882f3c0bded3d4cd9b3ecc,"W/""24c9a9-25HE4+lT2cFGN4itnKb7CarSw8w""",,changed,raw/apify.store.actors/2026/09/20260927T093613Z-cc3ae9d6a968.json.gz,,"projected:userPictureUrl,pictureUrl,url"
apify.store.actors,https://api.apify.com/v2/store?limit=1000&offset=3000&category=SEO_TOOLS,2026-09-27T09:36:16Z,200,application/json,2701213,1a523131ebe4ad50392c13dd9a520394546225a8b34bffb25539a4472edca750,"W/""29379d-1bokkREWncEj9LZM7ky7o2ejZGU""",,changed,raw/apify.store.actors/2026/09/20260927T093616Z-1a523131ebe4.json.gz,,"projected:userPictureUrl,pictureUrl,url"
apify.store.actors,https://api.apify.com/v2/store?limit=1000&offset=4000&category=SEO_TOOLS,2026-09-27T09:36:18Z,200,application/json,811238,46b9c96b300ed21eb5141fe753d6e8fcde3f9adb1dfbd88aab9aa04bc00ffc7b,"W/""c60e6-R9dXH8piiV314bT+vcweUJWvGzM""",,changed,raw/apify.store.actors/2026/09/20260927T093618Z-46b9c96b300e.json.gz,,"projected:userPictureUrl,pictureUrl,url"
apify.store.actors,https://api.apify.com/v2/store?limit=1000&offset=0&category=VIDEOS,2026-09-27T09:36:21Z,200,application/json,3112103,7d38fc50dfb67c3f70c82724802704a269ff861d457047caf13c9b348913b4df,"W/""2f7ca7-qQUuuuvhlPzE3CW1Tg/GbjbMGZM""",,changed,raw/apify.store.actors/2026/09/20260927T093621Z-7d38fc50dfb6.json.gz,,"projected:userPictureUrl,pictureUrl,url"
apify.store.actors,https://api.apify.com/v2/store?limit=1000&offset=1000&category=VIDEOS,2026-09-27T09:36:24Z,200,application/json,2921978,30068ff05f7dd37f8ea23ae4757f542da41cd2704f1a7095f9a7ab5ca95e417d,"W/""2c95fa-hFYkTAKA8j50rlY8/1oRQ1vSHew""",,changed,raw/apify.store.actors/2026/09/20260927T093624Z-30068ff05f7d.json.gz,,"projected:userPictureUrl,pictureUrl,url"
apify.store.actors,https://api.apify.com/v2/store?limit=1000&offset=2000&category=VIDEOS,2026-09-27T09:36:26Z,200,application/json,2714867,4af0f638e605dc957d03479a1b81c55168f1416c8dfdb2174901ca06d6a71356,"W/""296cf3-HnIQTaL50ej1M6qZQoKNUNtPVCE""",,changed,raw/apify.store.actors/2026/09/20260927T093626Z-4af0f638e605.json.gz,,"projected:userPictureUrl,pictureUrl,url"
apify.store.actors,https://api.apify.com/v2/store?limit=1000&offset=3000&category=VIDEOS,2026-09-27T09:36:29Z,200,application/json,774278,fa34895344bb1d4b9f650e250d7fd3db61b7d5039942b1891686575a920f988e,"W/""bd086-YYmc0CngMCEd8SIdsHhNbeivN94""",,changed,raw/apify.store.actors/2026/09/20260927T093629Z-fa34895344bb.json.gz,,"projected:userPictureUrl,pictureUrl,url"
apify.store.actors,https://api.apify.com/v2/store?limit=1000&offset=0&category=AGENTS,2026-09-27T09:36:31Z,200,application/json,3258212,90f5b671a6e3e11f3cadd037e752ba37fa36805c23bb1f6494508bd41fac7cff,"W/""31b764-cI3k0nhwy7TVyDitqDr1m0mEJbY""",,changed,raw/apify.store.actors/2026/09/20260927T093631Z-90f5b671a6e3.json.gz,,"projected:userPictureUrl,pictureUrl,url"
apify.store.actors,https://api.apify.com/v2/store?limit=1000&offset=1000&category=AGENTS,2026-09-27T09:36:35Z,200,application/json,2878625,d81e4fea5b0fff61203670d0f57b6c0bc3040937ed74563299a67881750e62fe,"W/""2beca1-b3dgGEZXoOseMgwcutX3S6c7aZ8""",,changed,raw/apify.store.actors/2026/09/20260927T093635Z-d81e4fea5b0f.json.gz,,"projected:userPictureUrl,pictureUrl,url"
apify.store.actors,https://api.apify.com/v2/store?limit=1000&offset=2000&category=AGENTS,2026-09-27T09:36:38Z,200,application/json,2711313,e1f83914200bd7d92cc861110d7d087f7278ac497bb9f57ff5b32b80749d8db8,"W/""295f11-fZrrwZZsBi4sj7aawFNOaQNNbB4""",,changed,raw/apify.store.actors/2026/09/20260927T093638Z-e1f83914200b.json.gz,,"projected:userPictureUrl,pictureUrl,url"
apify.store.actors,https://api.apify.com/v2/store?limit=1000&offset=3000&category=AGENTS,2026-09-27T09:36:39Z,200,application/json,1705778,a7ade15a6183afe56ff18734a9fc75371d9f42d5622f2a0170d298bd73f91c1c,"W/""1a0732-asNWkWbpA2HqR81+VOsouX4CgFU""",,changed,raw/apify.store.actors/2026/09/20260927T093639Z-a7ade15a6183.json.gz,,"projected:userPictureUrl,pictureUrl,url"
apify.store.actors,https://api.apify.com/v2/store?limit=1000&offset=0&category=INTEGRATIONS,2026-09-27T09:36:42Z,200,application/json,3146315,80b079484bb3e47e9434c4d39be4b2e24abdc4da1c6f6dec4c6f1bf3ea1087ce,"W/""30024b-5RNxmUASPw5L/LAHd/PlfNUbgRQ""",,changed,raw/apify.store.actors/2026/09/20260927T093642Z-80b079484bb3.json.gz,,"projected:userPictureUrl,pictureUrl,url"
apify.store.actors,https://api.apify.com/v2/store?limit=1000&offset=1000&category=INTEGRATIONS,2026-09-27T09:36:45Z,200,application/json,3145471,bd9044bf21f28407f864ac2a128703461e85858db5949e153be83c18bf594992,"W/""2ffeff-lMnVbZolKlkE+4Hz/65XybN2KhQ""",,changed,raw/apify.store.actors/2026/09/20260927T093645Z-bd9044bf21f2.json.gz,,"projected:userPictureUrl,pictureUrl,url"
apify.store.actors,https://api.apify.com/v2/store?limit=1000&offset=2000&category=INTEGRATIONS,2026-09-27T09:36:47Z,200,application/json,3009542,a0beaeca3130d9eb9ac3e945dcbe8f066f240908bc1e92f166137b26f2328708,"W/""2dec06-yCANYbgejiuwOhYDE4TuVfZbAXo""",,changed,raw/apify.store.actors/2026/09/20260927T093647Z-a0beaeca3130.json.gz,,"projected:userPictureUrl,pictureUrl,url"
apify.store.actors,https://api.apify.com/v2/store?limit=1000&offset=0&category=NEWS,2026-09-27T09:36:50Z,200,application/json,3119990,c4116179a9437f7c03fb906c757f0503d7db871fceb8de22265746da6608e7df,"W/""2f9b76-H6do3MZ1+3yXZ//igk6w+ppbf2A""",,changed,raw/apify.store.actors/2026/09/20260927T093650Z-c4116179a943.json.gz,,"projected:userPictureUrl,pictureUrl,url"
apify.store.actors,https://api.apify.com/v2/store?limit=1000&offset=1000&category=NEWS,2026-09-27T09:36:52Z,200,application/json,2989134,f8aa74011595f9ba83a2b553c2d1aeb071d6d122b19dbfeb08020be2e943457e,"W/""2d9c4e-y5b+dDMog77loath8eS27B7G9OA""",,changed,raw/apify.store.actors/2026/09/20260927T093652Z-f8aa74011595.json.gz,,"projected:userPictureUrl,pictureUrl,url"
apify.store.actors,https://api.apify.com/v2/store?limit=1000&offset=2000&category=NEWS,2026-09-27T09:36:55Z,200,application/json,2731990,a0c99f7a8a60f3af57b65a01f94da631d8283c902c5c28bda3e8dfbb70ef7f8d,"W/""29afd6-MqNRIaVHKthZhay7eU+vhgA6Id4""",,changed,raw/apify.store.actors/2026/09/20260927T093655Z-a0c99f7a8a60.json.gz,,"projected:userPictureUrl,pictureUrl,url"
apify.store.actors,https://api.apify.com/v2/store?limit=1000&offset=3000&category=NEWS,2026-09-27T09:36:57Z,200,application/json,2504758,5ec0b530e3f145bed4c972f04afde2bf1cae40a3cdd7ad93d4ddfd87a16801bd,"W/""263836-SrirqDu7rT3K2yOhX2BHL8uCJqw""",,changed,raw/apify.store.actors/2026/09/20260927T093657Z-5ec0b530e3f1.json.gz,,"projected:userPictureUrl,pictureUrl,url"
apify.store.actors,https://api.apify.com/v2/store?limit=1000&offset=0&category=TRAVEL,2026-09-27T09:37:00Z,200,application/json,3479222,9ec085fd010d6fca37be609dc194286f6fbf839b525d6df0e710ba57334a9fc7,"W/""3516b6-DiGspD9gr4YhwZdWheK274COdz0""",,changed,raw/apify.store.actors/2026/09/20260927T093700Z-9ec085fd010d.json.gz,,"projected:userPictureUrl,pictureUrl,url"
apify.store.actors,https://api.apify.com/v2/store?limit=1000&offset=1000&category=TRAVEL,2026-09-27T09:37:04Z,200,application/json,3141684,8cd6885697fad4defc0ad9c9caafc3e5a99fe96e1d11b8e1bd958b355c4878bc,"W/""2ff034-9OL+WbaGvH1OcKbFlK4AxhUe808""",,changed,raw/apify.store.actors/2026/09/20260927T093704Z-8cd6885697fa.json.gz,,"projected:userPictureUrl,pictureUrl,url"
apify.store.actors,https://api.apify.com/v2/store?limit=1000&offset=2000&category=TRAVEL,2026-09-27T09:37:05Z,200,application/json,1754432,d36c11d6ba4660a8e095a0edfe9f95a6c0665130b2f83efb59256267e06a1153,"W/""1ac540-vygKc7s7VMJZRsivxW8LOzrItlo""",,changed,raw/apify.store.actors/2026/09/20260927T093705Z-d36c11d6ba46.json.gz,,"projected:userPictureUrl,pictureUrl,url"
apify.store.actors,https://api.apify.com/v2/store?limit=1000&offset=0&category=MCP_SERVERS,2026-09-27T09:37:08Z,200,application/json,3390316,cf6248b28ea6e259fc6333e120a6bd2d109a1951f83128c7f2ccafe6b2007de1,"W/""33bb6c-Gvp4m8ckpgeZseUEiLAmKfp3pe4""",,changed,raw/apify.store.actors/2026/09/20260927T093708Z-cf6248b28ea6.json.gz,,"projected:userPictureUrl,pictureUrl,url"
apify.store.actors,https://api.apify.com/v2/store?limit=1000&offset=1000&category=MCP_SERVERS,2026-09-27T09:37:11Z,200,application/json,3172992,8e5df70eec32b54592efe1271945097e202b9744f8f6316cd426b2fd890183cc,"W/""306a80-DsBE7x29D0Fh3UbWiVrAO9LOklM""",,changed,raw/apify.store.actors/2026/09/20260927T093711Z-8e5df70eec32.json.gz,,"projected:userPictureUrl,pictureUrl,url"
apify.store.actors,https://api.apify.com/v2/store?limit=1000&offset=2000&category=MCP_SERVERS,2026-09-27T09:37:13Z,200,application/json,1427743,cfa34395b9881c3f2a5224624cdebcb796b3ed1c2b79710e4df99d7bb228b81b,"W/""15c91f-IdXNVsfb78CpFgFPlZaJDT9X578""",,changed,raw/apify.store.actors/2026/09/20260927T093713Z-cfa34395b988.json.gz,,"projected:userPictureUrl,pictureUrl,url"
apify.store.actors,https://api.apify.com/v2/store?limit=1000&offset=0&category=MARKETING,2026-09-27T09:37:15Z,200,application/json,3389569,766e6c31c813fa3146c8eff3768af2cd4b7f1c6339a0313b6c7e01385d58de15,"W/""33b881-O2Pcv+dywwjxNVAEz7whJwFfi18""",,changed,raw/apify.store.actors/2026/09/20260927T093715Z-766e6c31c813.json.gz,,"projected:userPictureUrl,pictureUrl,url"
apify.store.actors,https://api.apify.com/v2/store?limit=1000&offset=1000&category=MARKETING,2026-09-27T09:37:19Z,200,application/json,2974642,6ce7c63331cc5d1065cecbad8040852cbadb624dbcf6828f0f282dd19c3e7a9e,"W/""2d63b2-RXYzJLDtsWBMiHYZybrQPji5oNo""",,changed,raw/apify.store.actors/2026/09/20260927T093719Z-6ce7c63331cc.json.gz,,"projected:userPictureUrl,pictureUrl,url"
apify.store.actors,https://api.apify.com/v2/store?limit=1000&offset=2000&category=MARKETING,2026-09-27T09:37:22Z,200,application/json,701798,7e98f19c02e085412c43a9485aef822ccb98b8771dc348edd56fa5c1d53a4c80,"W/""ab566-4QDnkV4wjlCMrvFYB81pwgUlUz8""",,changed,raw/apify.store.actors/2026/09/20260927T093722Z-7e98f19c02e0.json.gz,,"projected:userPictureUrl,pictureUrl,url"
apify.store.actors,https://api.apify.com/v2/store?limit=1000&offset=0&category=OPEN_SOURCE,2026-09-27T09:37:23Z,200,application/json,595715,4bcf64d55ef2f62e8a01332f9db70d44bc473699b676bf65eaf140339383eaed,"W/""91703-bmOl0kjG+iwxa5hyhzgEb36Pz2Y""",,changed,raw/apify.store.actors/2026/09/20260927T093723Z-4bcf64d55ef2.json.gz,,"projected:userPictureUrl,pictureUrl,url"
apify.store.actors,https://api.apify.com/v2/store?limit=1000&offset=0&category=SPORTS,2026-09-27T09:37:25Z,200,application/json,1277415,f6d9aaba9b194c999876398e6cb6d70ae0a7ede469814f40e4af76c55fea33d9,"W/""137de7-LxTHg0gUuQbroBq/JRFCYQKlzjU""",,changed,raw/apify.store.actors/2026/09/20260927T093725Z-f6d9aaba9b19.json.gz,,"projected:userPictureUrl,pictureUrl,url"
apify.store.actors,https://api.apify.com/v2/store?limit=1000&offset=0&category=FOR_CREATORS,2026-09-27T09:37:28Z,200,application/json,935714,a0b439c0c3f0c2b89bd0ae5b251c929718752dca22238d36b01bff4fc4f62aee,"W/""e4722-2f3+dHMODdHBlarAMasjzdeAOpk""",,changed,raw/apify.store.actors/2026/09/20260927T093728Z-a0b439c0c3f0.json.gz,,"projected:userPictureUrl,pictureUrl,url"
apify.store.actors,https://api.apify.com/v2/store?limit=1000&offset=0&category=EDUCATION,2026-09-27T09:37:30Z,200,application/json,1889105,533c53196dc1cf195d6a5c62159a193d0a3fe356f65bf682ec2674295a1de51f,"W/""1cd351-PVR9h7ocmhDvJpBzFtBC5Rpqy6o""",,changed,raw/apify.store.actors/2026/09/20260927T093730Z-533c53196dc1.json.gz,,"projected:userPictureUrl,pictureUrl,url"
apify.store.actors,https://api.apify.com/v2/store?limit=1000&offset=0&category=GAMES,2026-09-27T09:37:33Z,200,application/json,428770,7b6cae1395447072b262b27609c7cc4116241bb5b1cdf571751ae500aef8ded9,"W/""68ae2-GGRe3M+zJOJRx1BFBSYz5+Ra5a0""",,changed,raw/apify.store.actors/2026/09/20260927T093733Z-7b6cae139544.json.gz,,"projected:userPictureUrl,pictureUrl,url"
apify.store.actors,https://api.apify.com/v2/store?limit=1000&offset=0,2026-09-28T10:08:08Z,200,application/json,3968806,dbeecb62a20dcf81edec01ee6dfb49add8870f37fd68b071bca94aec2dfcbb83,"W/""3c8f26-NA1lRdIb0S4+GSa5Ol3sXXvrCLI""",,changed,raw/apify.store.actors/2026/09/20260928T100808Z-dbeecb62a20d.json.gz,,"projected:userPictureUrl,pictureUrl,url"
apify.store.actors,https://api.apify.com/v2/store?limit=1000&offset=1000,2026-09-28T10:08:13Z,200,application/json,3290714,186a5460b9d2d1b145eef25f4ad217ee314d50109ce8d506b52ac44810c0df6b,"W/""32365a-BX975GNWXyoBf01psNKmCg0Wxdo""",,changed,raw/apify.store.actors/2026/09/20260928T100813Z-186a5460b9d2.json.gz,,"projected:userPictureUrl,pictureUrl,url"
apify.store.actors,https://api.apify.com/v2/store?limit=1000&offset=2000,2026-09-28T10:08:15Z,200,application/json,3037969,3e5c88f1a8cdf96f7548c664970da856c28ab02cf589f563f70ccb9800253d49,"W/""2e5b11-VIa7dj7pICq7e0r9PjTbOOIWNG4""",,changed,raw/apify.store.actors/2026/09/20260928T100815Z-3e5c88f1a8cd.json.gz,,"projected:userPictureUrl,pictureUrl,url"
apify.store.actors,https://api.apify.com/v2/store?limit=1000&offset=3000,2026-09-28T10:08:18Z,200,application/json,3590055,7617459209f9bd58389a7de8f7ac17b96711ad8e12f503a564a1b2a6027a1707,"W/""36c7a7-KEzg+0LUwuZoWmi1RdIpeIKFiVg""",,changed,raw/apify.store.actors/2026/09/20260928T100818Z-7617459209f9.json.gz,,"projected:userPictureUrl,pictureUrl,url"
apify.store.actors,https://api.apify.com/v2/store?limit=1000&offset=4000,2026-09-28T10:08:21Z,200,application/json,3533236,89d875e630894fc2de6c529113af7683a7d04033a385c079c93429e6af5683ee,"W/""35e9b4-+84HgqE4K2lmO5mVlk4tXGEeY+E""",,changed,raw/apify.store.actors/2026/09/20260928T100821Z-89d875e63089.json.gz,,"projected:userPictureUrl,pictureUrl,url"
apify.store.actors,https://api.apify.com/v2/store?limit=1000&offset=5000,2026-09-28T10:08:23Z,200,application/json,3483624,9182c37f3372661ccbe3574db2e7919db88a9fd88e091c4c144eadb794369c3f,"W/""3527e8-K4K/bCT+GGmtRxjIvGtJqf3XAHo""",,changed,raw/apify.store.actors/2026/09/20260928T100823Z-9182c37f3372.json.gz,,"projected:userPictureUrl,pictureUrl,url"
apify.store.actors,https://api.apify.com/v2/store?limit=1000&offset=6000,2026-09-28T10:08:28Z,200,application/json,3413557,4841e43df53e7536eda73a792e326baa0ff1d0632b5776d021d92aec645d3af4,"W/""341635-0IeeZzxjUm0dgawPfRDRhOLGktA""",,changed,raw/apify.store.actors/2026/09/20260928T100828Z-4841e43df53e.json.gz,,"projected:userPictureUrl,pictureUrl,url"
apify.store.actors,https://api.apify.com/v2/store?limit=1000&offset=7000,2026-09-28T10:08:30Z,200,application/json,3428993,083a23568fa1db462daa2b0ff63803894c1773894426f5bbaac961ea6c1d2798,"W/""345281-mi8jr0uYn2VkGeUjrInMLt9Kjd0""",,changed,raw/apify.store.actors/2026/09/20260928T100830Z-083a23568fa1.json.gz,,"projected:userPictureUrl,pictureUrl,url"
apify.store.actors,https://api.apify.com/v2/store?limit=1000&offset=8000,2026-09-28T10:08:32Z,200,application/json,3640062,1b04e42461e9734707b30d2b76b3c9e282ffc53077fda66712fed27854cd3e0d,"W/""378afe-o2Q6dV0kC++/b+ODTJDGQ6k/5pk""",,changed,raw/apify.store.actors/2026/09/20260928T100832Z-1b04e42461e9.json.gz,,"projected:userPictureUrl,pictureUrl,url"
apify.store.actors,https://api.apify.com/v2/store?limit=1000&offset=9000,2026-09-28T10:08:35Z,200,application/json,3478766,8e25f50c1985250b597a4def9e415824f306864c10e2afe7def0609c033a61ba,"W/""3514ee-XI+GHIu+52IvxR6pj0cPjqInoaw""",,changed,raw/apify.store.actors/2026/09/20260928T100835Z-8e25f50c1985.json.gz,,"projected:userPictureUrl,pictureUrl,url"
apify.store.actors,https://api.apify.com/v2/store?limit=1000&offset=10000,2026-09-28T10:08:38Z,200,application/json,2571607,a07d4785fcaa535c06b48cf0028d8f78839595039abbc5f948222515ea0d0479,"W/""273d57-N8kZDwRQwaDXdzIttofWi4e/H9Y""",,changed,raw/apify.store.actors/2026/09/20260928T100838Z-a07d4785fcaa.json.gz,,"projected:userPictureUrl,pictureUrl,url"
apify.store.actors,https://api.apify.com/v2/store?limit=1000&offset=11000,2026-09-28T10:08:40Z,200,application/json,2247992,241812a20b8dfd0861b8b849c6c14f3432d3aee6c92a2109bdb84f4b965fe383,"W/""224d38-ZhYKgiap+zgm25MBrMf3MU3a1CA""",,changed,raw/apify.store.actors/2026/09/20260928T100840Z-241812a20b8d.json.gz,,"projected:userPictureUrl,pictureUrl,url"
apify.store.actors,https://api.apify.com/v2/store?limit=1000&offset=12000,2026-09-28T10:08:43Z,200,application/json,2600345,e667e26dd3ac9883094c15097311a29d14de3543a5aa379700d4a4fc9fa38315,"W/""27ad99-L0vaqH/GefyAW6xgjn7BsjnLDO8""",,changed,raw/apify.store.actors/2026/09/20260928T100843Z-e667e26dd3ac.json.gz,,"projected:userPictureUrl,pictureUrl,url"
apify.store.actors,https://api.apify.com/v2/store?limit=1000&offset=13000,2026-09-28T10:08:45Z,200,application/json,2790901,f9cc99ec3b5e3199f601bd39374fe333b8c5424a957c3c40f173514a0563e01d,"W/""2a95f5-W8g04DidHaEkDgNVCm7V6zn0VXE""",,changed,raw/apify.store.actors/2026/09/20260928T100845Z-f9cc99ec3b5e.json.gz,,"projected:userPictureUrl,pictureUrl,url"
apify.store.actors,https://api.apify.com/v2/store?limit=1000&offset=14000,2026-09-28T10:08:48Z,200,application/json,2803822,2196aa69908746aad68bd24d435d8a7b7fbcae817da3b350ef63cf1bb1728095,"W/""2ac86e-kAxK1nDK9osFWxo8LKlKkWaGk+k""",,changed,raw/apify.store.actors/2026/09/20260928T100848Z-2196aa699087.json.gz,,"projected:userPictureUrl,pictureUrl,url"
apify.store.actors,https://api.apify.com/v2/store?limit=1000&offset=15000,2026-09-28T10:08:51Z,200,application/json,2973923,c0a7dbe065f9af9a441cf880d621f4a505d5f3ea44b0534cc1063af368a70096,"W/""2d60e3-uOjc5AafEIUVplFpLBgY2b48x7E""",,changed,raw/apify.store.actors/2026/09/20260928T100851Z-c0a7dbe065f9.json.gz,,"projected:userPictureUrl,pictureUrl,url"
apify.store.actors,https://api.apify.com/v2/store?limit=1000&offset=0&category=AUTOMATION,2026-09-28T10:08:53Z,200,application/json,3809732,a5d5e8ab830a05f6af272a32f2a0f243af95f480e98d2f876a0fbf271c8c7bf8,"W/""3a21c4-2wuJ4aDFJ5qy7I+MCjefEmp/cZc""",,changed,raw/apify.store.actors/2026/09/20260928T100853Z-a5d5e8ab830a.json.gz,,"projected:userPictureUrl,pictureUrl,url"
apify.store.actors,https://api.apify.com/v2/store?limit=1000&offset=1000&category=AUTOMATION,2026-09-28T10:08:56Z,200,application/json,3520149,a049b5f838d2c7f2d1e521bebe4a5190b8d694933ba7644012569c6abcf92f74,"W/""35b695-mDAResA3VYFiIk1K5EPNFoJF2Q8""",,changed,raw/apify.store.actors/2026/09/20260928T100856Z-a049b5f838d2.json.gz,,"projected:userPictureUrl,pictureUrl,url"
apify.store.actors,https://api.apify.com/v2/store?limit=1000&offset=2000&category=AUTOMATION,2026-09-28T10:08:59Z,200,application/json,3512482,caf645d9bc91ee87465b9f47819173400c0628a199ec593c62a69638b77acb60,"W/""3598a2-bI5//NpZDTMZx39WSBy4x9nhk1U""",,changed,raw/apify.store.actors/2026/09/20260928T100859Z-caf645d9bc91.json.gz,,"projected:userPictureUrl,pictureUrl,url"
apify.store.actors,https://api.apify.com/v2/store?limit=1000&offset=3000&category=AUTOMATION,2026-09-28T10:09:03Z,200,application/json,3391058,459873332c2400c69466d2a90b688ee5765d035f29a501b03904adf7855980d2,"W/""33be52-MEOx917Yq6piyfGACkgy1oO8Vp0""",,changed,raw/apify.store.actors/2026/09/20260928T100903Z-459873332c24.json.gz,,"projected:userPictureUrl,pictureUrl,url"
apify.store.actors,https://api.apify.com/v2/store?limit=1000&offset=4000&category=AUTOMATION,2026-09-28T10:09:05Z,200,application/json,2784656,8ee0eae722435df5f3b21dc40606b00f962ffda7c38237b1d5229f860dd0c1ee,"W/""2a7d90-RWvaqdy4BNyrDB03jyg/GiLQHrU""",,changed,raw/apify.store.actors/2026/09/20260928T100905Z-8ee0eae72243.json.gz,,"projected:userPictureUrl,pictureUrl,url"
apify.store.actors,https://api.apify.com/v2/store?limit=1000&offset=5000&category=AUTOMATION,2026-09-28T10:09:07Z,200,application/json,2654098,d70a5e502ff114dc8cc7a48842e62ab01672a94cf4141d174d97ca56b0466406,"W/""287f92-XaVBT4KJ1bQARiqKy229Z4eN/vI""",,changed,raw/apify.store.actors/2026/09/20260928T100907Z-d70a5e502ff1.json.gz,,"projected:userPictureUrl,pictureUrl,url"
apify.store.actors,https://api.apify.com/v2/store?limit=1000&offset=6000&category=AUTOMATION,2026-09-28T10:09:10Z,200,application/json,2978089,cc0b3613baf24e6e4bc2d5e25d0096a7ddd087faa55882baaa9beabca6b9a0cc,"W/""2d7129-Dv/Ti1BUpnKj1PXEoPw2uC3K8jQ""",,changed,raw/apify.store.actors/2026/09/20260928T100910Z-cc0b3613baf2.json.gz,,"projected:userPictureUrl,pictureUrl,url"
apify.store.actors,https://api.apify.com/v2/store?limit=1000&offset=7000&category=AUTOMATION,2026-09-28T10:09:12Z,200,application/json,3003886,8da6521436790a6ceaa4885f01f2d1e20b967590d1933e26c6df68191d8f9161,"W/""2dd5ee-Zo7/pGh8MKOib/otIcLp/Ljja48""",,changed,raw/apify.store.actors/2026/09/20260928T100912Z-8da652143679.json.gz,,"projected:userPictureUrl,pictureUrl,url"
apify.store.actors,https://api.apify.com/v2/store?limit=1000&offset=8000&category=AUTOMATION,2026-09-28T10:09:15Z,200,application/json,3161062,1073821bad86361b4b6617f14b93ef8e8b7fbfaed4c3bb24e909af7798c6456c,"W/""303be6-Ur2dkkMsFRzZQkv6iu+2OVOYeKY""",,changed,raw/apify.store.actors/2026/09/20260928T100915Z-1073821bad86.json.gz,,"projected:userPictureUrl,pictureUrl,url"
apify.store.actors,https://api.apify.com/v2/store?limit=1000&offset=9000&category=AUTOMATION,2026-09-28T10:09:17Z,200,application/json,3015247,63fd0c212136cd829be23f1aba9f0d45828cf080103c19b29501667acedce67a,"W/""2e024f-H+jRojwj6/gjDqk0toVxbW9dUv8""",,changed,raw/apify.store.actors/2026/09/20260928T100917Z-63fd0c212136.json.gz,,"projected:userPictureUrl,pictureUrl,url"
apify.store.actors,https://api.apify.com/v2/store?limit=1000&offset=10000&category=AUTOMATION,2026-09-28T10:09:21Z,200,application/json,2993747,e9dcb8f7830cffe730bc4b67962aabbdf8409d2d944dcc8b19eb8b1127b24c5e,"W/""2dae53-pMjIrt5dgYOE7AwTZbPpqYJNNa8""",,changed,raw/apify.store.actors/2026/09/20260928T100921Z-e9dcb8f7830c.json.gz,,"projected:userPictureUrl,pictureUrl,url"
apify.store.actors,https://api.apify.com/v2/store?limit=1000&offset=11000&category=AUTOMATION,2026-09-28T10:09:23Z,200,application/json,3108301,cc8b3182ce69be0299be9698813255d03db16af29732fe31f4b819cc2562276b,"W/""2f6dcd-HyyQTGD72C8KFC47RcdkkiH3OVk""",,changed,raw/apify.store.actors/2026/09/20260928T100923Z-cc8b3182ce69.json.gz,,"projected:userPictureUrl,pictureUrl,url"
apify.store.actors,https://api.apify.com/v2/store?limit=1000&offset=12000&category=AUTOMATION,2026-09-28T10:09:25Z,200,application/json,3019083,cdb2dedd7a5e7acb0cd72a195631bc67ecf0d7dbaa613ce6dd21c5809820bcf8,"W/""2e114b-KHBcSYoBLA8nwfhjqxMknfT+Acw""",,changed,raw/apify.store.actors/2026/09/20260928T100925Z-cdb2dedd7a5e.json.gz,,"projected:userPictureUrl,pictureUrl,url"
apify.store.actors,https://api.apify.com/v2/store?limit=1000&offset=13000&category=AUTOMATION,2026-09-28T10:09:28Z,200,application/json,2750149,9669b93522308c364e730b68207f38eb571287c05626b7520f12680c6e234dd4,"W/""29f6c5-bH7OUZ0HlN7kfpjW7+cu7wxKfw4""",,changed,raw/apify.store.actors/2026/09/20260928T100928Z-9669b9352230.json.gz,,"projected:userPictureUrl,pictureUrl,url"
apify.store.actors,https://api.apify.com/v2/store?limit=1000&offset=14000&category=AUTOMATION,2026-09-28T10:09:30Z,200,application/json,2886719,ab2e6a05617922b9e26d07c51e41610521a600c324e4fd9a57de6e408678044a,"W/""2c0c3f-6zy+iuM0xh6oB5Z2bJ0fiSKh45o""",,changed,raw/apify.store.actors/2026/09/20260928T100930Z-ab2e6a056179.json.gz,,"projected:userPictureUrl,pictureUrl,url"
apify.store.actors,https://api.apify.com/v2/store?limit=1000&offset=15000&category=AUTOMATION,2026-09-28T10:09:33Z,200,application/json,3070633,8ba6f0abae4474c3ce8ba886b7d4150d362bfa3e8b487b8537c2d726fd51a14a,"W/""2edaa9-I4zcqf8aRUxdU3lIpnrZ/g3uiLE""",,changed,raw/apify.store.actors/2026/09/20260928T100933Z-8ba6f0abae44.json.gz,,"projected:userPictureUrl,pictureUrl,url"
apify.store.actors,https://api.apify.com/v2/store?limit=1000&offset=0&category=LEAD_GENERATION,2026-09-28T10:09:35Z,200,application/json,3844008,30139e0b7e7d13c5bbbfe05cfae8be03c80b1d0f90bd959a7acb4c02baab8ab3,"W/""3aa7a8-5LDsSr1hCB+F5eV//kgThNEX3qw""",,changed,raw/apify.store.actors/2026/09/20260928T100935Z-30139e0b7e7d.json.gz,,"projected:userPictureUrl,pictureUrl,url"
apify.store.actors,https://api.apify.com/v2/store?limit=1000&offset=1000&category=LEAD_GENERATION,2026-09-28T10:09:38Z,200,application/json,3370359,a283eae58919df53f02e6eff94814138cbf9c1a054b99de976fcec2df1265af2,"W/""336d77-vyPlYfykQARKL6nfOTsH/hxGINU""",,changed,raw/apify.store.actors/2026/09/20260928T100938Z-a283eae58919.json.gz,,"projected:userPictureUrl,pictureUrl,url"
apify.store.actors,https://api.apify.com/v2/store?limit=1000&offset=2000&category=LEAD_GENERATION,2026-09-28T10:09:41Z,200,application/json,3537281,103c17ba44f6603cd0867fa99992aabf2a7b6d5e1d7a47c8fb106b5f8c8021c1,"W/""35f981-SpztmPVn5z5tVWwMbEhbqvjiAKU""",,changed,raw/apify.store.actors/2026/09/20260928T100941Z-103c17ba44f6.json.gz,,"projected:userPictureUrl,pictureUrl,url"
apify.store.actors,https://api.apify.com/v2/store?limit=1000&offset=3000&category=LEAD_GENERATION,2026-09-28T10:09:44Z,200,application/json,3467296,750c5e58cf685e3e5664682d4e6ac5827af61b603bfa55bd2bf4f5c60d72df81,"W/""34e820-qjjMD7GZj3lhW0a0zLn/0d5CZi4""",,changed,raw/apify.store.actors/2026/09/20260928T100944Z-750c5e58cf68.json.gz,,"projected:userPictureUrl,pictureUrl,url"
apify.store.actors,https://api.apify.com/v2/store?limit=1000&offset=4000&category=LEAD_GENERATION,2026-09-28T10:09:46Z,200,application/json,2980051,10419ff04d20f2c7995139ec48771e5907f5d763ea63d80bc149e7e0b24b4524,"W/""2d78d3-e5LHJK1aZnsd6dwz2v6oIgtctGM""",,changed,raw/apify.store.actors/2026/09/20260928T100946Z-10419ff04d20.json.gz,,"projected:userPictureUrl,pictureUrl,url"
apify.store.actors,https://api.apify.com/v2/store?limit=1000&offset=5000&category=LEAD_GENERATION,2026-09-28T10:09:49Z,200,application/json,3008807,ee2b2d26478ad852a9698a6763bb0d176a107658cb46ae0d118aceb1e39037c0,"W/""2de927-biLTp7tWd+Khkv8SGtNfvmahfAU""",,changed,raw/apify.store.actors/2026/09/20260928T100949Z-ee2b2d26478a.json.gz,,"projected:userPictureUrl,pictureUrl,url"
apify.store.actors,https://api.apify.com/v2/store?limit=1000&offset=6000&category=LEAD_GENERATION,2026-09-28T10:09:51Z,200,application/json,3188306,12c246d334ee8184ff79b28bbee1f48119ac93c257000108364f2530f83e98ae,"W/""30a652-CggNCGB/kZgh5HoJeF5nQgPfOlc""",,changed,raw/apify.store.actors/2026/09/20260928T100951Z-12c246d334ee.json.gz,,"projected:userPictureUrl,pictureUrl,url"
apify.store.actors,https://api.apify.com/v2/store?limit=1000&offset=7000&category=LEAD_GENERATION,2026-09-28T10:09:54Z,200,application/json,3219410,b49538ec2e9152c3d7441f3957fb1ee727ad8725ec20e30957672ec432a21616,"W/""311fd2-ePg1cl2lg5bUf7KTvyl7+oghJzE""",,changed,raw/apify.store.actors/2026/09/20260928T100954Z-b49538ec2e91.json.gz,,"projected:userPictureUrl,pictureUrl,url"
apify.store.actors,https://api.apify.com/v2/store?limit=1000&offset=8000&category=LEAD_GENERATION,2026-09-28T10:09:57Z,200,application/json,3145012,4badf66498c80d1da64d400a5fa8fe54d249aba8b6970df1fcf6782adf771a56,"W/""2ffd34-Iy6LGMV1i6rfHjs7fqzKfmF/7f4""",,changed,raw/apify.store.actors/2026/09/20260928T100957Z-4badf66498c8.json.gz,,"projected:userPictureUrl,pictureUrl,url"
apify.store.actors,https://api.apify.com/v2/store?limit=1000&offset=9000&category=LEAD_GENERATION,2026-09-28T10:10:00Z,200,application/json,3186813,57587b1730459aba147d02e40abd92abed6015939379d9f8f1f038741d495e50,"W/""30a07d-2yWRotgbuU9cz3aVpx4Jq/z6Y1Q""",,changed,raw/apify.store.actors/2026/09/20260928T101000Z-57587b173045.json.gz,,"projected:userPictureUrl,pictureUrl,url"
apify.store.actors,https://api.apify.com/v2/store?limit=1000&offset=10000&category=LEAD_GENERATION,2026-09-28T10:10:03Z,200,application/json,3069747,15626f30a9f58ea115434f89c32d9ceecdcd9954778292ef039a3a6abf060922,"W/""2ed733-HS2FeDa9N+gg+uQKj0WeaO3hG4M""",,changed,raw/apify.store.actors/2026/09/20260928T101003Z-15626f30a9f5.json.gz,,"projected:userPictureUrl,pictureUrl,url"
apify.store.actors,https://api.apify.com/v2/store?limit=1000&offset=11000&category=LEAD_GENERATION,2026-09-28T10:10:06Z,200,application/json,2927987,fad75ad55e6115d36cbfbda62d89c0f7f6d1df6751af7960cca63607b9e5fe4a,"W/""2cad73-KUUiAAgOY5W7MR7uD/z9pZlqg/g""",,changed,raw/apify.store.actors/2026/09/20260928T101006Z-fad75ad55e61.json.gz,,"projected:userPictureUrl,pictureUrl,url"
apify.store.actors,https://api.apify.com/v2/store?limit=1000&offset=12000&category=LEAD_GENERATION,2026-09-28T10:10:08Z,200,application/json,3006748,a16a5c3dbfdd6058846779ffd3578788fb47d3cc14aae0a9985e7db82cc05fbb,"W/""2de11c-J4OTyYgQ686Hv9cwjnUjuuQQFDQ""",,changed,raw/apify.store.actors/2026/09/20260928T101008Z-a16a5c3dbfdd.json.gz,,"projected:userPictureUrl,pictureUrl,url"
apify.store.actors,https://api.apify.com/v2/store?limit=1000&offset=13000&category=LEAD_GENERATION,2026-09-28T10:10:11Z,200,application/json,2868354,4bedc0e3541bbec85e2b3d7a44dbb3bbd3435da9fbb7f215759e3b47ed7a8c77,"W/""2bc482-d4HXscib0/9vIsxKx8c9oREyM/w""",,changed,raw/apify.store.actors/2026/09/20260928T101011Z-4bedc0e3541b.json.gz,,"projected:userPictureUrl,pictureUrl,url"
apify.store.actors,https://api.apify.com/v2/store?limit=1000&offset=14000&category=LEAD_GENERATION,2026-09-28T10:10:14Z,200,application/json,2482159,a1e102fe0b77080f564a834481ca8a61cb7b6ea0c6499bfc48118cc76ddeb1fc,"W/""25dfef-lhZXly/qEIDriafhHHqqH3XMAgk""",,changed,raw/apify.store.actors/2026/09/20260928T101014Z-a1e102fe0b77.json.gz,,"projected:userPictureUrl,pictureUrl,url"
apify.store.actors,https://api.apify.com/v2/store?limit=1000&offset=15000&category=LEAD_GENERATION,2026-09-28T10:10:16Z,200,application/json,3052007,1b9b94752383c8c37b113bb996cbce0d1a5d6ffe9cba856c654548757d98bef0,"W/""2e91e7-n9oe6BgUyttEnIej87KJ/Kz7T88""",,changed,raw/apify.store.actors/2026/09/20260928T101016Z-1b9b94752383.json.gz,,"projected:userPictureUrl,pictureUrl,url"
apify.store.actors,https://api.apify.com/v2/store?limit=1000&offset=0&category=DEVELOPER_TOOLS,2026-09-28T10:10:19Z,200,application/json,3724903,eba612e8c712d11c4728225fae96d6ba55ea1df2b5061b1ac51762585a009530,"W/""38d667-Xiom+OKJ7X2r5Mb7ZXKF+hBo0PM""",,changed,raw/apify.store.actors/2026/09/20260928T101019Z-eba612e8c712.json.gz,,"projected:userPictureUrl,pictureUrl,url"
apify.store.actors,https://api.apify.com/v2/store?limit=1000&offset=1000&category=DEVELOPER_TOOLS,2026-09-28T10:10:22Z,200,application/json,3287014,49a8edf669932e4f4bab6a868fb4dbf45632bd9b036e9554dfc6300213df6da8,"W/""3227e6-1h+FlQeTc2mk1dhpYMuxQQFQn2w""",,changed,raw/apify.store.actors/2026/09/20260928T101022Z-49a8edf66993.json.gz,,"projected:userPictureUrl,pictureUrl,url"
apify.store.actors,https://api.apify.com/v2/store?limit=1000&offset=2000&category=DEVELOPER_TOOLS,2026-09-28T10:10:24Z,200,application/json,3394086,6605f62e9b26f2cdaeb03615a8778183d1c6654817ba14ea3d018efaff194435,"W/""33ca26-ir6m4Yuisie9inVnVdY4aXjKMWQ""",,changed,raw/apify.store.actors/2026/09/20260928T101024Z-6605f62e9b26.json.gz,,"projected:userPictureUrl,pictureUrl,url"
apify.store.actors,https://api.apify.com/v2/store?limit=1000&offset=3000&category=DEVELOPER_TOOLS,2026-09-28T10:10:27Z,200,application/json,2878133,c32d6b61471a21109e3ed722344d327df3962fa455e640540fb0b020b908a735,"W/""2beab5-O4OAVG7kZhVodXC4k4KhKY9KOck""",,changed,raw/apify.store.actors/2026/09/20260928T101027Z-c32d6b61471a.json.gz,,"projected:userPictureUrl,pictureUrl,url"
apify.store.actors,https://api.apify.com/v2/store?limit=1000&offset=4000&category=DEVELOPER_TOOLS,2026-09-28T10:10:30Z,200,application/json,2969662,002869da6c0138f374bf5588c88b50750fb911aa83c008a036a3ca3b008a947e,"W/""2d503e-8LQc490KZUi/f9aNOvqQIh5Ox0o""",,changed,raw/apify.store.actors/2026/09/20260928T101030Z-002869da6c01.json.gz,,"projected:userPictureUrl,pictureUrl,url"
apify.store.actors,https://api.apify.com/v2/store?limit=1000&offset=5000&category=DEVELOPER_TOOLS,2026-09-28T10:10:34Z,200,application/json,3029315,137f974f9bc99708ec3d9c3370528c0598c55ebe76cddd44c9dcfb5765dd5e8f,"W/""2e3943-fBWXFisSBTUihqBgB+m1cDezi88""",,changed,raw/apify.store.actors/2026/09/20260928T101034Z-137f974f9bc9.json.gz,,"projected:userPictureUrl,pictureUrl,url"
apify.store.actors,https://api.apify.com/v2/store?limit=1000&offset=6000&category=DEVELOPER_TOOLS,2026-09-28T10:10:36Z,200,application/json,2973769,dad6b949e276d78225377459a9d5ffbcaad7ec7369f31dba8f51656dd7c3c941,"W/""2d6049-eXEc8UcRtEZDHxE8c8hQOAUoDMo""",,changed,raw/apify.store.actors/2026/09/20260928T101036Z-dad6b949e276.json.gz,,"projected:userPictureUrl,pictureUrl,url"
apify.store.actors,https://api.apify.com/v2/store?limit=1000&offset=7000&category=DEVELOPER_TOOLS,2026-09-28T10:10:38Z,200,application/json,2974999,139ed5488459c33679f23030c1a7542104dedacdf21823d0192fa99dadbfa1b8,"W/""2d6517-CJZlXorSGuWuakp0wHeDSzxv/QE""",,changed,raw/apify.store.actors/2026/09/20260928T101038Z-139ed5488459.json.gz,,"projected:userPictureUrl,pictureUrl,url"
apify.store.actors,https://api.apify.com/v2/store?limit=1000&offset=8000&category=DEVELOPER_TOOLS,2026-09-28T10:10:41Z,200,application/json,2776354,439ffe156af4cdffdaee0bbd0def1cf30796f8e256fafdfa51f513ba0b9e0ba8,"W/""2a5d22-yRKVIrn1Y20ZjZX9BxmQLNEo/Kk""",,changed,raw/apify.store.actors/2026/09/20260928T101041Z-439ffe156af4.json.gz,,"projected:userPictureUrl,pictureUrl,url"
apify.store.actors,https://api.apify.com/v2/store?limit=1000&offset=9000&category=DEVELOPER_TOOLS,2026-09-28T10:10:43Z,200,application/json,2867548,2bb2e9743639296d0ab7f529c029e0c1937870385fcb7548e5f09bebaed89b84,"W/""2bc15c-NiuSP92jcdzYGxRXjf4Tm6Q7MCk""",,changed,raw/apify.store.actors/2026/09/20260928T101043Z-2bb2e9743639.json.gz,,"projected:userPictureUrl,pictureUrl,url"
apify.store.actors,https://api.apify.com/v2/store?limit=1000&offset=10000&category=DEVELOPER_TOOLS,2026-09-28T10:10:46Z,200,application/json,2709695,b97845e54e7139f4134c84905e622d3fb3b812126c9a21135ed0b3a4434ec676,"W/""2958bf-r/h2FA7M2gdpzC1FBeio9X5s3Ao""",,changed,raw/apify.store.actors/2026/09/20260928T101046Z-b97845e54e71.json.gz,,"projected:userPictureUrl,pictureUrl,url"
apify.store.actors,https://api.apify.com/v2/store?limit=1000&offset=11000&category=DEVELOPER_TOOLS,2026-09-28T10:10:49Z,200,application/json,2618295,ced4fc3a7d2e079e10b532d35314a8de5f5115f0135f80676bc2b77e3b82612b,"W/""27f3b7-dP10fTv8unf+xduUOneUaeX1saQ""",,changed,raw/apify.store.actors/2026/09/20260928T101049Z-ced4fc3a7d2e.json.gz,,"projected:userPictureUrl,pictureUrl,url"
apify.store.actors,https://api.apify.com/v2/store?limit=1000&offset=12000&category=DEVELOPER_TOOLS,2026-09-28T10:10:51Z,200,application/json,2818033,2c03b1fb05bff1e189d16b559bc92628628c3e41354480daa909abdeb296ec69,"W/""2afff1-6xtsPA5pXkd9D/4Tr224dC+IWWQ""",,changed,raw/apify.store.actors/2026/09/20260928T101051Z-2c03b1fb05bf.json.gz,,"projected:userPictureUrl,pictureUrl,url"
apify.store.actors,https://api.apify.com/v2/store?limit=1000&offset=13000&category=DEVELOPER_TOOLS,2026-09-28T10:10:54Z,200,application/json,2570575,7262edeccf1b7efb60d6e79f0762ec6fffa466bb9ec5f77886ae83018b3285e7,"W/""27394f-HHZKeE0qHyCWYLCCsJsEL3+hSH4""",,changed,raw/apify.store.actors/2026/09/20260928T101054Z-7262edeccf1b.json.gz,,"projected:userPictureUrl,pictureUrl,url"
apify.store.actors,https://api.apify.com/v2/store?limit=1000&offset=14000&category=DEVELOPER_TOOLS,2026-09-28T10:10:56Z,200,application/json,2288940,cc6ee59e9092d595d30538f442b23ebcb772dfe18c0039029b94432c90f103a3,"W/""22ed2c-xImCmCIHkWNzQ02UX3JUDUWFtX4""",,changed,raw/apify.store.actors/2026/09/20260928T101056Z-cc6ee59e9092.json.gz,,"projected:userPictureUrl,pictureUrl,url"
apify.store.actors,https://api.apify.com/v2/store?limit=1000&offset=15000&category=DEVELOPER_TOOLS,2026-09-28T10:10:59Z,200,application/json,2973523,e94bfa8ba194876a8ad6ec5f7cc428ca46065b54a1bef8583590fc8d51fd9a4c,"W/""2d5f53-OOW3uXok4XxoSmZjbnSWcqhZpRs""",,changed,raw/apify.store.actors/2026/09/20260928T101059Z-e94bfa8ba194.json.gz,,"projected:userPictureUrl,pictureUrl,url"
apify.store.actors,https://api.apify.com/v2/store?limit=1000&offset=0&category=SOCIAL_MEDIA,2026-09-28T10:11:02Z,200,application/json,3909244,fed21049373d1d1ff56bc36a085d3bfbee615631e5cf9626423a88a084ea0b9e,"W/""3ba67c-4Y2SYwVF/QRCfo0eJtqlLS8zJKo""",,changed,raw/apify.store.actors/2026/09/20260928T101102Z-fed21049373d.json.gz,,"projected:userPictureUrl,pictureUrl,url"
apify.store.actors,https://api.apify.com/v2/store?limit=1000&offset=1000&category=SOCIAL_MEDIA,2026-09-28T10:11:04Z,200,application/json,3436331,b74f35a4edae85fb5a3e368e67824ae539e3fa5e12727d44f5576a00fc9b4292,"W/""346f2b-6mif8qhzpGOctzFgjJOlp2aJsVA""",,changed,raw/apify.store.actors/2026/09/20260928T101104Z-b74f35a4edae.json.gz,,"projected:userPictureUrl,pictureUrl,url"
apify.store.actors,https://api.apify.com/v2/store?limit=1000&offset=2000&category=SOCIAL_MEDIA,2026-09-28T10:11:08Z,200,application/json,3072411,1ff8cc6e6bf34fe4e3e11e98a56d8654ad504e7fe7e6ce6af5bb4b3c95a13284,"W/""2ee19b-mfbpoyDCZsmcC+e9OJ8L636j9L8""",,changed,raw/apify.store.actors/2026/09/20260928T101108Z-1ff8cc6e6bf3.json.gz,,"projected:userPictureUrl,pictureUrl,url"
apify.store.actors,https://api.apify.com/v2/store?limit=1000&offset=3000&category=SOCIAL_MEDIA,2026-09-28T10:11:10Z,200,application/json,2754349,e9494384e1f2a9b5bf2a6ff690860b4f41f7863d89f00a16225bc8406ec0dfec,"W/""2a072d-2eAwvMkvAAUSN9bOog9DuXRjQFU""",,changed,raw/apify.store.actors/2026/09/20260928T101110Z-e9494384e1f2.json.gz,,"projected:userPictureUrl,pictureUrl,url"
apify.store.actors,https://api.apify.com/v2/store?limit=1000&offset=4000&category=SOCIAL_MEDIA,2026-09-28T10:11:13Z,200,application/json,2952156,220ba9349625507e86e109af046e6900f46b30ca8f6785361a2e30a147f81a07,"W/""2d0bdc-MYvhqh31dLiGaoq+bl/WrpNVnnE""",,changed,raw/apify.store.actors/2026/09/20260928T101113Z-220ba9349625.json.gz,,"projected:userPictureUrl,pictureUrl,url"
apify.store.actors,https://api.apify.com/v2/store?limit=1000&offset=5000&category=SOCIAL_MEDIA,2026-09-28T10:11:16Z,200,application/json,3034441,bc8dd6fa1b4c52eff148fd9c885bc2348988ed8f5c2a86d136d65a2d2092c18a,"W/""2e4d49-+0F9S/hJnUQnA+HWwEMpNyxf4kE""",,changed,raw/apify.store.actors/2026/09/20260928T101116Z-bc8dd6fa1b4c.json.gz,,"projected:userPictureUrl,pictureUrl,url"
apify.store.actors,https://api.apify.com/v2/store?limit=1000&offset=6000&category=SOCIAL_MEDIA,2026-09-28T10:11:18Z,200,application/json,3065516,9e1b07b6d385d95888f220057f262d8bc0c8f65c26aab33b9c23be593631d325,"W/""2ec6ac-dRayyJ1wkBZUhTdnGn7RUHOCV9w""",,changed,raw/apify.store.actors/2026/09/20260928T101118Z-9e1b07b6d385.json.gz,,"projected:userPictureUrl,pictureUrl,url"
apify.store.actors,https://api.apify.com/v2/store?limit=1000&offset=7000&category=SOCIAL_MEDIA,2026-09-28T10:11:21Z,200,application/json,2787300,d7efc8b99d16b2dfc7ad582da97609c4ba6d1750607093377ed8148e247b14a6,"W/""2a87e4-/ixd9/T7l6zUmUPWjv4dABcRA9U""",,changed,raw/apify.store.actors/2026/09/20260928T101121Z-d7efc8b99d16.json.gz,,"projected:userPictureUrl,pictureUrl,url"
apify.store.actors,https://api.apify.com/v2/store?limit=1000&offset=8000&category=SOCIAL_MEDIA,2026-09-28T10:11:24Z,200,application/json,3020237,1edba684321409fa72cb947308fa895cfbcb82b02463dc39a9113f34cb2af03b,"W/""2e15cd-Eg/9Qg8CbZxR+Tm1ubcJlfitPa4""",,changed,raw/apify.store.actors/2026/09/20260928T101124Z-1edba6843214.json.gz,,"projected:userPictureUrl,pictureUrl,url"
apify.store.actors,https://api.apify.com/v2/store?limit=1000&offset=9000&category=SOCIAL_MEDIA,2026-09-28T10:11:27Z,200,application/json,3150910,5237ea79bef07469103d7dabe8b472ba68b3ce92e3e3a8fbed1d4447b4a894f6,"W/""30143e-kJW0lbFL2HOqlLDuaLVT6QlMdm8""",,changed,raw/apify.store.actors/2026/09/20260928T101127Z-5237ea79bef0.json.gz,,"projected:userPictureUrl,pictureUrl,url"
apify.store.actors,https://api.apify.com/v2/store?limit=1000&offset=10000&category=SOCIAL_MEDIA,2026-09-28T10:11:29Z,200,application/json,1354689,299652d3d01e037a16411b5958ced140c1a86c7c521c93eaeaf2af69f432dff0,"W/""14abc1-bPCYSIaeuQn9VEfeZbzXqdvcpZE""",,changed,raw/apify.store.actors/2026/09/20260928T101129Z-299652d3d01e.json.gz,,"projected:userPictureUrl,pictureUrl,url"
apify.store.actors,https://api.apify.com/v2/store?limit=1000&offset=0&category=ECOMMERCE,2026-09-28T10:11:31Z,200,application/json,3627440,af9b915c5a061efa5f44c9fe5c0f0cc4228455bf0ed4131b78720458b0e3d955,"W/""3759b0-LxQyYzmuwcnaC8/TzYxZehYtWkQ""",,changed,raw/apify.store.actors/2026/09/20260928T101131Z-af9b915c5a06.json.gz,,"projected:userPictureUrl,pictureUrl,url"
apify.store.actors,https://api.apify.com/v2/store?limit=1000&offset=1000&category=ECOMMERCE,2026-09-28T10:11:34Z,200,application/json,3329118,9df49d0a56275fcbc9975b7bf38337f8717376b1789ab0cdfb3f5a84586cfc14,"W/""32cc5e-fS/g3HKQ8i9Y+CpjfzHrSviPpWo""",,changed,raw/apify.store.actors/2026/09/20260928T101134Z-9df49d0a5627.json.gz,,"projected:userPictureUrl,pictureUrl,url"
apify.store.actors,https://api.apify.com/v2/store?limit=1000&offset=2000&category=ECOMMERCE,2026-09-28T10:11:37Z,200,application/json,2847121,00d9e9d907bf3b27d6231a4fe093fb9cebae7a984c184eabacf7067a30b1a12c,"W/""2b7191-WKlz12V81XHMBSlNRUDqBWzAMUA""",,changed,raw/apify.store.actors/2026/09/20260928T101137Z-00d9e9d907bf.json.gz,,"projected:userPictureUrl,pictureUrl,url"
apify.store.actors,https://api.apify.com/v2/store?limit=1000&offset=3000&category=ECOMMERCE,2026-09-28T10:11:40Z,200,application/json,2861506,696818957643c5013e231dee31b5206b6568ac856da96250083711191a83d563,"W/""2ba9c2-XtDeuQNH7K9PH6aiythJperqPSM""",,changed,raw/apify.store.actors/2026/09/20260928T101140Z-696818957643.json.gz,,"projected:userPictureUrl,pictureUrl,url"
apify.store.actors,https://api.apify.com/v2/store?limit=1000&offset=4000&category=ECOMMERCE,2026-09-28T10:11:43Z,200,application/json,2372355,858d4761f379679c95c7b506927e630d72cd369da50b4c6011b3e05c96ea8cdf,"W/""243303-RLeJPiElXztcnG/7DrNVuANMq/E""",,changed,raw/apify.store.actors/2026/09/20260928T101143Z-858d4761f379.json.gz,,"projected:userPictureUrl,pictureUrl,url"
apify.store.actors,https://api.apify.com/v2/store?limit=1000&offset=5000&category=ECOMMERCE,2026-09-28T10:11:45Z,200,application/json,2818101,7bebeefecfebc465151164e8860933eca776812ff3ddb1856407d0cc0f1aecb7,"W/""2b0035-At9+dMaAgInr8dAqAEPuux20q9Y""",,changed,raw/apify.store.actors/2026/09/20260928T101145Z-7bebeefecfeb.json.gz,,"projected:userPictureUrl,pictureUrl,url"
apify.store.actors,https://api.apify.com/v2/store?limit=1000&offset=6000&category=ECOMMERCE,2026-09-28T10:11:48Z,200,application/json,2972957,36600ce4ff093c9a2994ffa243470f363a7525c1b5bfff2734e3d504ddfeeb29,"W/""2d5d1d-u8VLN7BJ7yMRkvLdTDtNwRr6i3Y""",,changed,raw/apify.store.actors/2026/09/20260928T101148Z-36600ce4ff09.json.gz,,"projected:userPictureUrl,pictureUrl,url"
apify.store.actors,https://api.apify.com/v2/store?limit=1000&offset=7000&category=ECOMMERCE,2026-09-28T10:11:51Z,200,application/json,2826282,052651a6c5e01c681c38bc6993ca5231f1f17f2460990768bcd3c2fcf582c55e,"W/""2b202a-SuRIrGYNydkypB1QJ0w2gYLJG5c""",,changed,raw/apify.store.actors/2026/09/20260928T101151Z-052651a6c5e0.json.gz,,"projected:userPictureUrl,pictureUrl,url"
apify.store.actors,https://api.apify.com/v2/store?limit=1000&offset=8000&category=ECOMMERCE,2026-09-28T10:11:54Z,200,application/json,2699841,a01458aa618fc381dc5f1b0e06ecb7b829aa906bccbb46e7711d4b48a5edb381,"W/""293241-GqAULgqozvkabWnIgcKptuwoJ24""",,changed,raw/apify.store.actors/2026/09/20260928T101154Z-a01458aa618f.json.gz,,"projected:userPictureUrl,pictureUrl,url"
apify.store.actors,https://api.apify.com/v2/store?limit=1000&offset=9000&category=ECOMMERCE,2026-09-28T10:11:57Z,200,application/json,3110645,13e5c9e2b2c1d04742b341fb32de6a03838c0bc41040b22b9cdabddab62a106c,"W/""2f76f5-0swaVE7Xuuh9wBfqoj5nHBv9AbQ""",,changed,raw/apify.store.actors/2026/09/20260928T101157Z-13e5c9e2b2c1.json.gz,,"projected:userPictureUrl,pictureUrl,url"
apify.store.actors,https://api.apify.com/v2/store?limit=1000&offset=10000&category=ECOMMERCE,2026-09-28T10:12:00Z,200,application/json,3024840,92a92b3b1b865447a9998f3d0f1148fc3316b9f58b21f8c1f5de8906a6b4278b,"W/""2e27c8-SlKKoTlmXnfaAXaBSMMqE+byxiw""",,changed,raw/apify.store.actors/2026/09/20260928T101200Z-92a92b3b1b86.json.gz,,"projected:userPictureUrl,pictureUrl,url"
apify.store.actors,https://api.apify.com/v2/store?limit=1000&offset=11000&category=ECOMMERCE,2026-09-28T10:12:03Z,200,application/json,3015697,dec5c2fe6590ac79a6c7c2ca46830dbd84862f9cae678f50b2d60f7b9ce5de40,"W/""2e0411-x8aNoZegk3pI4cUiGZ9LyEezxqs""",,changed,raw/apify.store.actors/2026/09/20260928T101203Z-dec5c2fe6590.json.gz,,"projected:userPictureUrl,pictureUrl,url"
apify.store.actors,https://api.apify.com/v2/store?limit=1000&offset=12000&category=ECOMMERCE,2026-09-28T10:12:05Z,200,application/json,3165606,6a4dbd1e792c6f7e2dcea261c661438724faf3c95907cb983dc08da026b64f84,"W/""304da6-hs/xkAw7eETlVGUqGhOcK/hi8rA""",,changed,raw/apify.store.actors/2026/09/20260928T101205Z-6a4dbd1e792c.json.gz,,"projected:userPictureUrl,pictureUrl,url"
apify.store.actors,https://api.apify.com/v2/store?limit=1000&offset=13000&category=ECOMMERCE,2026-09-28T10:12:08Z,200,application/json,1675326,c5b662b8eb1d5f244c2f66537956b9763c2c1ce1f4510205791c9a42737979f7,"W/""19903e-03kdyGseOMSdgCvFkXy1T2ozd2o""",,changed,raw/apify.store.actors/2026/09/20260928T101208Z-c5b662b8eb1d.json.gz,,"projected:userPictureUrl,pictureUrl,url"
apify.store.actors,https://api.apify.com/v2/store?limit=1000&offset=0&category=OTHER,2026-09-28T10:12:11Z,200,application/json,3334441,ca55cfb287bd840cd618e8d6286dc6086fb9f980c478f0772cf22e68bc807f24,"W/""32e129-m2m2koqkVToG5gnqi4Y51yjsdH0""",,changed,raw/apify.store.actors/2026/09/20260928T101211Z-ca55cfb287bd.json.gz,,"projected:userPictureUrl,pictureUrl,url"
apify.store.actors,https://api.apify.com/v2/store?limit=1000&offset=1000&category=OTHER,2026-09-28T10:12:14Z,200,application/json,2897719,163a2d40108d5abd090247fe21be1ef7585e7833bdcfe33bb09f8400b83b88e9,"W/""2c3737-A2NHv9i8cgs62OPcCVk+8xZmYfA""",,changed,raw/apify.store.actors/2026/09/20260928T101214Z-163a2d40108d.json.gz,,"projected:userPictureUrl,pictureUrl,url"
apify.store.actors,https://api.apify.com/v2/store?limit=1000&offset=2000&category=OTHER,2026-09-28T10:12:16Z,200,application/json,2897429,7a15b61877e5379f214aa1848c8b3a575bb2ed91289abbad1834ddc7930415b0,"W/""2c3615-2f3wZXmApde4xVcxDks/pXUe0EY""",,changed,raw/apify.store.actors/2026/09/20260928T101216Z-7a15b61877e5.json.gz,,"projected:userPictureUrl,pictureUrl,url"
apify.store.actors,https://api.apify.com/v2/store?limit=1000&offset=3000&category=OTHER,2026-09-28T10:12:19Z,200,application/json,2880550,f22aa1dfa667b3d0e59f336dde3844994e2e70071dd47dbddfe67d8f467e988f,"W/""2bf426-YtUNvaLDHVnPsHLFRSJnvolxmCM""",,changed,raw/apify.store.actors/2026/09/20260928T101219Z-f22aa1dfa667.json.gz,,"projected:userPictureUrl,pictureUrl,url"
apify.store.actors,https://api.apify.com/v2/store?limit=1000&offset=4000&category=OTHER,2026-09-28T10:12:22Z,200,application/json,2973627,857bd988805ea1c9e1b4ceee8bd4433f073386e76e9bb1d7dfdddc7205ab225f,"W/""2d5fbb-UW5A60tbN42qRTt5dW8LiRdhxEU""",,changed,raw/apify.store.actors/2026/09/20260928T101222Z-857bd988805e.json.gz,,"projected:userPictureUrl,pictureUrl,url"
apify.store.actors,https://api.apify.com/v2/store?limit=1000&offset=5000&category=OTHER,2026-09-28T10:12:26Z,200,application/json,3011928,b14a52ef329f5f0c81c0a161b2728b3e2d9b601a51083b18d9a0036578c2a388,"W/""2df558-pq77TOkwtrMTYHLqkT7ieM//i/s""",,changed,raw/apify.store.actors/2026/09/20260928T101226Z-b14a52ef329f.json.gz,,"projected:userPictureUrl,pictureUrl,url"
apify.store.actors,https://api.apify.com/v2/store?limit=1000&offset=6000&category=OTHER,2026-09-28T10:12:28Z,200,application/json,2650602,40f7223e96b59ca06ad493940770b043444baf7ee120054fb44805646e96b905,"W/""2871ea-iodB1aBimEH2vZGto5rpLSNgTrg""",,changed,raw/apify.store.actors/2026/09/20260928T101228Z-40f7223e96b5.json.gz,,"projected:userPictureUrl,pictureUrl,url"
apify.store.actors,https://api.apify.com/v2/store?limit=1000&offset=7000&category=OTHER,2026-09-28T10:12:31Z,200,application/json,128,463c27b48cf284a1ad70186adf16f1aabe609481375a435c17a20269820bb478,"W/""80-f0NJAYbbDw0Tnq8iMBi5SXGwA04""",,quarantined,quarantine/apify.store.actors/2026/09/20260928T101231Z-463c27b48cf2.json.gz,too_small_128_bytes,"projected:userPictureUrl,pictureUrl,url"
apify.store.actors,https://api.apify.com/v2/store?limit=1000&offset=0&category=AI,2026-09-28T10:12:32Z,200,application/json,3441708,477a7a4fcc3f31e01ec96579bc021cd3f15ca3c1583d3b3b1be395d3b3a86ca2,"W/""34842c-3H1q2FRCjxXs4nyJbIPqVZFjERM""",,changed,raw/apify.store.actors/2026/09/20260928T101232Z-477a7a4fcc3f.json.gz,,"projected:userPictureUrl,pictureUrl,url"
apify.store.actors,https://api.apify.com/v2/store?limit=1000&offset=1000&category=AI,2026-09-28T10:12:36Z,200,application/json,2724031,0e736469313a61150f48d6bb5bc9ec2897ff316c57b043a6d236f8cbe89b83be,"W/""2990bf-H99rnu+5l7u/YB3uMzjLaJeJs7s""",,changed,raw/apify.store.actors/2026/09/20260928T101236Z-0e736469313a.json.gz,,"projected:userPictureUrl,pictureUrl,url"
apify.store.actors,https://api.apify.com/v2/store?limit=1000&offset=2000&category=AI,2026-09-28T10:12:40Z,200,application/json,2553829,8db4eea35b52fa6a35edb1e96928df67692ec32e08b80a02b09f815632ef9427,"W/""26f7e5-1zEajaZa7TDKLnDx8Q8MIxtk1sg""",,changed,raw/apify.store.actors/2026/09/20260928T101240Z-8db4eea35b52.json.gz,,"projected:userPictureUrl,pictureUrl,url"
apify.store.actors,https://api.apify.com/v2/store?limit=1000&offset=3000&category=AI,2026-09-28T10:12:42Z,200,application/json,2485741,8eaa9d8a76d41cc838382a30405ddcdaa642fb3d1c9fdf09b1a84c5780f08e85,"W/""25eded-px3QQlgAZzf6q99a9dtIJnjZl34""",,changed,raw/apify.store.actors/2026/09/20260928T101242Z-8eaa9d8a76d4.json.gz,,"projected:userPictureUrl,pictureUrl,url"
apify.store.actors,https://api.apify.com/v2/store?limit=1000&offset=4000&category=AI,2026-09-28T10:12:44Z,200,application/json,2297302,bed68e2afe2fc6532ce8d48fae3f16e45e9cdb3648f9fd2da77d8975f080f114,"W/""230dd6-CMdK8qXRKlJTw9E8ztTnPQDugnc""",,changed,raw/apify.store.actors/2026/09/20260928T101244Z-bed68e2afe2f.json.gz,,"projected:userPictureUrl,pictureUrl,url"
apify.store.actors,https://api.apify.com/v2/store?limit=1000&offset=5000&category=AI,2026-09-28T10:12:47Z,200,application/json,2263779,2250bb5927d0c20689751a9ce973d9808d69ec0811fe2b4d09681c281903b54a,"W/""228ae3-8jeVs+DtU5MKoe3S948EueFt6oo""",,changed,raw/apify.store.actors/2026/09/20260928T101247Z-2250bb5927d0.json.gz,,"projected:userPictureUrl,pictureUrl,url"
apify.store.actors,https://api.apify.com/v2/store?limit=1000&offset=6000&category=AI,2026-09-28T10:12:50Z,200,application/json,2700377,2fa65d81b9c5a87ad18a485ff43aca1f77d611259fe9ff96cdd3e54a09b1de31,"W/""293459-LtCn5wvWkH8to6wuq44uR+8Qdns""",,changed,raw/apify.store.actors/2026/09/20260928T101250Z-2fa65d81b9c5.json.gz,,"projected:userPictureUrl,pictureUrl,url"
apify.store.actors,https://api.apify.com/v2/store?limit=1000&offset=7000&category=AI,2026-09-28T10:12:52Z,200,application/json,2652248,6c531563576ac6f8b74257e52140f67128ddff250dd9265b54a7abc160f03e8e,"W/""287858-zq7bZFdhq44OOYNNYFoWVv2dv2s""",,changed,raw/apify.store.actors/2026/09/20260928T101252Z-6c531563576a.json.gz,,"projected:userPictureUrl,pictureUrl,url"
apify.store.actors,https://api.apify.com/v2/store?limit=1000&offset=8000&category=AI,2026-09-28T10:12:55Z,200,application/json,2436099,17a00afc7e527f9904b61373ab5d3bfc115d4a65bed8c25922ca57455290e9fd,"W/""252c03-2BrP+WlWqFv62cfReMyGNj+9Fsg""",,changed,raw/apify.store.actors/2026/09/20260928T101255Z-17a00afc7e52.json.gz,,"projected:userPictureUrl,pictureUrl,url"
apify.store.actors,https://api.apify.com/v2/store?limit=1000&offset=0&category=JOBS,2026-09-28T10:12:58Z,200,application/json,3312017,2d68fc4e8482202ee0d267d5813669e67625f57a414f76ee09c148003796c70a,"W/""328991-QzNeE9kSe3mTnHtUaWt7PXWaq9o""",,changed,raw/apify.store.actors/2026/09/20260928T101258Z-2d68fc4e8482.json.gz,,"projected:userPictureUrl,pictureUrl,url"
apify.store.actors,https://api.apify.com/v2/store?limit=1000&offset=1000&category=JOBS,2026-09-28T10:13:01Z,200,application/json,3044741,3c7c3044be56ff350c1ab7e6ba90f4ed7ea119bc1dcb41b286ce124843e5e6fc,"W/""2e7585-cpvw1/H0fxdxpw2xkjTN47bhLtg""",,changed,raw/apify.store.actors/2026/09/20260928T101301Z-3c7c3044be56.json.gz,,"projected:userPictureUrl,pictureUrl,url"
apify.store.actors,https://api.apify.com/v2/store?limit=1000&offset=2000&category=JOBS,2026-09-28T10:13:04Z,200,application/json,2993401,8845fa86cd811b5d1d108a5c0c7c578c758abf41942a0f8490edb0a81fee7203,"W/""2dacf9-1abpjPpXlChwLPujBXKHkkehWwE""",,changed,raw/apify.store.actors/2026/09/20260928T101304Z-8845fa86cd81.json.gz,,"projected:userPictureUrl,pictureUrl,url"
apify.store.actors,https://api.apify.com/v2/store?limit=1000&offset=3000&category=JOBS,2026-09-28T10:13:07Z,200,application/json,2754834,215ee33ceeba411341af45cb8c402d11b28026356df2c1fea4ebdc8245765e8b,"W/""2a0912-BszvzCaksIF3nw8oOUa1cPvuNqA""",,changed,raw/apify.store.actors/2026/09/20260928T101307Z-215ee33ceeba.json.gz,,"projected:userPictureUrl,pictureUrl,url"
apify.store.actors,https://api.apify.com/v2/store?limit=1000&offset=4000&category=JOBS,2026-09-28T10:13:09Z,200,application/json,2892437,77b842856ff12f9349cc28b24bacce6eaaa1b4cc4e421d5574c310db9316086b,"W/""2c2295-H30Ko0BYoeeCtMh5Xtb7vh8tsAQ""",,changed,raw/apify.store.actors/2026/09/20260928T101309Z-77b842856ff1.json.gz,,"projected:userPictureUrl,pictureUrl,url"
apify.store.actors,https://api.apify.com/v2/store?limit=1000&offset=5000&category=JOBS,2026-09-28T10:13:12Z,200,application/json,3176989,1e6ad077eb084c38c3df8723bdf77ba125eb347935985c837c02daa9115a582e,"W/""307a1d-nBxgLWgmdEYkkBZ2Sgj8fJQYeP4""",,changed,raw/apify.store.actors/2026/09/20260928T101312Z-1e6ad077eb08.json.gz,,"projected:userPictureUrl,pictureUrl,url"
apify.store.actors,https://api.apify.com/v2/store?limit=1000&offset=6000&category=JOBS,2026-09-28T10:13:15Z,200,application/json,1254235,d213cf26b5ea58bb5f65f17a7f38092ca0e2b37efc80a385fb44c2288383e8f7,"W/""13235b-c9wMBBiAME1GdMCeOwUlyQbQC8s""",,changed,raw/apify.store.actors/2026/09/20260928T101315Z-d213cf26b5ea.json.gz,,"projected:userPictureUrl,pictureUrl,url"
apify.store.actors,https://api.apify.com/v2/store?limit=1000&offset=0&category=REAL_ESTATE,2026-09-28T10:13:18Z,200,application/json,3664392,714c23ec689a396b5b6fd5df4e8a25f2b53d9dea5a05e8474060344075c48119,"W/""37ea08-dGxCuyL45Cn/HuSbE/P2WmK93jU""",,changed,raw/apify.store.actors/2026/09/20260928T101318Z-714c23ec689a.json.gz,,"projected:userPictureUrl,pictureUrl,url"
apify.store.actors,https://api.apify.com/v2/store?limit=1000&offset=1000&category=REAL_ESTATE,2026-09-28T10:13:21Z,200,application/json,3349519,8798fcf8daabb63fa78a23042290195a29e759c517dd57d82dd9b2d12dd1d340,"W/""331c0f-zCsXNBfiHuKZkP27TAh+xsIIJIE""",,changed,raw/apify.store.actors/2026/09/20260928T101321Z-8798fcf8daab.json.gz,,"projected:userPictureUrl,pictureUrl,url"
apify.store.actors,https://api.apify.com/v2/store?limit=1000&offset=2000&category=REAL_ESTATE,2026-09-28T10:13:23Z,200,application/json,3133449,08e0bf25f7b3adf0eaebcc116e5c1d1d7c173cfbe1b3ae07a1919d250d299023,"W/""2fd009-Xnt7ycV6xW3AYdZzPwDV4ga+64o""",,changed,raw/apify.store.actors/2026/09/20260928T101323Z-08e0bf25f7b3.json.gz,,"projected:userPictureUrl,pictureUrl,url"
apify.store.actors,https://api.apify.com/v2/store?limit=1000&offset=3000&category=REAL_ESTATE,2026-09-28T10:13:26Z,200,application/json,3219893,0b0eb12c1cbe83fea3d448cbe6cdc9c646c9625ae63f28e97a699d5d77eb644a,"W/""3121b5-wYC1pxmuONdWjclvYJfK9ksBFxg""",,changed,raw/apify.store.actors/2026/09/20260928T101326Z-0b0eb12c1cbe.json.gz,,"projected:userPictureUrl,pictureUrl,url"
apify.store.actors,https://api.apify.com/v2/store?limit=1000&offset=4000&category=REAL_ESTATE,2026-09-28T10:13:29Z,200,application/json,3078463,4f1befca91e1aa36d63f9b9ffff5b999ed9e3713762d47768dd9398fc0150ccc,"W/""2ef93f-P+vo3EhyTk4SaTNUTKpVp8PYT+s""",,changed,raw/apify.store.actors/2026/09/20260928T101329Z-4f1befca91e1.json.gz,,"projected:userPictureUrl,pictureUrl,url"
apify.store.actors,https://api.apify.com/v2/store?limit=1000&offset=0&category=BUSINESS,2026-09-28T10:13:33Z,200,application/json,3724676,4437d5542036623472a2da027400f4695558fce8907d43d9b4c7b17bcbe01afa,"W/""38d584-stKfhkRdbiE/gphxgP/mrkeIntE""",,changed,raw/apify.store.actors/2026/09/20260928T101333Z-4437d5542036.json.gz,,"projected:userPictureUrl,pictureUrl,url"
apify.store.actors,https://api.apify.com/v2/store?limit=1000&offset=1000&category=BUSINESS,2026-09-28T10:13:35Z,200,application/json,3285502,55e7666e164de9a9ca298ce45de25a3e7a19245bca4008dbe79ecba68ef56fe8,"W/""3221fe-1lshsJO21ilOVYPlBjso9ohtzyk""",,changed,raw/apify.store.actors/2026/09/20260928T101335Z-55e7666e164d.json.gz,,"projected:userPictureUrl,pictureUrl,url"
apify.store.actors,https://api.apify.com/v2/store?limit=1000&offset=2000&category=BUSINESS,2026-09-28T10:13:38Z,200,application/json,2910565,1f53262b330a2020c346cd0a35bbd63a49868dcf3f0f4c2e55f3f1f0e2a9d8ed,"W/""2c6965-Zhy511wSIbi+D8Z8yp8z5MY8a7M""",,changed,raw/apify.store.actors/2026/09/20260928T101338Z-1f53262b330a.json.gz,,"projected:userPictureUrl,pictureUrl,url"
apify.store.actors,https://api.apify.com/v2/store?limit=1000&offset=3000&category=BUSINESS,2026-09-28T10:13:40Z,200,application/json,3200922,7c92d9045721eda2e828a3ee4b473066a789bc028ee26dad7919ac4ba97bb294,"W/""30d79a-WqtUHXscOM8BJkzEALSx4068OUo""",,changed,raw/apify.store.actors/2026/09/20260928T101340Z-7c92d9045721.json.gz,,"projected:userPictureUrl,pictureUrl,url"
apify.store.actors,https://api.apify.com/v2/store?limit=1000&offset=4000&category=BUSINESS,2026-09-28T10:13:43Z,200,application/json,2808118,01721efda05edb850d3e1ab75ba9b61cd295ebf8eb8771d942741450cbbca7a1,"W/""2ad936-uhLf03QGJWW7Dxbzjh7j3weRsrw""",,changed,raw/apify.store.actors/2026/09/20260928T101343Z-01721efda05e.json.gz,,"projected:userPictureUrl,pictureUrl,url"
apify.store.actors,https://api.apify.com/v2/store?limit=1000&offset=5000&category=BUSINESS,2026-09-28T10:13:46Z,200,application/json,3017120,750e8e49f062173c980ee200a3a63113ae223fbd23843fd5bdb6c302027214f3,"W/""2e09a0-GdDw/HXDYcrD3u1z8gzetzf/cso""",,changed,raw/apify.store.actors/2026/09/20260928T101346Z-750e8e49f062.json.gz,,"projected:userPictureUrl,pictureUrl,url"
apify.store.actors,https://api.apify.com/v2/store?limit=1000&offset=6000&category=BUSINESS,2026-09-28T10:13:50Z,200,application/json,3201194,b6914addece2c8ea5765d4b8246c76b71265936af2f63bc53a593d8b74cd07fd,"W/""30d8aa-lTuXvTgzLjD+UU3lKzopeX+fQOo""",,changed,raw/apify.store.actors/2026/09/20260928T101350Z-b6914addece2.json.gz,,"projected:userPictureUrl,pictureUrl,url"
apify.store.actors,https://api.apify.com/v2/store?limit=1000&offset=7000&category=BUSINESS,2026-09-28T10:13:52Z,200,application/json,3255312,8037fa5bdd5630728932b400cd5ae070c023538453c5553d4703ffec95fc365c,"W/""31ac10-r0V5QM+UwyfAruwj3rctRD/mAgU""",,changed,raw/apify.store.actors/2026/09/20260928T101352Z-8037fa5bdd56.json.gz,,"projected:userPictureUrl,pictureUrl,url"
apify.store.actors,https://api.apify.com/v2/store?limit=1000&offset=0&category=SEO_TOOLS,2026-09-28T10:13:55Z,200,application/json,3309222,362070261fdd31f351cf854f932698cfb40f5ebe1b17460e77daecda2b0db136,"W/""327ea6-kTZ8XdUq+HwVCaUj3m7mNx2P6TI""",,changed,raw/apify.store.actors/2026/09/20260928T101355Z-362070261fdd.json.gz,,"projected:userPictureUrl,pictureUrl,url"
apify.store.actors,https://api.apify.com/v2/store?limit=1000&offset=1000&category=SEO_TOOLS,2026-09-28T10:13:57Z,200,application/json,2959016,75ea32270629925fc6be9157d92bf3cce4486e60c1dfc3132bc6a2e8e8543e38,"W/""2d26a8-jSVFon+2b53wbQWJSlubyr6QPks""",,changed,raw/apify.store.actors/2026/09/20260928T101357Z-75ea32270629.json.gz,,"projected:userPictureUrl,pictureUrl,url"
apify.store.actors,https://api.apify.com/v2/store?limit=1000&offset=2000&category=SEO_TOOLS,2026-09-28T10:14:00Z,200,application/json,2364344,3a31411bf9dfce81b7de7c4e6e1d0d6f11b06b16e0a9d1cd6bf26da7d81a504b,"W/""2413b8-hripMoo75y4R/tAxv8amPEkR4qo""",,changed,raw/apify.store.actors/2026/09/20260928T101400Z-3a31411bf9df.json.gz,,"projected:userPictureUrl,pictureUrl,url"
apify.store.actors,https://api.apify.com/v2/store?limit=1000&offset=3000&category=SEO_TOOLS,2026-09-28T10:14:03Z,200,application/json,2764518,2fcb9d25bf201fe746443906fe3ca3d36f264cef2d555c0b512125258a0afda5,"W/""2a2ee6-f0bSnMWk70a56oRx4J5rRUvdB84""",,changed,raw/apify.store.actors/2026/09/20260928T101403Z-2fcb9d25bf20.json.gz,,"projected:userPictureUrl,pictureUrl,url"
apify.store.actors,https://api.apify.com/v2/store?limit=1000&offset=4000&category=SEO_TOOLS,2026-09-28T10:14:06Z,200,application/json,928503,77a7b63154273bdce027dec81ab41c4e395e29b4cd8cb744ee2675cb5c948a71,"W/""e2af7-JgE5XuF2DyG4P4sMBQheo7gTU9I""",,changed,raw/apify.store.actors/2026/09/20260928T101406Z-77a7b6315427.json.gz,,"projected:userPictureUrl,pictureUrl,url"
apify.store.actors,https://api.apify.com/v2/store?limit=1000&offset=0&category=VIDEOS,2026-09-28T10:14:08Z,200,application/json,3113054,ddba105f1f1beb4e55299a1d2a86f719da42c60078b1122bef2cfb620849a404,"W/""2f805e-9yLNAdCfiTm3XRv7+/OkWw+2Pes""",,changed,raw/apify.store.actors/2026/09/20260928T101408Z-ddba105f1f1b.json.gz,,"projected:userPictureUrl,pictureUrl,url"
apify.store.actors,https://api.apify.com/v2/store?limit=1000&offset=1000&category=VIDEOS,2026-09-28T10:14:11Z,200,application/json,2829544,3b2049e1e17657da48bd9d8780488cfce16f9f03d8f48e97a840e6912ecd699d,"W/""2b2ce8-7P6vs7o8ZWCjsPoQr8oRkoV+/7I""",,changed,raw/apify.store.actors/2026/09/20260928T101411Z-3b2049e1e176.json.gz,,"projected:userPictureUrl,pictureUrl,url"
apify.store.actors,https://api.apify.com/v2/store?limit=1000&offset=2000&category=VIDEOS,2026-09-28T10:14:13Z,200,application/json,2758345,d0d5425468ffe54f4f36aa92c6820d4412ad55b13b9d573d431088f0d5ea2488,"W/""2a16c9-iH7XPSmbDQN2CXI2Y4wuU8bSP+M""",,changed,raw/apify.store.actors/2026/09/20260928T101413Z-d0d5425468ff.json.gz,,"projected:userPictureUrl,pictureUrl,url"
apify.store.actors,https://api.apify.com/v2/store?limit=1000&offset=3000&category=VIDEOS,2026-09-28T10:14:16Z,200,application/json,891157,c357587ed19837f241fd62ae152538fef55e26d3e70d4f4a5a23dddf3249e175,"W/""d9915-rFpW0goAVq1HKfkj8MD6PsDnX3M""",,changed,raw/apify.store.actors/2026/09/20260928T101416Z-c357587ed198.json.gz,,"projected:userPictureUrl,pictureUrl,url"
apify.store.actors,https://api.apify.com/v2/store?limit=1000&offset=0&category=AGENTS,2026-09-28T10:14:18Z,200,application/json,3273950,56f6973af14fa5115713751e1883cae846e2f22accc34dae7bce079371121b7b,"W/""31f4de-lwrvzqtgoHLC1bE6yM9WstD5juA""",,changed,raw/apify.store.actors/2026/09/20260928T101418Z-56f6973af14f.json.gz,,"projected:userPictureUrl,pictureUrl,url"
apify.store.actors,https://api.apify.com/v2/store?limit=1000&offset=1000&category=AGENTS,2026-09-28T10:14:21Z,200,application/json,2816042,77b708ead5f837ebbf640513792014bffdbbea32c657ef1a71ee440820d5ad08,"W/""2af82a-zTmaht6kR7iCNQQfOWUAj9Nr+4U""",,changed,raw/apify.store.actors/2026/09/20260928T101421Z-77b708ead5f8.json.gz,,"projected:userPictureUrl,pictureUrl,url"
apify.store.actors,https://api.apify.com/v2/store?limit=1000&offset=2000&category=AGENTS,2026-09-28T10:14:24Z,200,application/json,2710464,92f6979a162fd5f0ecdf6071aa6100e5973a1f80d6ce9b715b719a00544c2ac4,"W/""295bc0-Lsh3vuH4HzkAdg1lr6C5SNa/Hac""",,changed,raw/apify.store.actors/2026/09/20260928T101424Z-92f6979a162f.json.gz,,"projected:userPictureUrl,pictureUrl,url"
apify.store.actors,https://api.apify.com/v2/store?limit=1000&offset=3000&category=AGENTS,2026-09-28T10:14:26Z,200,application/json,1764160,e0b117c7ca52bcc2763139516d9db2deee6584f266081e567f8ad30542816374,"W/""1aeb40-pIdjbo0KT3Bl7S+fhPJndc+nR/0""",,changed,raw/apify.store.actors/2026/09/20260928T101426Z-e0b117c7ca52.json.gz,,"projected:userPictureUrl,pictureUrl,url"
apify.store.actors,https://api.apify.com/v2/store?limit=1000&offset=0&category=INTEGRATIONS,2026-09-28T10:14:29Z,200,application/json,3102934,192927977eab91920cb655a0f91f1c033c790f460bfe127a6c2fb130a561aaca,"W/""2f58d6-6TAqZWIG9o7wMqPH2boClNW+yk0""",,changed,raw/apify.store.actors/2026/09/20260928T101429Z-192927977eab.json.gz,,"projected:userPictureUrl,pictureUrl,url"
apify.store.actors,https://api.apify.com/v2/store?limit=1000&offset=1000&category=INTEGRATIONS,2026-09-28T10:14:32Z,200,application/json,3109684,f4612c720f6ff231c9b200e1d934f850698752e8c40da85c5ca4e74b6af0975c,"W/""2f7334-Ej9VmgU41s4w0sU6+8VjU9zqHXM""",,changed,raw/apify.store.actors/2026/09/20260928T101432Z-f4612c720f6f.json.gz,,"projected:userPictureUrl,pictureUrl,url"
apify.store.actors,https://api.apify.com/v2/store?limit=1000&offset=2000&category=INTEGRATIONS,2026-09-28T10:14:34Z,200,application/json,3025806,2a282917c9464a8d75c94544ef34178504cbde3e54ddcfb90e4f4e4607bf91c9,"W/""2e2b8e-rmA2GAdqsAXCZbtpDz7qoUSsm+I""",,changed,raw/apify.store.actors/2026/09/20260928T101434Z-2a282917c946.json.gz,,"projected:userPictureUrl,pictureUrl,url"
apify.store.actors,https://api.apify.com/v2/store?limit=1000&offset=0&category=NEWS,2026-09-28T10:14:37Z,200,application/json,3118491,ee7bef28b69dcd75a9be657679650f1aa5d69d5df54d63b66141718c0e8c9e2e,"W/""2f959b-Nqv956AfzB+Xjz3/SfqDfB9wgsY""",,changed,raw/apify.store.actors/2026/09/20260928T101437Z-ee7bef28b69d.json.gz,,"projected:userPictureUrl,pictureUrl,url"
apify.store.actors,https://api.apify.com/v2/store?limit=1000&offset=1000&category=NEWS,2026-09-28T10:14:40Z,200,application/json,2966857,f6b677abfdc0a3e914c5b61f7c791763d45b649a4047103492505be4e1d5dbd1,"W/""2d4549-smYCWVai75wzfWIqgbHLPI91ke8""",,changed,raw/apify.store.actors/2026/09/20260928T101440Z-f6b677abfdc0.json.gz,,"projected:userPictureUrl,pictureUrl,url"
apify.store.actors,https://api.apify.com/v2/store?limit=1000&offset=2000&category=NEWS,2026-09-28T10:14:42Z,200,application/json,2786036,1fedcef4a0a70b065acb68ef988c05392c62ce9b64bc2b5d94db851b668b4abc,"W/""2a82f4-iGs+8LeKZ3CidTQyYE4d85X5zA4""",,changed,raw/apify.store.actors/2026/09/20260928T101442Z-1fedcef4a0a7.json.gz,,"projected:userPictureUrl,pictureUrl,url"
apify.store.actors,https://api.apify.com/v2/store?limit=1000&offset=3000&category=NEWS,2026-09-28T10:14:45Z,200,application/json,2529464,30253dbd34ea9286b7b0ef3495d86ef1f9d8c1ff224b877ed6fa84dae5688211,"W/""2698b8-bkH1GKZVhMa20xe46qnhFqgBukA""",,changed,raw/apify.store.actors/2026/09/20260928T101445Z-30253dbd34ea.json.gz,,"projected:userPictureUrl,pictureUrl,url"
apify.store.actors,https://api.apify.com/v2/store?limit=1000&offset=0&category=TRAVEL,2026-09-28T10:14:47Z,200,application/json,3454655,788ed1b4d9665c08d8f5b8cedbd6c9d0764604ac5e0cb54fdaed5291b5a334ba,"W/""34b6bf-92y78qrEQai6hi34sUhPFWkZ7iI""",,changed,raw/apify.store.actors/2026/09/20260928T101447Z-788ed1b4d966.json.gz,,"projected:userPictureUrl,pictureUrl,url"
apify.store.actors,https://api.apify.com/v2/store?limit=1000&offset=1000&category=TRAVEL,2026-09-28T10:14:50Z,200,application/json,3106600,18ae1dcb415c09ab04b3a335ee91beb823ea8dbde17bac3395162b83237ae97b,"W/""2f6728-IFG2uS6bmza5C5OXLLZ8qDucV/g""",,changed,raw/apify.store.actors/2026/09/20260928T101450Z-18ae1dcb415c.json.gz,,"projected:userPictureUrl,pictureUrl,url"
apify.store.actors,https://api.apify.com/v2/store?limit=1000&offset=2000&category=TRAVEL,2026-09-28T10:14:53Z,200,application/json,1869129,343705d596b6dad69abdc530313f7359c2dbf5650400a1f7fb1447922ff61caa,"W/""1c8549-2zbxhMzcXUt8HYNz9QY9fjlct7c""",,changed,raw/apify.store.actors/2026/09/20260928T101453Z-343705d596b6.json.gz,,"projected:userPictureUrl,pictureUrl,url"
apify.store.actors,https://api.apify.com/v2/store?limit=1000&offset=0&category=MCP_SERVERS,2026-09-28T10:14:56Z,200,application/json,3406791,c4eb64aea760c1d24829561a44818c113dcf7d8d61a6541221596eb9fe4011d5,"W/""33fbc7-pg+bQiIpWf64Fm14AyZjYXKNpX8""",,changed,raw/apify.store.actors/2026/09/20260928T101456Z-c4eb64aea760.json.gz,,"projected:userPictureUrl,pictureUrl,url"
apify.store.actors,https://api.apify.com/v2/store?limit=1000&offset=1000&category=MCP_SERVERS,2026-09-28T10:14:58Z,200,application/json,3166694,9ccefadfcbc0eb85c3feb2393dda10ad2912edf7253b9d4334353ce0c12d5aef,"W/""3051e6-/zK+049zaZxZOCFSNvtaJvypc2M""",,changed,raw/apify.store.actors/2026/09/20260928T101458Z-9ccefadfcbc0.json.gz,,"projected:userPictureUrl,pictureUrl,url"
apify.store.actors,https://api.apify.com/v2/store?limit=1000&offset=2000&category=MCP_SERVERS,2026-09-28T10:15:02Z,200,application/json,1447724,e569052875d3433869d6aecb4d21cb80cea6358bbd455e480ef1d99cbe79390f,"W/""16172c-P2+L/5VoxmX0BA/ztQJa4MPxvUk""",,changed,raw/apify.store.actors/2026/09/20260928T101502Z-e569052875d3.json.gz,,"projected:userPictureUrl,pictureUrl,url"
apify.store.actors,https://api.apify.com/v2/store?limit=1000&offset=0&category=MARKETING,2026-09-28T10:15:03Z,200,application/json,3382321,794ffa3cc39466d4de22c845c37a1c66117e7177ed30da7dd845b4fe23d2fb95,"W/""339c31-DZbCAjxIxb5WOe7RqrAFGbYN1Ts""",,changed,raw/apify.store.actors/2026/09/20260928T101503Z-794ffa3cc394.json.gz,,"projected:userPictureUrl,pictureUrl,url"
apify.store.actors,https://api.apify.com/v2/store?limit=1000&offset=1000&category=MARKETING,2026-09-28T10:15:06Z,200,application/json,2924877,f106e3711ce990936cd51de76de185bf9c56ede561d79207ba03ffec8a7a6ea9,"W/""2ca14d-l2TUhgSwvjOSL6/Fff/7ORdRya8""",,changed,raw/apify.store.actors/2026/09/20260928T101506Z-f106e3711ce9.json.gz,,"projected:userPictureUrl,pictureUrl,url"
apify.store.actors,https://api.apify.com/v2/store?limit=1000&offset=2000&category=MARKETING,2026-09-28T10:15:09Z,200,application/json,845667,b42b4560eaa5cee2fdc373cca1f274b878172b723a54a615f1715fb871f651c6,"W/""ce763-v0cYCgcEb/sMAiJpg1W80UcX2mU""",,changed,raw/apify.store.actors/2026/09/20260928T101509Z-b42b4560eaa5.json.gz,,"projected:userPictureUrl,pictureUrl,url"
apify.store.actors,https://api.apify.com/v2/store?limit=1000&offset=0&category=OPEN_SOURCE,2026-09-28T10:15:11Z,200,application/json,609864,16c9a4d2dffe5ccfa7a3907f7953645b36cd798553ba0d1a039caaa0704bc86b,"W/""94e48-PFGbMJQ8cUS//jgM3WD0wbvEmPc""",,changed,raw/apify.store.actors/2026/09/20260928T101511Z-16c9a4d2dffe.json.gz,,"projected:userPictureUrl,pictureUrl,url"
apify.store.actors,https://api.apify.com/v2/store?limit=1000&offset=0&category=SPORTS,2026-09-28T10:15:14Z,200,application/json,1280861,1053444d55491ca654b27b82518117d1d64c90b5c21af629d96492c799359d8e,"W/""138b5d-a22KdX6SkXWvcDd4sLqfV2d2WIs""",,changed,raw/apify.store.actors/2026/09/20260928T101514Z-1053444d5549.json.gz,,"projected:userPictureUrl,pictureUrl,url"
apify.store.actors,https://api.apify.com/v2/store?limit=1000&offset=0&category=FOR_CREATORS,2026-09-28T10:15:16Z,200,application/json,935965,b75a6137e6b8761c8d7d99fde5e89acb2ee866931ecec9cbc4c8809ad7419895,"W/""e481d-r67GtqJXLiTQuOCWe/giF51rw58""",,changed,raw/apify.store.actors/2026/09/20260928T101516Z-b75a6137e6b8.json.gz,,"projected:userPictureUrl,pictureUrl,url"
apify.store.actors,https://api.apify.com/v2/store?limit=1000&offset=0&category=EDUCATION,2026-09-28T10:15:19Z,200,application/json,1901895,3f7dd4a498e40b5171d104967347c2a0557cf80f9fca1ded4158b6c6b4d8f3ef,"W/""1d0547-MG6y0GXtnBe5bEDVR0rD2Kp+uWk""",,changed,raw/apify.store.actors/2026/09/20260928T101519Z-3f7dd4a498e4.json.gz,,"projected:userPictureUrl,pictureUrl,url"
apify.store.actors,https://api.apify.com/v2/store?limit=1000&offset=0&category=GAMES,2026-09-28T10:15:21Z,200,application/json,429288,59f28a449d5af3fe8e5ce7250fe983462896bc1b45fa8da2ec2c285a9d7a89ef,"W/""68ce8-T8+om89v+LEz6Al3lE7d/WSzUwM""",,changed,raw/apify.store.actors/2026/09/20260928T101521Z-59f28a449d5a.json.gz,,"projected:userPictureUrl,pictureUrl,url"
apify.store.actors,https://api.apify.com/v2/store?limit=1000&offset=0,2026-09-29T10:06:19Z,200,application/json,3977254,8cd86ac095ccec983e6db44eecf413a856932dd4bfde035e08a85a9fc98d13e3,"W/""3cb026-WHQgjbLmFrhQA3Tiw2V5j69bXeg""",,changed,raw/apify.store.actors/2026/09/20260929T100619Z-8cd86ac095cc.json.gz,,"projected:userPictureUrl,pictureUrl,url"
apify.store.actors,https://api.apify.com/v2/store?limit=1000&offset=1000,2026-09-29T10:06:23Z,200,application/json,3732191,4a4bc450ed6e73431c23e4663bc953e7951dccf9f0f93af59b468aad2cadeda6,"W/""38f2df-1NCK751si8nbT7vBNcwPb5Fx1xY""",,changed,raw/apify.store.actors/2026/09/20260929T100623Z-4a4bc450ed6e.json.gz,,"projected:userPictureUrl,pictureUrl,url"
apify.store.actors,https://api.apify.com/v2/store?limit=1000&offset=2000,2026-09-29T10:06:26Z,200,application/json,3786192,36b25187107d44e2651ea4ca3bcf5b6f94b0c3c8c8a701883dff0771f2b130a2,"W/""39c5d0-9ceKR9q5E3GJjOC3A4p0lLfF+mU""",,changed,raw/apify.store.actors/2026/09/20260929T100626Z-36b25187107d.json.gz,,"projected:userPictureUrl,pictureUrl,url"
apify.store.actors,https://api.apify.com/v2/store?limit=1000&offset=3000,2026-09-29T10:06:29Z,200,application/json,3075680,af1e62609274448bb4e6035ed0b1aba4d69eec8d82af864ee335986edf87458a,"W/""2eee60-3DHF0S8RSxoL/Q6aMWGjgFOQaw8""",,changed,raw/apify.store.actors/2026/09/20260929T100629Z-af1e62609274.json.gz,,"projected:userPictureUrl,pictureUrl,url"
apify.store.actors,https://api.apify.com/v2/store?limit=1000&offset=4000,2026-09-29T10:06:32Z,200,application/json,2803831,126ec5378c54c5cfd1d3f20f18b34273504893d602b9caaf36d0ab3d0ac2a292,"W/""2ac877-c47jpmlxNX75KfHIROf30atEtrM""",,changed,raw/apify.store.actors/2026/09/20260929T100632Z-126ec5378c54.json.gz,,"projected:userPictureUrl,pictureUrl,url"
apify.store.actors,https://api.apify.com/v2/store?limit=1000&offset=5000,2026-09-29T10:06:35Z,200,application/json,3542425,f7dd315abd22d9878f50c82996f9a13beb39b225855a5ad23f2671d56781c86a,"W/""360d99-tHKGWxSJKwLPxiV8pE2XZvnUHk0""",,changed,raw/apify.store.actors/2026/09/20260929T100635Z-f7dd315abd22.json.gz,,"projected:userPictureUrl,pictureUrl,url"
apify.store.actors,https://api.apify.com/v2/store?limit=1000&offset=6000,2026-09-29T10:06:37Z,200,application/json,3567252,fb90bfd5075847c75dffabd0d226244555cbb042fde6869cb1a8dd1aad1a0e3d,"W/""366e94-FzgR3g07wylpl5OseEVD1u0SY6c""",,changed,raw/apify.store.actors/2026/09/20260929T100637Z-fb90bfd50758.json.gz,,"projected:userPictureUrl,pictureUrl,url"
apify.store.actors,https://api.apify.com/v2/store?limit=1000&offset=7000,2026-09-29T10:06:40Z,200,application/json,3511774,74ca968d38bcb1724580ce23c45a5b69d250aac82c22a2ad39a753bc110f7e48,"W/""3595de-b7xqCGmwepUelRlVRe+sFMMKyLs""",,changed,raw/apify.store.actors/2026/09/20260929T100640Z-74ca968d38bc.json.gz,,"projected:userPictureUrl,pictureUrl,url"
apify.store.actors,https://api.apify.com/v2/store?limit=1000&offset=8000,2026-09-29T10:06:43Z,200,application/json,3412572,2ace74125fcbfb42b749aefd2ef8f4a1ba711afbe9a04c623543ad48e6f4fe50,"W/""34125c-PKTzaNOto9SlcSc3sT7+yogU6kE""",,changed,raw/apify.store.actors/2026/09/20260929T100643Z-2ace74125fcb.json.gz,,"projected:userPictureUrl,pictureUrl,url"
apify.store.actors,https://api.apify.com/v2/store?limit=1000&offset=9000,2026-09-29T10:06:46Z,200,application/json,3391582,85728dc2a2da656c794ba5c062eea5e92b3060ec36a45a7fabb60d3ebfbca12d,"W/""33c05e-2XXHxFEiZuxunHduKyuGo1t98JQ""",,changed,raw/apify.store.actors/2026/09/20260929T100646Z-85728dc2a2da.json.gz,,"projected:userPictureUrl,pictureUrl,url"
apify.store.actors,https://api.apify.com/v2/store?limit=1000&offset=10000,2026-09-29T10:06:49Z,200,application/json,3540096,ce56c79b0d717be172cebc46657137564117e8cba0e664c8574ea5817cd80d53,"W/""360480-53y2GJASt23vp8UWyXOtB8A7dfM""",,changed,raw/apify.store.actors/2026/09/20260929T100649Z-ce56c79b0d71.json.gz,,"projected:userPictureUrl,pictureUrl,url"
apify.store.actors,https://api.apify.com/v2/store?limit=1000&offset=11000,2026-09-29T10:06:52Z,200,application/json,2937185,9e14f77341b5abe16755a9895a6729c569a118f200c37b7872ada89741a45aaa,"W/""2cd161-VZFCnBNcBixjIP5ZxMRFlnZ0jNo""",,changed,raw/apify.store.actors/2026/09/20260929T100652Z-9e14f77341b5.json.gz,,"projected:userPictureUrl,pictureUrl,url"
apify.store.actors,https://api.apify.com/v2/store?limit=1000&offset=12000,2026-09-29T10:06:54Z,200,application/json,2380125,5f05c7cec6f8d30ae834edf8af2b3404765462b47326ab5c980738a1bbee2f2a,"W/""24515d-PZdp6tbCHU7PYQpWC+Wcau8lxR0""",,changed,raw/apify.store.actors/2026/09/20260929T100654Z-5f05c7cec6f8.json.gz,,"projected:userPictureUrl,pictureUrl,url"
apify.store.actors,https://api.apify.com/v2/store?limit=1000&offset=13000,2026-09-29T10:06:57Z,200,application/json,2647070,f3662037b54c8f0f1fba9723ce5217940d8b8c6e53170538304130c267771e21,"W/""28641e-Pm15EGG26J+3kfFcBjTvD0kM4hY""",,changed,raw/apify.store.actors/2026/09/20260929T100657Z-f3662037b54c.json.gz,,"projected:userPictureUrl,pictureUrl,url"
apify.store.actors,https://api.apify.com/v2/store?limit=1000&offset=14000,2026-09-29T10:07:00Z,200,application/json,2803294,7dc2c0299f9b45c4ca620bb8fadb17c761b3e3bcc8a9dc707900fc3681a56ec6,"W/""2ac65e-BYyqOC/TXFhi04H2D4siuAynF9s""",,changed,raw/apify.store.actors/2026/09/20260929T100700Z-7dc2c0299f9b.json.gz,,"projected:userPictureUrl,pictureUrl,url"
apify.store.actors,https://api.apify.com/v2/store?limit=1000&offset=15000,2026-09-29T10:07:02Z,200,application/json,2774249,f9203fd991e75c59b0733a8d1ff530ecb7ee775870c9945b2a9fc44fc2700195,"W/""2a54e9-TvU5j0cHwWoeAVV+gJB0isBZrfM""",,changed,raw/apify.store.actors/2026/09/20260929T100702Z-f9203fd991e7.json.gz,,"projected:userPictureUrl,pictureUrl,url"
apify.store.actors,https://api.apify.com/v2/store?limit=1000&offset=0&category=AUTOMATION,2026-09-29T10:07:05Z,200,application/json,3826885,99e9129bb8c75e766f0b2c51f082fec2d1fc8bde3852000b4080c83690305f4c,"W/""3a64c5-Kx20vwd2VG4VNfwF8FJJJuG9zgY""",,changed,raw/apify.store.actors/2026/09/20260929T100705Z-99e9129bb8c7.json.gz,,"projected:userPictureUrl,pictureUrl,url"
apify.store.actors,https://api.apify.com/v2/store?limit=1000&offset=1000&category=AUTOMATION,2026-09-29T10:07:08Z,200,application/json,3854738,acea31ec146485fef684f17b5be07ac128027c7b7bf2196822ba9d76a498f8df,"W/""3ad192-NbDrITPzfvSxfY8yQWiKf+FcW/Q""",,changed,raw/apify.store.actors/2026/09/20260929T100708Z-acea31ec1464.json.gz,,"projected:userPictureUrl,pictureUrl,url"
apify.store.actors,https://api.apify.com/v2/store?limit=1000&offset=2000&category=AUTOMATION,2026-09-29T10:07:11Z,200,application/json,3325532,c7c3d4f3d4b32a19cc8e3780d706fffefd25315ced238fc5e0e73b10d5ab7d7e,"W/""32be5c-v0UW15Q6udEX7+eJ9YAsMQtlyao""",,changed,raw/apify.store.actors/2026/09/20260929T100711Z-c7c3d4f3d4b3.json.gz,,"projected:userPictureUrl,pictureUrl,url"
apify.store.actors,https://api.apify.com/v2/store?limit=1000&offset=3000&category=AUTOMATION,2026-09-29T10:07:13Z,200,application/json,3337403,2308060dc2e93e0da33ea1daf88e73ab41c92347b71e15878ef45a7a4d911d21,"W/""32ecbb-magsI/q2MUmxA60795EZQ8ETPtE""",,changed,raw/apify.store.actors/2026/09/20260929T100713Z-2308060dc2e9.json.gz,,"projected:userPictureUrl,pictureUrl,url"
apify.store.actors,https://api.apify.com/v2/store?limit=1000&offset=4000&category=AUTOMATION,2026-09-29T10:07:16Z,200,application/json,3298028,64b13b70ec5a872275b7d6dd64c86fad853c2dc3fe0154badcd6c064d29cde8f,"W/""3252ec-CEJMIKyLpvVqdQ2uegap1ZVtHt8""",,changed,raw/apify.store.actors/2026/09/20260929T100716Z-64b13b70ec5a.json.gz,,"projected:userPictureUrl,pictureUrl,url"
apify.store.actors,https://api.apify.com/v2/store?limit=1000&offset=5000&category=AUTOMATION,2026-09-29T10:07:19Z,200,application/json,2434854,7eca3e9ec0da75cb7ec7ab5ecb1606590a260ac215375aaeecc9cd3dee109c74,"W/""252726-qOYKpRfpirpypZeusnM9B89dbTo""",,changed,raw/apify.store.actors/2026/09/20260929T100719Z-7eca3e9ec0da.json.gz,,"projected:userPictureUrl,pictureUrl,url"
apify.store.actors,https://api.apify.com/v2/store?limit=1000&offset=6000&category=AUTOMATION,2026-09-29T10:07:21Z,200,application/json,2751853,1a760e6c4fc6e4cd71074c6c50c1afdc32c6d588333f886bd12d3bb2ed063c46,"W/""29fd6d-d2F6XBsn589M5CRz+kP51+M0jiU""",,changed,raw/apify.store.actors/2026/09/20260929T100721Z-1a760e6c4fc6.json.gz,,"projected:userPictureUrl,pictureUrl,url"
apify.store.actors,https://api.apify.com/v2/store?limit=1000&offset=7000&category=AUTOMATION,2026-09-29T10:07:24Z,200,application/json,2972431,78490928436fb394ffa3e458bd10605dcf7285309b024257d51000a08c2c1ccb,"W/""2d5b0f-hUqlj3Udo73ocienARXg8d5aC4g""",,changed,raw/apify.store.actors/2026/09/20260929T100724Z-78490928436f.json.gz,,"projected:userPictureUrl,pictureUrl,url"
apify.store.actors,https://api.apify.com/v2/store?limit=1000&offset=8000&category=AUTOMATION,2026-09-29T10:07:27Z,200,application/json,3015492,d5b7d0c22399280f778d1f185a6b4654424bbfec9d21aee0eac3d25bdda7ba1b,"W/""2e0344-t4kRLL+yz/m1T0TF41tZZ/dOe8M""",,changed,raw/apify.store.actors/2026/09/20260929T100727Z-d5b7d0c22399.json.gz,,"projected:userPictureUrl,pictureUrl,url"
apify.store.actors,https://api.apify.com/v2/store?limit=1000&offset=9000&category=AUTOMATION,2026-09-29T10:07:30Z,200,application/json,3056093,d0f1f3ee6557bfb9f15e44c70eea0d7897e80052062a5224cc35b47505c04224,"W/""2ea1dd-3TAS5ofJipCsTedKabCuOn8caGw""",,changed,raw/apify.store.actors/2026/09/20260929T100730Z-d0f1f3ee6557.json.gz,,"projected:userPictureUrl,pictureUrl,url"
apify.store.actors,https://api.apify.com/v2/store?limit=1000&offset=10000&category=AUTOMATION,2026-09-29T10:07:32Z,200,application/json,3001403,593f0582994b819ba41d7892a02f3ff79946212538339d8e8056aac0784f7139,"W/""2dcc3b-vIpbwp54bCSvxo0Lbw4PwM2mFj4""",,changed,raw/apify.store.actors/2026/09/20260929T100732Z-593f0582994b.json.gz,,"projected:userPictureUrl,pictureUrl,url"
apify.store.actors,https://api.apify.com/v2/store?limit=1000&offset=11000&category=AUTOMATION,2026-09-29T10:07:35Z,200,application/json,3036872,32dafd88240150739d4f3c5c291c43003a1766c6d1ae0793d0cbf7850c194c42,"W/""2e56c8-Tx0+qNJbhapY87AI+nIXXDMBrIQ""",,changed,raw/apify.store.actors/2026/09/20260929T100735Z-32dafd882401.json.gz,,"projected:userPictureUrl,pictureUrl,url"
apify.store.actors,https://api.apify.com/v2/store?limit=1000&offset=12000&category=AUTOMATION,2026-09-29T10:07:38Z,200,application/json,3074830,f0ec24ab22fc98f7aad40bdedcda2cfe238bd30de7e8e01ed8213d22e3e6516f,"W/""2eeb0e-GAFhH5JA2oNZfq+0LLjv6fvq21M""",,changed,raw/apify.store.actors/2026/09/20260929T100738Z-f0ec24ab22fc.json.gz,,"projected:userPictureUrl,pictureUrl,url"
apify.store.actors,https://api.apify.com/v2/store?limit=1000&offset=13000&category=AUTOMATION,2026-09-29T10:07:40Z,200,application/json,3085814,1ed6d46fb0a0a32c8b26677b7f48fac7be87a66a38786c0a35b33d84ba1675a3,"W/""2f15f6-5LGJSHIhdh1leYFBkl6gkZVHb3M""",,changed,raw/apify.store.actors/2026/09/20260929T100740Z-1ed6d46fb0a0.json.gz,,"projected:userPictureUrl,pictureUrl,url"
apify.store.actors,https://api.apify.com/v2/store?limit=1000&offset=14000&category=AUTOMATION,2026-09-29T10:07:43Z,200,application/json,2790422,c6599ed2b1207721d147ef86259e66c2e1df5ad8cec6a33a7905b6d89cb1908c,"W/""2a9416-t189fskk2B9i+H7ya5uUJ8rCQA8""",,changed,raw/apify.store.actors/2026/09/20260929T100743Z-c6599ed2b120.json.gz,,"projected:userPictureUrl,pictureUrl,url"
apify.store.actors,https://api.apify.com/v2/store?limit=1000&offset=15000&category=AUTOMATION,2026-09-29T10:07:47Z,200,application/json,3174799,8572c918f87020c7fa4dc965e09e9283ae1d65bd021a1ba5bab25aaa07132413,"W/""30718f-MW+4wN6uXla5Wp8867LAa3tHT5g""",,changed,raw/apify.store.actors/2026/09/20260929T100747Z-8572c918f870.json.gz,,"projected:userPictureUrl,pictureUrl,url"
apify.store.actors,https://api.apify.com/v2/store?limit=1000&offset=0&category=LEAD_GENERATION,2026-09-29T10:07:49Z,200,application/json,3866398,88b3a98599e8277e41a58484d1cc75da29c1cfd44195aa53103a62843d254e28,"W/""3aff1e-7L3idSiwDe3RTpgq5YetzafIzbM""",,changed,raw/apify.store.actors/2026/09/20260929T100749Z-88b3a98599e8.json.gz,,"projected:userPictureUrl,pictureUrl,url"
apify.store.actors,https://api.apify.com/v2/store?limit=1000&offset=1000&category=LEAD_GENERATION,2026-09-29T10:07:51Z,200,application/json,3544660,6520f86966a6e807b6a606175a003d160e61bd7650942c3eac1d507752a90639,"W/""361654-WKUZ/t3+4yAg+9s8tjTMTPTa/fU""",,changed,raw/apify.store.actors/2026/09/20260929T100751Z-6520f86966a6.json.gz,,"projected:userPictureUrl,pictureUrl,url"
apify.store.actors,https://api.apify.com/v2/store?limit=1000&offset=2000&category=LEAD_GENERATION,2026-09-29T10:07:54Z,200,application/json,3462464,dc2bafc47288ff8976e9b11a5ddd24e8dcb2f5dd8b13b4eca384d0c5ac3ad201,"W/""34d540-I2i0mJNe7fW5gPI6dzSbRjxrJJE""",,changed,raw/apify.store.actors/2026/09/20260929T100754Z-dc2bafc47288.json.gz,,"projected:userPictureUrl,pictureUrl,url"
apify.store.actors,https://api.apify.com/v2/store?limit=1000&offset=3000&category=LEAD_GENERATION,2026-09-29T10:07:57Z,200,application/json,3434690,949d0f14e4e0a400bb4c7a8332cb1671754b93c501c7000ddf124155b7c5ca64,"W/""3468c2-qxT91nCusYHRLEHt2+it/26LS2k""",,changed,raw/apify.store.actors/2026/09/20260929T100757Z-949d0f14e4e0.json.gz,,"projected:userPictureUrl,pictureUrl,url"
apify.store.actors,https://api.apify.com/v2/store?limit=1000&offset=4000&category=LEAD_GENERATION,2026-09-29T10:07:59Z,200,application/json,3144716,911660004c1f9e09f409f4f7f50ddcc1bb02f6e93d881ca5ae8229d2b97ff1a1,"W/""2ffc0c-jk0qcfQiZ0/kZaxUAKgSbBW3oKg""",,changed,raw/apify.store.actors/2026/09/20260929T100759Z-911660004c1f.json.gz,,"projected:userPictureUrl,pictureUrl,url"
apify.store.actors,https://api.apify.com/v2/store?limit=1000&offset=5000&category=LEAD_GENERATION,2026-09-29T10:08:02Z,200,application/json,2959532,aa335f868c9095bee4e0b8d6cbe8c267e5ced5e0da43cdd19e24ce6bf918da9a,"W/""2d28ac-Qv/bMh0UyaGgMVu0evhj2R+K1c4""",,changed,raw/apify.store.actors/2026/09/20260929T100802Z-aa335f868c90.json.gz,,"projected:userPictureUrl,pictureUrl,url"
apify.store.actors,https://api.apify.com/v2/store?limit=1000&offset=6000&category=LEAD_GENERATION,2026-09-29T10:08:05Z,200,application/json,3086167,dda060ecd4c07b6f2594c67ad2c87c8dddeec82ebd07ff8b5a9b451ae87f2584,"W/""2f1757-mOpF6d3pLgM2rSkzBFRvGduH8n8""",,changed,raw/apify.store.actors/2026/09/20260929T100805Z-dda060ecd4c0.json.gz,,"projected:userPictureUrl,pictureUrl,url"
apify.store.actors,https://api.apify.com/v2/store?limit=1000&offset=7000&category=LEAD_GENERATION,2026-09-29T10:08:07Z,200,application/json,3203054,6e6dc3c238b039c0c9627eede99a44c759bafa96dad242740e7c05be716dce75,"W/""30dfee-jh1Fxn2iiUMOWwMThNadIW3Um/o""",,changed,raw/apify.store.actors/2026/09/20260929T100807Z-6e6dc3c238b0.json.gz,,"projected:userPictureUrl,pictureUrl,url"
apify.store.actors,https://api.apify.com/v2/store?limit=1000&offset=8000&category=LEAD_GENERATION,2026-09-29T10:08:10Z,200,application/json,3191902,a35b8062f0fd931696a51812db1322b7a131526c9d012317c4c103ada56eae9d,"W/""30b45e-+OB+JYW0pFaumSe7RBE7bmH+Qhg""",,changed,raw/apify.store.actors/2026/09/20260929T100810Z-a35b8062f0fd.json.gz,,"projected:userPictureUrl,pictureUrl,url"
apify.store.actors,https://api.apify.com/v2/store?limit=1000&offset=9000&category=LEAD_GENERATION,2026-09-29T10:08:14Z,200,application/json,3204376,e70c8b7bbdcc7a64128971a5b82a04936fa1ba0940057403d627493dcbf3178e,"W/""30e518-JUEZzgrbJC6G82Z+FnaVqZtWmwU""",,changed,raw/apify.store.actors/2026/09/20260929T100814Z-e70c8b7bbdcc.json.gz,,"projected:userPictureUrl,pictureUrl,url"
apify.store.actors,https://api.apify.com/v2/store?limit=1000&offset=10000&category=LEAD_GENERATION,2026-09-29T10:08:15Z,200,application/json,3026617,56a19a48cb1db44b15e25ea3abcd5a27ab6a79ac46f933e298d253f3e0d6ff4e,"W/""2e2eb9-EKLdxf5AlsBKVrJKjXa/baZ+ZVM""",,changed,raw/apify.store.actors/2026/09/20260929T100815Z-56a19a48cb1d.json.gz,,"projected:userPictureUrl,pictureUrl,url"
apify.store.actors,https://api.apify.com/v2/store?limit=1000&offset=11000&category=LEAD_GENERATION,2026-09-29T10:08:19Z,200,application/json,3075500,8400c7a35077400556662a942fcda3fdda8ef98db098ff8c16d5ecfd57716d6a,"W/""2eedac-8gELabXRqbYrua+j4hAmsmTPdo4""",,changed,raw/apify.store.actors/2026/09/20260929T100819Z-8400c7a35077.json.gz,,"projected:userPictureUrl,pictureUrl,url"
apify.store.actors,https://api.apify.com/v2/store?limit=1000&offset=12000&category=LEAD_GENERATION,2026-09-29T10:08:21Z,200,application/json,2923874,2bd44cfeca256d3d4cfe221aa8904d7b612192a6ffc30450364618987e5f316d,"W/""2c9d62-7hJpFNg/rVlW7l5civaGYVUv24U""",,changed,raw/apify.store.actors/2026/09/20260929T100821Z-2bd44cfeca25.json.gz,,"projected:userPictureUrl,pictureUrl,url"
apify.store.actors,https://api.apify.com/v2/store?limit=1000&offset=13000&category=LEAD_GENERATION,2026-09-29T10:08:23Z,200,application/json,2908693,974d269444a106a748580f734dc6dedfe506afa271cbf5b7c964bef83b6a79b8,"W/""2c6215-d1mk3/OASnuRFtS3WyA77plqg04""",,changed,raw/apify.store.actors/2026/09/20260929T100823Z-974d269444a1.json.gz,,"projected:userPictureUrl,pictureUrl,url"
apify.store.actors,https://api.apify.com/v2/store?limit=1000&offset=14000&category=LEAD_GENERATION,2026-09-29T10:08:26Z,200,application/json,2718758,a31e6b53ee9c45792e46a6e40bab963dd0ead559ac4892109b8e8f1ae03dc1a6,"W/""297c26-RI0d/JLvCFPEFzq82MMaB89uQBw""",,changed,raw/apify.store.actors/2026/09/20260929T100826Z-a31e6b53ee9c.json.gz,,"projected:userPictureUrl,pictureUrl,url"
apify.store.actors,https://api.apify.com/v2/store?limit=1000&offset=15000&category=LEAD_GENERATION,2026-09-29T10:08:28Z,200,application/json,2926480,00690f38b9a3aff5040a490950f8df7c99c419fe44f35b21c9f4d69e2222125b,"W/""2ca790-3B+sfvn87ad4eAWuWr1wiEZ55Tg""",,changed,raw/apify.store.actors/2026/09/20260929T100828Z-00690f38b9a3.json.gz,,"projected:userPictureUrl,pictureUrl,url"
apify.store.actors,https://api.apify.com/v2/store?limit=1000&offset=0&category=DEVELOPER_TOOLS,2026-09-29T10:08:31Z,200,application/json,3728482,a9cec343d95660f7b21b86881cf91e5cdc7adefc2c92158c81a8e1248a61c480,"W/""38e462-VIoHmU5ZfN9W8hFjjcfbCCoFUxM""",,changed,raw/apify.store.actors/2026/09/20260929T100831Z-a9cec343d956.json.gz,,"projected:userPictureUrl,pictureUrl,url"
apify.store.actors,https://api.apify.com/v2/store?limit=1000&offset=1000&category=DEVELOPER_TOOLS,2026-09-29T10:08:33Z,200,application/json,3342200,5442d149d055c43f68237855dcd02a0f96e84c1ed0611b9c895ad27d5cd68817,"W/""32ff78-j7EtAFd8v6KQZe6b4Pqfwdn6YCU""",,changed,raw/apify.store.actors/2026/09/20260929T100833Z-5442d149d055.json.gz,,"projected:userPictureUrl,pictureUrl,url"
apify.store.actors,https://api.apify.com/v2/store?limit=1000&offset=2000&category=DEVELOPER_TOOLS,2026-09-29T10:08:36Z,200,application/json,3493620,464d1943a30e72c3ecbfcd9a2e7a896282e7708b751111e18ddfd9e0706f1ae0,"W/""354ef4-V8bzo6avZGEQnGCun0V7Q8WJeH0""",,changed,raw/apify.store.actors/2026/09/20260929T100836Z-464d1943a30e.json.gz,,"projected:userPictureUrl,pictureUrl,url"
apify.store.actors,https://api.apify.com/v2/store?limit=1000&offset=3000&category=DEVELOPER_TOOLS,2026-09-29T10:08:39Z,200,application/json,2898494,ae44a003714e5fd93d0e2d597c921f41d28f60c962be58a130d8c9274cd888d7,"W/""2c3a3e-1ylhsTDuEil3PL10iffx1ZfsGC8""",,changed,raw/apify.store.actors/2026/09/20260929T100839Z-ae44a003714e.json.gz,,"projected:userPictureUrl,pictureUrl,url"
apify.store.actors,https://api.apify.com/v2/store?limit=1000&offset=4000&category=DEVELOPER_TOOLS,2026-09-29T10:08:41Z,200,application/json,2967752,901c92fc9e3b45b8a70299029517a88c8f1097f1f42fdc0d42176dfb107d05fe,"W/""2d48c8-YpNhnc03WEhd5fXY4XKF0m5sDbs""",,changed,raw/apify.store.actors/2026/09/20260929T100841Z-901c92fc9e3b.json.gz,,"projected:userPictureUrl,pictureUrl,url"
apify.store.actors,https://api.apify.com/v2/store?limit=1000&offset=5000&category=DEVELOPER_TOOLS,2026-09-29T10:08:44Z,200,application/json,2953095,56d7534da3221c3b0721078ef604b2b97f45cd7afbf89637d1a2b6789396a4e1,"W/""2d0f87-23Cx4HHt0Rk4BeuPRCfRy5UJRVQ""",,changed,raw/apify.store.actors/2026/09/20260929T100844Z-56d7534da322.json.gz,,"projected:userPictureUrl,pictureUrl,url"
apify.store.actors,https://api.apify.com/v2/store?limit=1000&offset=6000&category=DEVELOPER_TOOLS,2026-09-29T10:08:47Z,200,application/json,2922984,a8790b516b6f73f884ad4310bb293e43054175062b2e49492adb845e59c2eb6e,"W/""2c99e8-jNzRHKd4MPSxLe3SLUQOjTLfJM4""",,changed,raw/apify.store.actors/2026/09/20260929T100847Z-a8790b516b6f.json.gz,,"projected:userPictureUrl,pictureUrl,url"
apify.store.actors,https://api.apify.com/v2/store?limit=1000&offset=7000&category=DEVELOPER_TOOLS,2026-09-29T10:08:49Z,200,application/json,2950235,3d9ca88695f7652051a30785ca453bad0c0534007db83e186dc17c76979755ea,"W/""2d045b-y6ZeTGmtQwaQL9dHugr8+aj3iPc""",,changed,raw/apify.store.actors/2026/09/20260929T100849Z-3d9ca88695f7.json.gz,,"projected:userPictureUrl,pictureUrl,url"
apify.store.actors,https://api.apify.com/v2/store?limit=1000&offset=8000&category=DEVELOPER_TOOLS,2026-09-29T10:08:52Z,200,application/json,2836585,183ef16388af8c0b339062aee4ff652f6db110c0bf8dd2d87b0460db07784929,"W/""2b4869-4r2308kHE06U4kpRQPkmKnbkkrA""",,changed,raw/apify.store.actors/2026/09/20260929T100852Z-183ef16388af.json.gz,,"projected:userPictureUrl,pictureUrl,url"
apify.store.actors,https://api.apify.com/v2/store?limit=1000&offset=9000&category=DEVELOPER_TOOLS,2026-09-29T10:08:55Z,200,application/json,2932774,9fb2d647e5e0e320bd24e337c1a176b551173b015a8f2aedf8cd4bd0787f9b74,"W/""2cc026-lewPiEjgel2OmFrC2DkOK+Z8vzg""",,changed,raw/apify.store.actors/2026/09/20260929T100855Z-9fb2d647e5e0.json.gz,,"projected:userPictureUrl,pictureUrl,url"
apify.store.actors,https://api.apify.com/v2/store?limit=1000&offset=10000&category=DEVELOPER_TOOLS,2026-09-29T10:08:57Z,200,application/json,2530728,6259fdc80c34c294b96c485192c5daa018efcae4fa597f553510b3d7f7bb6b5f,"W/""269da8-+nIpvvzffaX/Yrsu+K9HoWgrdA8""",,changed,raw/apify.store.actors/2026/09/20260929T100857Z-6259fdc80c34.json.gz,,"projected:userPictureUrl,pictureUrl,url"
apify.store.actors,https://api.apify.com/v2/store?limit=1000&offset=11000&category=DEVELOPER_TOOLS,2026-09-29T10:08:59Z,200,application/json,2814081,cb36e7f2b1d4cde08b8963f52d4a9031049964275875de83c965bcd469fb77fa,"W/""2af081-o6Gj+19M1f0YYLR/NhN4U4kIfJw""",,changed,raw/apify.store.actors/2026/09/20260929T100859Z-cb36e7f2b1d4.json.gz,,"projected:userPictureUrl,pictureUrl,url"
apify.store.actors,https://api.apify.com/v2/store?limit=1000&offset=12000&category=DEVELOPER_TOOLS,2026-09-29T10:09:02Z,200,application/json,2581692,a26fc225a0d0d21e217fabd0e01cdedb2e60f2fd78330ed774bff23e1cb87d44,"W/""2764bc-GmLu3nyLNCC1KgWcz+OHNtyCb84""",,changed,raw/apify.store.actors/2026/09/20260929T100902Z-a26fc225a0d0.json.gz,,"projected:userPictureUrl,pictureUrl,url"
apify.store.actors,https://api.apify.com/v2/store?limit=1000&offset=13000&category=DEVELOPER_TOOLS,2026-09-29T10:09:05Z,200,application/json,2683440,d32ac60e599384f1392b19ac83a948047586beae8a43d7e3818d310afe62d7f7,"W/""28f230-lYj7n6s3qsN3oDAW6HRIMF0PQ3Q""",,changed,raw/apify.store.actors/2026/09/20260929T100905Z-d32ac60e5993.json.gz,,"projected:userPictureUrl,pictureUrl,url"
apify.store.actors,https://api.apify.com/v2/store?limit=1000&offset=14000&category=DEVELOPER_TOOLS,2026-09-29T10:09:07Z,200,application/json,2570311,c6d02035a0e37ead9e4a236b36572900c56a9e36d28a0337bb47a249aa972d8e,"W/""273847-LvTwQEQlWjFcp0duEoLRMyw0IHc""",,changed,raw/apify.store.actors/2026/09/20260929T100907Z-c6d02035a0e3.json.gz,,"projected:userPictureUrl,pictureUrl,url"
apify.store.actors,https://api.apify.com/v2/store?limit=1000&offset=15000&category=DEVELOPER_TOOLS,2026-09-29T10:09:09Z,200,application/json,2712298,c99560956cf245f331e797268cafd4d7123c9c573db5507f1cd6ef5fe3e3bb6f,"W/""2962ea-AFAzakMkgPc0kiHML/WhANM0Si4""",,changed,raw/apify.store.actors/2026/09/20260929T100909Z-c99560956cf2.json.gz,,"projected:userPictureUrl,pictureUrl,url"
apify.store.actors,https://api.apify.com/v2/store?limit=1000&offset=0&category=SOCIAL_MEDIA,2026-09-29T10:09:13Z,200,application/json,3908641,d9716807fe75685aa20ba7d8c12d985ebfa043ead5cd2c7d5676735918a1b9a2,"W/""3ba421-gJNn4hltEFpbI2u7TZfTNBG72xk""",,changed,raw/apify.store.actors/2026/09/20260929T100913Z-d9716807fe75.json.gz,,"projected:userPictureUrl,pictureUrl,url"
apify.store.actors,https://api.apify.com/v2/store?limit=1000&offset=1000&category=SOCIAL_MEDIA,2026-09-29T10:09:15Z,200,application/json,3523088,00120670807f30e6e16e5dc0f01747cafba60fd26df665a42ba2bbc3c3e10215,"W/""35c210-yQ8Lvvynw+W71AkHM04K3tySiX4""",,changed,raw/apify.store.actors/2026/09/20260929T100915Z-00120670807f.json.gz,,"projected:userPictureUrl,pictureUrl,url"
apify.store.actors,https://api.apify.com/v2/store?limit=1000&offset=2000&category=SOCIAL_MEDIA,2026-09-29T10:09:17Z,200,application/json,3272519,c3182f03fc906b9d0ed9dee87fef4935a99c99d3d277f40a7ad5dd4c531fd63d,"W/""31ef47-E2l8RElgAPXO2NjavVvqTf6eyFQ""",,changed,raw/apify.store.actors/2026/09/20260929T100917Z-c3182f03fc90.json.gz,,"projected:userPictureUrl,pictureUrl,url"
apify.store.actors,https://api.apify.com/v2/store?limit=1000&offset=3000&category=SOCIAL_MEDIA,2026-09-29T10:09:20Z,200,application/json,2630826,6768552cfb3a9e144013ac6b637cbda0e80d4c2fb174b9b58e21d6add5ce1131,"W/""2824aa-Q+6ySoOjAXlqmfQdwuZOxDGrFGI""",,changed,raw/apify.store.actors/2026/09/20260929T100920Z-6768552cfb3a.json.gz,,"projected:userPictureUrl,pictureUrl,url"
apify.store.actors,https://api.apify.com/v2/store?limit=1000&offset=4000&category=SOCIAL_MEDIA,2026-09-29T10:09:23Z,200,application/json,2946495,3c99a890fae55e6443ef7defd21516cd38f63a37efb25649508072ae7232fa78,"W/""2cf5bf-tBd5owfgeEUlCUpNGgiIKA20uYk""",,changed,raw/apify.store.actors/2026/09/20260929T100923Z-3c99a890fae5.json.gz,,"projected:userPictureUrl,pictureUrl,url"
apify.store.actors,https://api.apify.com/v2/store?limit=1000&offset=5000&category=SOCIAL_MEDIA,2026-09-29T10:09:25Z,200,application/json,2926557,5427c547bbf1742dd526e342b77225caac87f57f0e1c353d31fdc077eaef5b2f,"W/""2ca7dd-UJoqeSdmt17UJAAOHmW4vM+NKrA""",,changed,raw/apify.store.actors/2026/09/20260929T100925Z-5427c547bbf1.json.gz,,"projected:userPictureUrl,pictureUrl,url"
apify.store.actors,https://api.apify.com/v2/store?limit=1000&offset=6000&category=SOCIAL_MEDIA,2026-09-29T10:09:28Z,200,application/json,3098316,42c5b7c46b50268f69b78c8c23eb63d8f82b4647ffa6bae896dfb4b38ebf8a3a,"W/""2f46cc-8RiMhDtBPpSkclXQwy1DvEDhj2w""",,changed,raw/apify.store.actors/2026/09/20260929T100928Z-42c5b7c46b50.json.gz,,"projected:userPictureUrl,pictureUrl,url"
apify.store.actors,https://api.apify.com/v2/store?limit=1000&offset=7000&category=SOCIAL_MEDIA,2026-09-29T10:09:30Z,200,application/json,2644876,f0017f42002f1b5bbc23014c8beb28d4768fc322f6e918402a7573194ad22373,"W/""285b8c-ramxw5KnimmGxIDGA/ubLx/jP1s""",,changed,raw/apify.store.actors/2026/09/20260929T100930Z-f0017f42002f.json.gz,,"projected:userPictureUrl,pictureUrl,url"
apify.store.actors,https://api.apify.com/v2/store?limit=1000&offset=8000&category=SOCIAL_MEDIA,2026-09-29T10:09:33Z,200,application/json,3017803,a3186aff037a30aef339c791133cc9c24ef9a9dabacf4d9e04679879be9be9db,"W/""2e0c4b-yPzdKWKUcnxzu/Gts3qGtIz8Rmw""",,changed,raw/apify.store.actors/2026/09/20260929T100933Z-a3186aff037a.json.gz,,"projected:userPictureUrl,pictureUrl,url"
apify.store.actors,https://api.apify.com/v2/store?limit=1000&offset=9000&category=SOCIAL_MEDIA,2026-09-29T10:09:36Z,200,application/json,3090010,e62d69efd3928001ccf8811dd55875965e27375b1f5f7c8449c3d00fd4bbefcb,"W/""2f265a-Yc0Pu1v0vx+/Ldbla4frxUF7dyY""",,changed,raw/apify.store.actors/2026/09/20260929T100936Z-e62d69efd392.json.gz,,"projected:userPictureUrl,pictureUrl,url"
apify.store.actors,https://api.apify.com/v2/store?limit=1000&offset=10000&category=SOCIAL_MEDIA,2026-09-29T10:09:38Z,200,application/json,1722694,40937e418d0f0a31a77ded934bb0d384f0a49fb1d5332784110f490e6a2805b4,"W/""1a4946-UIoNyNbKbXGlAvjE1KbroSW0WN8""",,changed,raw/apify.store.actors/2026/09/20260929T100938Z-40937e418d0f.json.gz,,"projected:userPictureUrl,pictureUrl,url"
apify.store.actors,https://api.apify.com/v2/store?limit=1000&offset=0&category=ECOMMERCE,2026-09-29T10:09:41Z,200,application/json,3622693,382db01cd456f052ebded050bf05ec0c671d1d6cec35e272968fc286bd506043,"W/""374725-On4N5YuP4+/UkWxgjiHFducWBaQ""",,changed,raw/apify.store.actors/2026/09/20260929T100941Z-382db01cd456.json.gz,,"projected:userPictureUrl,pictureUrl,url"
apify.store.actors,https://api.apify.com/v2/store?limit=1000&offset=1000&category=ECOMMERCE,2026-09-29T10:09:44Z,200,application/json,3402120,ef5dcdf5d0675c5265c67f53b357299b24ee1abba8d609f3360e9a7db6a13f4b,"W/""33e988-NYBDSbizy0Eecux1Icx56Vx7eOw""",,changed,raw/apify.store.actors/2026/09/20260929T100944Z-ef5dcdf5d067.json.gz,,"projected:userPictureUrl,pictureUrl,url"
apify.store.actors,https://api.apify.com/v2/store?limit=1000&offset=2000&category=ECOMMERCE,2026-09-29T10:09:46Z,200,application/json,2843625,e9084c877645db823d21d7de19ef6dbe51057d4f29125cab43858ecef9e7ffd7,"W/""2b63e9-/Z4Y99B6FrqrIWHDLC0D3PnHyw8""",,changed,raw/apify.store.actors/2026/09/20260929T100946Z-e9084c877645.json.gz,,"projected:userPictureUrl,pictureUrl,url"
apify.store.actors,https://api.apify.com/v2/store?limit=1000&offset=3000&category=ECOMMERCE,2026-09-29T10:09:49Z,200,application/json,2876497,68adf9bf00477c168b942ef6b8ced8ed1063a53be4e299349466aeec2ada6d1b,"W/""2be451-Bw1qDcyIbjPwBz3ILCg8H9csJ2s""",,changed,raw/apify.store.actors/2026/09/20260929T100949Z-68adf9bf0047.json.gz,,"projected:userPictureUrl,pictureUrl,url"
apify.store.actors,https://api.apify.com/v2/store?limit=1000&offset=4000&category=ECOMMERCE,2026-09-29T10:09:52Z,200,application/json,2430060,57cdd4ada43fceade6aae6c10bf794efb8d9537945957d6ed7a62dd79595f481,"W/""25146c-ZhTHrmqnGlXbXwXSSILuCkCTJuk""",,changed,raw/apify.store.actors/2026/09/20260929T100952Z-57cdd4ada43f.json.gz,,"projected:userPictureUrl,pictureUrl,url"
apify.store.actors,https://api.apify.com/v2/store?limit=1000&offset=5000&category=ECOMMERCE,2026-09-29T10:09:55Z,200,application/json,2685388,f171bd25a2538a8f72cd5623fcc29cd15767f3291914abe1b35fc4e48df6c5fe,"W/""28f9cc-ucucJRrQq0Tf5YnSuQqsIYDWthg""",,changed,raw/apify.store.actors/2026/09/20260929T100955Z-f171bd25a253.json.gz,,"projected:userPictureUrl,pictureUrl,url"
apify.store.actors,https://api.apify.com/v2/store?limit=1000&offset=6000&category=ECOMMERCE,2026-09-29T10:09:57Z,200,application/json,2880005,8064043001f405732015ec3e5e2e06d05a82425c2147c0b65d3c7507b3bc92c6,"W/""2bf205-jydaWNcMzDqrOqR8c5zC+wOqxlk""",,changed,raw/apify.store.actors/2026/09/20260929T100957Z-8064043001f4.json.gz,,"projected:userPictureUrl,pictureUrl,url"
apify.store.actors,https://api.apify.com/v2/store?limit=1000&offset=7000&category=ECOMMERCE,2026-09-29T10:10:00Z,200,application/json,2809698,a755b96d881b7da02cdf1bbc0ffbfe692b593f7a45b50a88bdb21237138e5115,"W/""2adf62-ZjdnJJjjQlF912szvGPWdAYeBqw""",,changed,raw/apify.store.actors/2026/09/20260929T101000Z-a755b96d881b.json.gz,,"projected:userPictureUrl,pictureUrl,url"
apify.store.actors,https://api.apify.com/v2/store?limit=1000&offset=8000&category=ECOMMERCE,2026-09-29T10:10:03Z,200,application/json,2773402,a2c7d46c84d3b1640d2de3195b510f40c8732cdb18cd5206ebedc4733a99e42b,"W/""2a519a-8wwpsJIjZIWOukMr7XHpqVp80Bg""",,changed,raw/apify.store.actors/2026/09/20260929T101003Z-a2c7d46c84d3.json.gz,,"projected:userPictureUrl,pictureUrl,url"
apify.store.actors,https://api.apify.com/v2/store?limit=1000&offset=9000&category=ECOMMERCE,2026-09-29T10:10:05Z,200,application/json,2941065,8b1a5167ff905e723ec99044947aa02761ff4ed7992adfbada1d8ce1ab8a22da,"W/""2ce089-V9mdXqI31USMZZtTRNZ2/maK9LI""",,changed,raw/apify.store.actors/2026/09/20260929T101005Z-8b1a5167ff90.json.gz,,"projected:userPictureUrl,pictureUrl,url"
apify.store.actors,https://api.apify.com/v2/store?limit=1000&offset=10000&category=ECOMMERCE,2026-09-29T10:10:07Z,200,application/json,3042989,99f70555c9ca7ba4be22a42c22f11b43250597e949ab1b98eb70542b7e33094f,"W/""2e6ead-5FE2dXgZSJvJXQ6aheKA9ztj0Xg""",,changed,raw/apify.store.actors/2026/09/20260929T101007Z-99f70555c9ca.json.gz,,"projected:userPictureUrl,pictureUrl,url"
apify.store.actors,https://api.apify.com/v2/store?limit=1000&offset=11000&category=ECOMMERCE,2026-09-29T10:10:11Z,200,application/json,3020999,d086e6e7e76c4387206628c53e3a62d62117cc0334c9564ec85aec4ae84abcaf,"W/""2e18c7-5vvmeEzK6Bz7HC6i+diPNe7Xmn8""",,changed,raw/apify.store.actors/2026/09/20260929T101011Z-d086e6e7e76c.json.gz,,"projected:userPictureUrl,pictureUrl,url"
apify.store.actors,https://api.apify.com/v2/store?limit=1000&offset=12000&category=ECOMMERCE,2026-09-29T10:10:13Z,200,application/json,3127046,5c5f15a42c74ada400bdeca6ea5dfb0bdfd3ffe8e83cb53f641f265150cf4c6e,"W/""2fb706-AbSLYna4u4rMnp0UnDUuGoW6Oe4""",,changed,raw/apify.store.actors/2026/09/20260929T101013Z-5c5f15a42c74.json.gz,,"projected:userPictureUrl,pictureUrl,url"
apify.store.actors,https://api.apify.com/v2/store?limit=1000&offset=13000&category=ECOMMERCE,2026-09-29T10:10:16Z,200,application/json,2023713,bf4b92d7a0728a218e4f404a24e8be3a0dd82ad978ac75bf506c64c0fe22afa2,"W/""1ee121-RhvodI+ftBrj7+Umylw70vEQr8o""",,changed,raw/apify.store.actors/2026/09/20260929T101016Z-bf4b92d7a072.json.gz,,"projected:userPictureUrl,pictureUrl,url"
apify.store.actors,https://api.apify.com/v2/store?limit=1000&offset=0&category=OTHER,2026-09-29T10:10:18Z,200,application/json,3330901,84c3fbacd67d6695e0a63374d0e57078c1952068a230267ecb04d3bb6fe80f7b,"W/""32d355-29z9yl9gmFjSQ1jypZCLKLn/d/8""",,changed,raw/apify.store.actors/2026/09/20260929T101018Z-84c3fbacd67d.json.gz,,"projected:userPictureUrl,pictureUrl,url"
apify.store.actors,https://api.apify.com/v2/store?limit=1000&offset=1000&category=OTHER,2026-09-29T10:10:21Z,200,application/json,2918370,592d0807227e2057e6efb88f3ef36d6ae381878a755a036153ce8c30eff4f765,"W/""2c87e2-pLgMfWkXS+EKvKoy/cfbdgRA/C0""",,changed,raw/apify.store.actors/2026/09/20260929T101021Z-592d0807227e.json.gz,,"projected:userPictureUrl,pictureUrl,url"
apify.store.actors,https://api.apify.com/v2/store?limit=1000&offset=2000&category=OTHER,2026-09-29T10:10:24Z,200,application/json,2883215,3cde45223974e6d86c47fd3f20f0496bc9267bfbec4b03e80301ff93ebcbcc23,"W/""2bfe8f-MI1/T6QmZNbVQRCjn1E+TbC4X7E""",,changed,raw/apify.store.actors/2026/09/20260929T101024Z-3cde45223974.json.gz,,"projected:userPictureUrl,pictureUrl,url"
apify.store.actors,https://api.apify.com/v2/store?limit=1000&offset=3000&category=OTHER,2026-09-29T10:10:27Z,200,application/json,2969841,b10c0e1b72bcb1884928bbbff4fe58549834f7017676d2c1135378380d5bfd0b,"W/""2d50f1-j3FhYa/kaPMjNx5XwnkVrdVKiq8""",,changed,raw/apify.store.actors/2026/09/20260929T101027Z-b10c0e1b72bc.json.gz,,"projected:userPictureUrl,pictureUrl,url"
apify.store.actors,https://api.apify.com/v2/store?limit=1000&offset=4000&category=OTHER,2026-09-29T10:10:29Z,200,application/json,2850311,d5f27bf464792d459af1081c141f43dcbf26cab3ca7f4a0f44b15ccb7aa3e05e,"W/""2b7e07-q92DaDUEJynjHd3hQSqgD+C28Ko""",,changed,raw/apify.store.actors/2026/09/20260929T101029Z-d5f27bf46479.json.gz,,"projected:userPictureUrl,pictureUrl,url"
apify.store.actors,https://api.apify.com/v2/store?limit=1000&offset=5000&category=OTHER,2026-09-29T10:10:32Z,200,application/json,3001120,652b1a36850edf4cb0a77d74699ada8dd69fefb107d896ab4b9b14426be50313,"W/""2dcb20-/zxAmA/cGg2id1P2eNDWH3mmqYw""",,changed,raw/apify.store.actors/2026/09/20260929T101032Z-652b1a36850e.json.gz,,"projected:userPictureUrl,pictureUrl,url"
apify.store.actors,https://api.apify.com/v2/store?limit=1000&offset=6000&category=OTHER,2026-09-29T10:10:34Z,200,application/json,2790052,b7209686f94f24ddf95f2440ffad0a7ffa409d100208ed8ca3fa636bc3adb15e,"W/""2a92a4-bsKm+iqipSxKuz+AxAb0Y2Pkavs""",,changed,raw/apify.store.actors/2026/09/20260929T101034Z-b7209686f94f.json.gz,,"projected:userPictureUrl,pictureUrl,url"
apify.store.actors,https://api.apify.com/v2/store?limit=1000&offset=7000&category=OTHER,2026-09-29T10:10:37Z,200,application/json,21021,0b0be02c64daf02e0dde4e3d4165042a9e3d2445bae7501f96ac6b1504d54932,"W/""521d-3lML2YXD1YxQ48UoEGB4xNIeM/8""",,quarantined,quarantine/apify.store.actors/2026/09/20260929T101037Z-0b0be02c64da.json.gz,shrunk_99_pct,"projected:userPictureUrl,pictureUrl,url"
apify.store.actors,https://api.apify.com/v2/store?limit=1000&offset=0&category=AI,2026-09-29T10:10:38Z,200,application/json,3449484,d4718d84a36f3e72c22924edcaf495ec55a20872c97ec1888d3332ca13bd977a,"W/""34a28c-dPYxZFptLjzJcdAZklI+hcy5kI4""",,changed,raw/apify.store.actors/2026/09/20260929T101038Z-d4718d84a36f.json.gz,,"projected:userPictureUrl,pictureUrl,url"
apify.store.actors,https://api.apify.com/v2/store?limit=1000&offset=1000&category=AI,2026-09-29T10:10:42Z,200,application/json,2883794,6c56789761269a208a327e744592c8a37be605586ec4b763166c702ecca85607,"W/""2c00d2-OSTmOy5nileTYaBl/0ug47j5qBI""",,changed,raw/apify.store.actors/2026/09/20260929T101042Z-6c5678976126.json.gz,,"projected:userPictureUrl,pictureUrl,url"
apify.store.actors,https://api.apify.com/v2/store?limit=1000&offset=2000&category=AI,2026-09-29T10:10:45Z,200,application/json,2527404,15d5be35a1d6e93cbbac901449baa033bb80a75c118d96043a371344ef8e30f5,"W/""2690ac-qkNZM0WUwbMflXjmyY699zlBaH4""",,changed,raw/apify.store.actors/2026/09/20260929T101045Z-15d5be35a1d6.json.gz,,"projected:userPictureUrl,pictureUrl,url"
apify.store.actors,https://api.apify.com/v2/store?limit=1000&offset=3000&category=AI,2026-09-29T10:10:47Z,200,application/json,2489231,fcecdad3401a3d84a339509c8f5977e3fbd3f6f4e2ad4de621c996ed68c27859,"W/""25fb8f-Nz3/OL0e6EHp0TMLj6PmFJ28Iy4""",,changed,raw/apify.store.actors/2026/09/20260929T101047Z-fcecdad3401a.json.gz,,"projected:userPictureUrl,pictureUrl,url"
apify.store.actors,https://api.apify.com/v2/store?limit=1000&offset=4000&category=AI,2026-09-29T10:10:50Z,200,application/json,2344646,9d7e4953437e4bdd0143a09e8c44d2373d50f8186bbdcfd907897b0f36ba9576,"W/""23c6c6-BEjzSLOCD8w0ZoZKuTBD4O9FYyQ""",,changed,raw/apify.store.actors/2026/09/20260929T101050Z-9d7e4953437e.json.gz,,"projected:userPictureUrl,pictureUrl,url"
apify.store.actors,https://api.apify.com/v2/store?limit=1000&offset=5000&category=AI,2026-09-29T10:10:53Z,200,application/json,2354727,f22e17896f48fd6334c99409231a02ea0dbf87ac5db76c7561cbe1cee12d0926,"W/""23ee27-oQe7VDankNJvt46pHliskqunjFY""",,changed,raw/apify.store.actors/2026/09/20260929T101053Z-f22e17896f48.json.gz,,"projected:userPictureUrl,pictureUrl,url"
apify.store.actors,https://api.apify.com/v2/store?limit=1000&offset=6000&category=AI,2026-09-29T10:10:57Z,200,application/json,2528067,bf3d71f91725bfc89b4afc8ca979dd30d771b468947a80eabb45b1f48a725574,"W/""269343-SRLP1dWqpdOSmlxTZ93qh89Jf3Y""",,changed,raw/apify.store.actors/2026/09/20260929T101057Z-bf3d71f91725.json.gz,,"projected:userPictureUrl,pictureUrl,url"
apify.store.actors,https://api.apify.com/v2/store?limit=1000&offset=7000&category=AI,2026-09-29T10:10:59Z,200,application/json,2685871,49e80ded36b24b112bca25d58d4e3557027f344d25d024d2ff51249aa61dd6f0,"W/""28fbaf-ajYjqIG1+oyKILIYfPdpMFrCgNQ""",,changed,raw/apify.store.actors/2026/09/20260929T101059Z-49e80ded36b2.json.gz,,"projected:userPictureUrl,pictureUrl,url"
apify.store.actors,https://api.apify.com/v2/store?limit=1000&offset=8000&category=AI,2026-09-29T10:11:01Z,200,application/json,2439903,694eb2cb670476fe28ac8acf741dace31f1c6798bc40d51a36272421727b10b9,"W/""253adf-F8ZukyusVUz3bbcFzUa+1xsenZQ""",,changed,raw/apify.store.actors/2026/09/20260929T101101Z-694eb2cb6704.json.gz,,"projected:userPictureUrl,pictureUrl,url"
apify.store.actors,https://api.apify.com/v2/store?limit=1000&offset=0&category=JOBS,2026-09-29T10:11:04Z,200,application/json,3305756,5dd279ddbe0b4f7f77808aba16c137530c1f8b6dd19b1b5647c4b5cf103803fd,"W/""32711c-zdLIoaOvG1hWOEs4dhyWUl/RW38""",,changed,raw/apify.store.actors/2026/09/20260929T101104Z-5dd279ddbe0b.json.gz,,"projected:userPictureUrl,pictureUrl,url"
apify.store.actors,https://api.apify.com/v2/store?limit=1000&offset=1000&category=JOBS,2026-09-29T10:11:07Z,200,application/json,3165321,ab28ad71ad00cd46af6d345de5118afea49d35e077dd3300bdef6c32233b1f1e,"W/""304c89-pRfC/lqpxgIjrD3GquPakffH6a0""",,changed,raw/apify.store.actors/2026/09/20260929T101107Z-ab28ad71ad00.json.gz,,"projected:userPictureUrl,pictureUrl,url"
apify.store.actors,https://api.apify.com/v2/store?limit=1000&offset=2000&category=JOBS,2026-09-29T10:11:09Z,200,application/json,3024785,28e53dae68748cbc1e372023e5ea14ffbcd203764846fcc1ef2fcf4be1e42a88,"W/""2e2791-j7pfAezw9fsOBsiv+AG+Em/BxT4""",,changed,raw/apify.store.actors/2026/09/20260929T101109Z-28e53dae6874.json.gz,,"projected:userPictureUrl,pictureUrl,url"
apify.store.actors,https://api.apify.com/v2/store?limit=1000&offset=3000&category=JOBS,2026-09-29T10:11:12Z,200,application/json,2716661,da2a92e3ef66df02fade2a481a75656601856ed5cabb5b7fdb509c921b41c926,"W/""2973f5-VCbyhvsdGEVomrEurYwtJrq/wqs""",,changed,raw/apify.store.actors/2026/09/20260929T101112Z-da2a92e3ef66.json.gz,,"projected:userPictureUrl,pictureUrl,url"
apify.store.actors,https://api.apify.com/v2/store?limit=1000&offset=4000&category=JOBS,2026-09-29T10:11:15Z,200,application/json,2822573,2d040a5b7672205bf71c64c2dbb4c45a1b68daf9f823aa59d55e1c944dbb9d93,"W/""2b11ad-JEyIFWg+DHQ7KCHs1auQXPKYU8E""",,changed,raw/apify.store.actors/2026/09/20260929T101115Z-2d040a5b7672.json.gz,,"projected:userPictureUrl,pictureUrl,url"
apify.store.actors,https://api.apify.com/v2/store?limit=1000&offset=5000&category=JOBS,2026-09-29T10:11:17Z,200,application/json,3184149,d55fd04623099eebeb80fdfaf1628352f3b3eca6ec304acf677d7305cb200439,"W/""309615-1nj6duMzhDVG0reVmV2W5qOCvyk""",,changed,raw/apify.store.actors/2026/09/20260929T101117Z-d55fd0462309.json.gz,,"projected:userPictureUrl,pictureUrl,url"
apify.store.actors,https://api.apify.com/v2/store?limit=1000&offset=6000&category=JOBS,2026-09-29T10:11:20Z,200,application/json,1425574,b48f97215f5403a9f2cae9951bc09c36f05dc8a1c9590dd3250ad017477c1b83,"W/""15c0a6-yty6OamgSBtLToKMTc3WAlMI5cY""",,changed,raw/apify.store.actors/2026/09/20260929T101120Z-b48f97215f54.json.gz,,"projected:userPictureUrl,pictureUrl,url"
apify.store.actors,https://api.apify.com/v2/store?limit=1000&offset=0&category=REAL_ESTATE,2026-09-29T10:11:22Z,200,application/json,3661915,0290f08b8805a49ab860d1156243a2e24e440ae8330bf4957bfc6b204caca45c,"W/""37e05b-ziMRNf1HcXyGTMuKmEEsTGAw6YY""",,changed,raw/apify.store.actors/2026/09/20260929T101122Z-0290f08b8805.json.gz,,"projected:userPictureUrl,pictureUrl,url"
apify.store.actors,https://api.apify.com/v2/store?limit=1000&offset=1000&category=REAL_ESTATE,2026-09-29T10:11:25Z,200,application/json,3448539,ce745b03a4d714fe22092719274fb5740d8414566fd37b21f839603573ce4aa2,"W/""349edb-ebYIdkWaRXukjS4zpYpmi3mO+Dc""",,changed,raw/apify.store.actors/2026/09/20260929T101125Z-ce745b03a4d7.json.gz,,"projected:userPictureUrl,pictureUrl,url"
apify.store.actors,https://api.apify.com/v2/store?limit=1000&offset=2000&category=REAL_ESTATE,2026-09-29T10:11:27Z,200,application/json,3090876,77c1bdb2348a56e1f082607b6c8bd5fcebb6d1c94f514281976f62b7983a1f74,"W/""2f29bc-xiHN3mpbJSNTABdRFmdP2kZ5+2o""",,changed,raw/apify.store.actors/2026/09/20260929T101127Z-77c1bdb2348a.json.gz,,"projected:userPictureUrl,pictureUrl,url"
apify.store.actors,https://api.apify.com/v2/store?limit=1000&offset=3000&category=REAL_ESTATE,2026-09-29T10:11:30Z,200,application/json,3239185,a3208280af53a208dad6bd20468705c6586a8560c50d7f62ee1b8fbf3550f607,"W/""316d11-LE9EDrkRGUVOcp6ZTDuJ4EsoGnQ""",,changed,raw/apify.store.actors/2026/09/20260929T101130Z-a3208280af53.json.gz,,"projected:userPictureUrl,pictureUrl,url"
apify.store.actors,https://api.apify.com/v2/store?limit=1000&offset=4000&category=REAL_ESTATE,2026-09-29T10:11:35Z,200,application/json,3227728,d7c8eabe4b26177cba5c85907243584396b3722bb58c559805c414b10e3e265b,"W/""314050-/0I0ZSxXHUtYQPnO0mGhyONjgpw""",,changed,raw/apify.store.actors/2026/09/20260929T101135Z-d7c8eabe4b26.json.gz,,"projected:userPictureUrl,pictureUrl,url"
apify.store.actors,https://api.apify.com/v2/store?limit=1000&offset=0&category=BUSINESS,2026-09-29T10:11:37Z,200,application/json,3731064,1ae0923fd3ec111d5a085a59d8d937015f86b2736f367b379b40b6ab012ae863,"W/""38ee78-yIAfilWNAbgvLMbgfHVhnFKBePQ""",,changed,raw/apify.store.actors/2026/09/20260929T101137Z-1ae0923fd3ec.json.gz,,"projected:userPictureUrl,pictureUrl,url"
apify.store.actors,https://api.apify.com/v2/store?limit=1000&offset=1000&category=BUSINESS,2026-09-29T10:11:40Z,200,application/json,3347458,44a47555b5c9886ead48f7cac29d51faba2d2d25dba43426b78e9095811ec6e3,"W/""331402-3Iwsvf9nujcKzHUIhpYeHHzaMAE""",,changed,raw/apify.store.actors/2026/09/20260929T101140Z-44a47555b5c9.json.gz,,"projected:userPictureUrl,pictureUrl,url"
apify.store.actors,https://api.apify.com/v2/store?limit=1000&offset=2000&category=BUSINESS,2026-09-29T10:11:43Z,200,application/json,2958735,87c3ed7a336a8e608edcd86af1285d191be9820f9df925706c51311a5164d5ad,"W/""2d258f-YGb1SYony3VnBJ84RcKo8dlObLo""",,changed,raw/apify.store.actors/2026/09/20260929T101143Z-87c3ed7a336a.json.gz,,"projected:userPictureUrl,pictureUrl,url"
apify.store.actors,https://api.apify.com/v2/store?limit=1000&offset=3000&category=BUSINESS,2026-09-29T10:11:46Z,200,application/json,3241009,5a997d85244e7486a840aca7dcb950041fdd0363ed68aa974993b74cca4d7777,"W/""317431-5Wifuap1BQumXP3nuwDWhIxYbeg""",,changed,raw/apify.store.actors/2026/09/20260929T101146Z-5a997d85244e.json.gz,,"projected:userPictureUrl,pictureUrl,url"
apify.store.actors,https://api.apify.com/v2/store?limit=1000&offset=4000&category=BUSINESS,2026-09-29T10:11:49Z,200,application/json,2776057,62fba49622b78b16242e56bfecad6ded140736dcd89c047d7d6740a785045aa3,"W/""2a5bf9-I1FX65anmZfNAPNVUwYERF7fVCI""",,changed,raw/apify.store.actors/2026/09/20260929T101149Z-62fba49622b7.json.gz,,"projected:userPictureUrl,pictureUrl,url"
apify.store.actors,https://api.apify.com/v2/store?limit=1000&offset=5000&category=BUSINESS,2026-09-29T10:11:51Z,200,application/json,2944922,ac10691053a3acfd38f2ae68f648f813110b69e1030bc455aa9caf7175248525,"W/""2cef9a-SyPVPPcMOe1kZWBwgGVjh0MHJM8""",,changed,raw/apify.store.actors/2026/09/20260929T101151Z-ac10691053a3.json.gz,,"projected:userPictureUrl,pictureUrl,url"
apify.store.actors,https://api.apify.com/v2/store?limit=1000&offset=6000&category=BUSINESS,2026-09-29T10:11:55Z,200,application/json,3230301,3efaff1c36a0cb9860f2527eb871d5f719f42caf7080aa41c0eb069c467fcef5,"W/""314a5d-lGiIhxgXs3vrBihJTyP7inx4xMI""",,changed,raw/apify.store.actors/2026/09/20260929T101155Z-3efaff1c36a0.json.gz,,"projected:userPictureUrl,pictureUrl,url"
apify.store.actors,https://api.apify.com/v2/store?limit=1000&offset=7000&category=BUSINESS,2026-09-29T10:11:57Z,200,application/json,3251504,f6f92a069af54afb5d94ce708755f383da2f04ff5a513d9676e890b59325aee5,"W/""319d30-fNvUzJJPoD/KGNK9Sc/hiHmT6Qg""",,changed,raw/apify.store.actors/2026/09/20260929T101157Z-f6f92a069af5.json.gz,,"projected:userPictureUrl,pictureUrl,url"
apify.store.actors,https://api.apify.com/v2/store?limit=1000&offset=0&category=SEO_TOOLS,2026-09-29T10:11:59Z,200,application/json,3313039,03e0df999eef4814145070bf85795d80610fd7b246e48b2cb7c3efaea040d84b,"W/""328d8f-zwaCWYPOA7bbdCj1AMVPGRnWWwU""",,changed,raw/apify.store.actors/2026/09/20260929T101159Z-03e0df999eef.json.gz,,"projected:userPictureUrl,pictureUrl,url"
apify.store.actors,https://api.apify.com/v2/store?limit=1000&offset=1000&category=SEO_TOOLS,2026-09-29T10:12:02Z,200,application/json,2912638,1a510a778ff045b8dfdcc86f0b474c16ecf5315e3814e0629049fbf9b5810af3,"W/""2c717e-UhKsT+tutSlLBTqp16lDryxJvHw""",,changed,raw/apify.store.actors/2026/09/20260929T101202Z-1a510a778ff0.json.gz,,"projected:userPictureUrl,pictureUrl,url"
apify.store.actors,https://api.apify.com/v2/store?limit=1000&offset=2000&category=SEO_TOOLS,2026-09-29T10:12:05Z,200,application/json,2417422,7fcb142c4febffd0617d0f0f6db5fba0ed818d37fae6aa8d8297ea9d37cf1a8a,"W/""24e30e-WfyJsvK9WtJgwH9A7MBtbjPix8Y""",,changed,raw/apify.store.actors/2026/09/20260929T101205Z-7fcb142c4feb.json.gz,,"projected:userPictureUrl,pictureUrl,url"
apify.store.actors,https://api.apify.com/v2/store?limit=1000&offset=3000&category=SEO_TOOLS,2026-09-29T10:12:07Z,200,application/json,2735682,fca094bd145e7af5ce3b4e3549fa2348377c9946c970ced0a00baeb5ac5cfa9f,"W/""29be42-cfC3TqkUjw/WWqKQNMYwFpRUVL8""",,changed,raw/apify.store.actors/2026/09/20260929T101207Z-fca094bd145e.json.gz,,"projected:userPictureUrl,pictureUrl,url"
apify.store.actors,https://api.apify.com/v2/store?limit=1000&offset=4000&category=SEO_TOOLS,2026-09-29T10:12:11Z,200,application/json,1068185,a80bcfb55e8495ef1185fbba61da2a7982df152703e38a935471d237aee12e6f,"W/""104c99-5RE4loO2hCR5tauh2vidHn0WNY0""",,changed,raw/apify.store.actors/2026/09/20260929T101211Z-a80bcfb55e84.json.gz,,"projected:userPictureUrl,pictureUrl,url"
apify.store.actors,https://api.apify.com/v2/store?limit=1000&offset=0&category=VIDEOS,2026-09-29T10:12:13Z,200,application/json,3103800,918f46358931e0444bc0c02c9ef50b632c7eae5476c153981ba8578f31c24835,"W/""2f5c38-zoH7+2JzSGvBtS3RzVWGrBXfSDY""",,changed,raw/apify.store.actors/2026/09/20260929T101213Z-918f46358931.json.gz,,"projected:userPictureUrl,pictureUrl,url"
apify.store.actors,https://api.apify.com/v2/store?limit=1000&offset=1000&category=VIDEOS,2026-09-29T10:12:15Z,200,application/json,2876145,94968b03bcbef13c11ccbd7aa232670a51db281eea605651fc7f9be8b23e58f6,"W/""2be2f1-yIXr1ljguTT4+K7BIuG6WllwA24""",,changed,raw/apify.store.actors/2026/09/20260929T101215Z-94968b03bcbe.json.gz,,"projected:userPictureUrl,pictureUrl,url"
apify.store.actors,https://api.apify.com/v2/store?limit=1000&offset=2000&category=VIDEOS,2026-09-29T10:12:18Z,200,application/json,2797505,1f68caa51be4e0b48de03827af74d0e19d0be9163cfbe53212426a526e4ca672,"W/""2aafc1-6rgqiOyjrghgPVAMe8lkptwg0Qk""",,changed,raw/apify.store.actors/2026/09/20260929T101218Z-1f68caa51be4.json.gz,,"projected:userPictureUrl,pictureUrl,url"
apify.store.actors,https://api.apify.com/v2/store?limit=1000&offset=3000&category=VIDEOS,2026-09-29T10:12:21Z,200,application/json,945890,e2a7bca5c85b53e1a3e59d40e9cfb3824f6a1a7a49b5cc32437ab84ff5548c22,"W/""e6ee2-T95XV+8UeplyF54CYp9AwGjqXNk""",,changed,raw/apify.store.actors/2026/09/20260929T101221Z-e2a7bca5c85b.json.gz,,"projected:userPictureUrl,pictureUrl,url"
apify.store.actors,https://api.apify.com/v2/store?limit=1000&offset=0&category=AGENTS,2026-09-29T10:12:23Z,200,application/json,3278415,48caf9a91fe77894224b04b2ac92374a7bad84d5e56c6396c76d0b6236761113,"W/""32064f-J1iPHczGG0foNxci2SFj3MbvLH0""",,changed,raw/apify.store.actors/2026/09/20260929T101223Z-48caf9a91fe7.json.gz,,"projected:userPictureUrl,pictureUrl,url"
apify.store.actors,https://api.apify.com/v2/store?limit=1000&offset=1000&category=AGENTS,2026-09-29T10:12:26Z,200,application/json,2887805,24cf3bf95bbdc83d292dd5f77cd628893154cfdef7a3c3b36dbfcda0426dadd3,"W/""2c107d-/+auAwNCwjFQ01KSHq5LzzkjNQI""",,changed,raw/apify.store.actors/2026/09/20260929T101226Z-24cf3bf95bbd.json.gz,,"projected:userPictureUrl,pictureUrl,url"
apify.store.actors,https://api.apify.com/v2/store?limit=1000&offset=2000&category=AGENTS,2026-09-29T10:12:28Z,200,application/json,2713015,c8007ba9b1d4379ddd15bcc4055f2d98d3506fe43357bd115552abf2fb254d48,"W/""2965b7-uWw7RKa2uzNl2c3gulhWHThbL6M""",,changed,raw/apify.store.actors/2026/09/20260929T101228Z-c8007ba9b1d4.json.gz,,"projected:userPictureUrl,pictureUrl,url"
apify.store.actors,https://api.apify.com/v2/store?limit=1000&offset=3000&category=AGENTS,2026-09-29T10:12:31Z,200,application/json,1925639,f3ae88827151e218ec3afdefea63f496103f7292e1e3dd8a96c0894fb47a93a9,"W/""1d6207-1uxiJxAsgpN7qcYbdyj0+AaZWA0""",,changed,raw/apify.store.actors/2026/09/20260929T101231Z-f3ae88827151.json.gz,,"projected:userPictureUrl,pictureUrl,url"
apify.store.actors,https://api.apify.com/v2/store?limit=1000&offset=0&category=INTEGRATIONS,2026-09-29T10:12:33Z,200,application/json,3097820,4d2f2a45544a7578dfaa4179d98b7d9038e05a7acf6457758701014485c6bd49,"W/""2f44dc-wC8ZM50z997qkIynnm5j/+kHti4""",,changed,raw/apify.store.actors/2026/09/20260929T101233Z-4d2f2a45544a.json.gz,,"projected:userPictureUrl,pictureUrl,url"
apify.store.actors,https://api.apify.com/v2/store?limit=1000&offset=1000&category=INTEGRATIONS,2026-09-29T10:12:36Z,200,application/json,3079293,9f7db97669da851ae0454825a81acb2ff2255247eac8bf2466a9a90eb4416a5e,"W/""2efc7d-ZF/JLtityc0cSq3b7MKF2VbCnDk""",,changed,raw/apify.store.actors/2026/09/20260929T101236Z-9f7db97669da.json.gz,,"projected:userPictureUrl,pictureUrl,url"
apify.store.actors,https://api.apify.com/v2/store?limit=1000&offset=2000&category=INTEGRATIONS,2026-09-29T10:12:39Z,200,application/json,3079657,875965764fa18ef564a4ec8d21df0113abdec9f72b1bda05b24d55aec26c70ac,"W/""2efde9-uqBtogEtg+ToW/VCws8ToDsvces""",,changed,raw/apify.store.actors/2026/09/20260929T101239Z-875965764fa1.json.gz,,"projected:userPictureUrl,pictureUrl,url"
apify.store.actors,https://api.apify.com/v2/store?limit=1000&offset=0&category=NEWS,2026-09-29T10:12:42Z,200,application/json,3109925,b673ee04c6cb4dd47ecc812e522c0191a628e228b94258fc74a9bab47f0e8296,"W/""2f7425-dsXFpN+U4Ne7SI7pNmVdllYpFJ4""",,changed,raw/apify.store.actors/2026/09/20260929T101242Z-b673ee04c6cb.json.gz,,"projected:userPictureUrl,pictureUrl,url"
apify.store.actors,https://api.apify.com/v2/store?limit=1000&offset=1000&category=NEWS,2026-09-29T10:12:44Z,200,application/json,2966617,a8402192dc55cb8e534473eaa1ec0610c4314640fd2496f58700e8a0f8e6b8bc,"W/""2d4459-HjvlKRJWq4RqxOuiGrBxWz85CkQ""",,changed,raw/apify.store.actors/2026/09/20260929T101244Z-a8402192dc55.json.gz,,"projected:userPictureUrl,pictureUrl,url"
apify.store.actors,https://api.apify.com/v2/store?limit=1000&offset=2000&category=NEWS,2026-09-29T10:12:47Z,200,application/json,2782680,f45b710afd59579cbab9a970e612c2f94b3220a87756ed1cd114116853039f36,"W/""2a75d8-tRc4wmg9hnlQ1bHb44ZIBT+5x4c""",,changed,raw/apify.store.actors/2026/09/20260929T101247Z-f45b710afd59.json.gz,,"projected:userPictureUrl,pictureUrl,url"
apify.store.actors,https://api.apify.com/v2/store?limit=1000&offset=3000&category=NEWS,2026-09-29T10:12:50Z,200,application/json,2689955,659fa6e88478072f82ee27a90053cce62bd861d039e6d63c6e3ec641232a267d,"W/""290ba3-oXIKMYzTnurkZL9DTW1b4xCOekc""",,changed,raw/apify.store.actors/2026/09/20260929T101250Z-659fa6e88478.json.gz,,"projected:userPictureUrl,pictureUrl,url"
apify.store.actors,https://api.apify.com/v2/store?limit=1000&offset=0&category=TRAVEL,2026-09-29T10:12:53Z,200,application/json,3459194,80c23ab08a78f0857aa28146df9c97b39fb21a9863a0ce9121fcebc3e46e452b,"W/""34c87a-IcsKAul0Y3+5d3SH9hrRAY5GpzA""",,changed,raw/apify.store.actors/2026/09/20260929T101253Z-80c23ab08a78.json.gz,,"projected:userPictureUrl,pictureUrl,url"
apify.store.actors,https://api.apify.com/v2/store?limit=1000&offset=1000&category=TRAVEL,2026-09-29T10:12:56Z,200,application/json,3156815,30719cb465c75da6d89df9c022e3633005f25e95001535017bda176e3f1c4bc3,"W/""302b4f-yR/H6kzgfhtjYdaKGUnqtZBnb1o""",,changed,raw/apify.store.actors/2026/09/20260929T101256Z-30719cb465c7.json.gz,,"projected:userPictureUrl,pictureUrl,url"
apify.store.actors,https://api.apify.com/v2/store?limit=1000&offset=2000&category=TRAVEL,2026-09-29T10:12:58Z,200,application/json,1879958,366409b55817ab43c759398c44664968524ff2efa0884bd0966672b1ef49bf30,"W/""1caf96-g1Ym84bmlsq4QbTHGj48brjrltU""",,changed,raw/apify.store.actors/2026/09/20260929T101258Z-366409b55817.json.gz,,"projected:userPictureUrl,pictureUrl,url"
apify.store.actors,https://api.apify.com/v2/store?limit=1000&offset=0&category=MCP_SERVERS,2026-09-29T10:13:01Z,200,application/json,3412897,75aac8912f498096a04f498d1e9774943fc877debe96c7c4195b181962125b83,"W/""3413a1-KahXgXk61joHoGMegWOBNmys/ac""",,changed,raw/apify.store.actors/2026/09/20260929T101301Z-75aac8912f49.json.gz,,"projected:userPictureUrl,pictureUrl,url"
apify.store.actors,https://api.apify.com/v2/store?limit=1000&offset=1000&category=MCP_SERVERS,2026-09-29T10:13:03Z,200,application/json,3199630,d0de305b100165a994784aff4142c52f8054d2781e7307668e9a7e9bcade65d9,"W/""30d28e-Z1CnfBP1OQ2Eqy5o+Ay1oIOCX7I""",,changed,raw/apify.store.actors/2026/09/20260929T101303Z-d0de305b1001.json.gz,,"projected:userPictureUrl,pictureUrl,url"
apify.store.actors,https://api.apify.com/v2/store?limit=1000&offset=2000&category=MCP_SERVERS,2026-09-29T10:13:06Z,200,application/json,1483156,9f14551fe28ffb34fb21bd749f36a329c188708d2c0e4d31eaa6edb04e01c0f0,"W/""16a194-EOghDgFiyJF24MBGU8R4tjJ4IVw""",,changed,raw/apify.store.actors/2026/09/20260929T101306Z-9f14551fe28f.json.gz,,"projected:userPictureUrl,pictureUrl,url"
apify.store.actors,https://api.apify.com/v2/store?limit=1000&offset=0&category=MARKETING,2026-09-29T10:13:08Z,200,application/json,3432796,46f32a4e323db0881d3f037a0ceeac07145257f56fd77212e061d396bc4ce899,"W/""34615c-msIdBl04kktr3Y4klChUwsPVNQA""",,changed,raw/apify.store.actors/2026/09/20260929T101308Z-46f32a4e323d.json.gz,,"projected:userPictureUrl,pictureUrl,url"
apify.store.actors,https://api.apify.com/v2/store?limit=1000&offset=1000&category=MARKETING,2026-09-29T10:13:11Z,200,application/json,2849493,743ca2b0f6d9f448fd0fdde8f034a9f0f7dbb89f728ed94fbbeb4972a4fb31ae,"W/""2b7ad5-c10MDzo8sMKc5aVyCj9Mt3QRAPk""",,changed,raw/apify.store.actors/2026/09/20260929T101311Z-743ca2b0f6d9.json.gz,,"projected:userPictureUrl,pictureUrl,url"
apify.store.actors,https://api.apify.com/v2/store?limit=1000&offset=2000&category=MARKETING,2026-09-29T10:13:14Z,200,application/json,1124530,6f8b5c977c4f51b32e8944f3d5f513edda39c3ec6ddedb68707d339b58984972,"W/""1128b2-CD/GLLvcALoDVujawmvdN4SE8VA""",,changed,raw/apify.store.actors/2026/09/20260929T101314Z-6f8b5c977c4f.json.gz,,"projected:userPictureUrl,pictureUrl,url"
apify.store.actors,https://api.apify.com/v2/store?limit=1000&offset=0&category=OPEN_SOURCE,2026-09-29T10:13:16Z,200,application/json,614399,4d2a2ff6b735b2ebbe14f616d79fa8188624f39f360f3f0c4f793d7e5ea20031,"W/""95fff-ndnsDIyANaWVmw1JxXPcJQGj5Pg""",,changed,raw/apify.store.actors/2026/09/20260929T101316Z-4d2a2ff6b735.json.gz,,"projected:userPictureUrl,pictureUrl,url"
apify.store.actors,https://api.apify.com/v2/store?limit=1000&offset=0&category=SPORTS,2026-09-29T10:13:19Z,200,application/json,1313167,77338cbaa9a11d8d32f5fffb6558ed66fdc460b24741ac3ce289a091818ae280,"W/""14098f-FhFz7n9QslIhdp+FZXcVB+dwErM""",,changed,raw/apify.store.actors/2026/09/20260929T101319Z-77338cbaa9a1.json.gz,,"projected:userPictureUrl,pictureUrl,url"
apify.store.actors,https://api.apify.com/v2/store?limit=1000&offset=0&category=FOR_CREATORS,2026-09-29T10:13:21Z,200,application/json,939441,475760ce498065611101a339ef9ee4476219bf920c4dc5e9b8398b1aa3e8ba8f,"W/""e55b1-D60oeC2Mfvnh1u77/COosoV5Ov8""",,changed,raw/apify.store.actors/2026/09/20260929T101321Z-475760ce4980.json.gz,,"projected:userPictureUrl,pictureUrl,url"
apify.store.actors,https://api.apify.com/v2/store?limit=1000&offset=0&category=EDUCATION,2026-09-29T10:13:24Z,200,application/json,1929193,3a2d7e4b446095a3cd145203d40f89fdbbe61f5d8de67b61e1a7a1ef5fc9ae88,"W/""1d6fe9-HeGa2P9OFMvPg4CVKZqx13DUrKo""",,changed,raw/apify.store.actors/2026/09/20260929T101324Z-3a2d7e4b4460.json.gz,,"projected:userPictureUrl,pictureUrl,url"
apify.store.actors,https://api.apify.com/v2/store?limit=1000&offset=0&category=GAMES,2026-09-29T10:13:26Z,200,application/json,434225,a3323872526cb4a60906a07953dc7bc51b66a085c8be020659b8a6994877e393,"W/""6a031-i99bdB7pYAIaGQVSbpFqtqq1h8A""",,changed,raw/apify.store.actors/2026/09/20260929T101326Z-a3323872526c.json.gz,,"projected:userPictureUrl,pictureUrl,url"
apify.store.actors,https://api.apify.com/v2/store?limit=1000&offset=0,2026-09-30T09:58:49Z,200,application/json,4003430,e17be8ac76c0843c751430af3af683ec94e5d501b3c8e1ac1748ec4200f18a01,"W/""3d1666-/mCul4d/CXobAD6ThQJuCicJagY""",,changed,raw/apify.store.actors/2026/09/20260930T095849Z-e17be8ac76c0.json.gz,,"projected:userPictureUrl,pictureUrl,url"
apify.store.actors,https://api.apify.com/v2/store?limit=1000&offset=1000,2026-09-30T09:58:54Z,200,application/json,3719374,3c91ba5975dfca2a8680031bed818578adacfeac43f1a5d91f3655362272def0,"W/""38c0ce-JVTN1bNBEFpS1tVHgWLZ3TONxOs""",,changed,raw/apify.store.actors/2026/09/20260930T095854Z-3c91ba5975df.json.gz,,"projected:userPictureUrl,pictureUrl,url"
apify.store.actors,https://api.apify.com/v2/store?limit=1000&offset=2000,2026-09-30T09:58:56Z,200,application/json,3645878,2bedab9b3c2ee91e72f4a6dd5ae4045252eba848612587a49a5ec88805314805,"W/""37a1b6-hi4t5hxv45mOLRUpoAR/5NPpCco""",,changed,raw/apify.store.actors/2026/09/20260930T095856Z-2bedab9b3c2e.json.gz,,"projected:userPictureUrl,pictureUrl,url"
apify.store.actors,https://api.apify.com/v2/store?limit=1000&offset=3000,2026-09-30T09:58:58Z,200,application/json,3603736,9a5d8df1851bef439644c3512e10adde8c39edb8abd50089bfec2080291847cc,"W/""36fd18-YuFGh/UM1vsTGDvQM4nBGielkuA""",,changed,raw/apify.store.actors/2026/09/20260930T095858Z-9a5d8df1851b.json.gz,,"projected:userPictureUrl,pictureUrl,url"
apify.store.actors,https://api.apify.com/v2/store?limit=1000&offset=4000,2026-09-30T09:59:01Z,200,application/json,3520222,1c91a7eec514406441dc15d7082cb8637e173f684b0a22feb424875d1892c551,"W/""35b6de-ZL2ZA+9NrKfxAV3liVYeShCNQyc""",,changed,raw/apify.store.actors/2026/09/20260930T095901Z-1c91a7eec514.json.gz,,"projected:userPictureUrl,pictureUrl,url"
apify.store.actors,https://api.apify.com/v2/store?limit=1000&offset=5000,2026-09-30T09:59:04Z,200,application/json,3446439,429f81aaf6cceab749429ede5c677a1be27b7dd5983661136012e50b59c9d4fd,"W/""3496a7-dAAPJi+eV5RfdiRQNMyFGr5omgU""",,changed,raw/apify.store.actors/2026/09/20260930T095904Z-429f81aaf6cc.json.gz,,"projected:userPictureUrl,pictureUrl,url"
apify.store.actors,https://api.apify.com/v2/store?limit=1000&offset=6000,2026-09-30T09:59:06Z,200,application/json,3403796,9b9f19c9898904843599095d2f458eba79bbfc18e3ba0036cfa8297dfadb947f,"W/""33f014-T8TdcGwqiBp8AYzxi0krBPUDSpA""",,changed,raw/apify.store.actors/2026/09/20260930T095906Z-9b9f19c98989.json.gz,,"projected:userPictureUrl,pictureUrl,url"
apify.store.actors,https://api.apify.com/v2/store?limit=1000&offset=7000,2026-09-30T09:59:09Z,200,application/json,3610358,be6a4112dc59c3f68216ebb85d450320dba56ade04e1ac4527906357de02e7f6,"W/""3716f6-oT+LX9khh7mM+tjZuDdIpAwS2Y4""",,changed,raw/apify.store.actors/2026/09/20260930T095909Z-be6a4112dc59.json.gz,,"projected:userPictureUrl,pictureUrl,url"
apify.store.actors,https://api.apify.com/v2/store?limit=1000&offset=8000,2026-09-30T09:59:12Z,200,application/json,3004707,28b5ab51dd1b549095fb411c1ffc552bbacc70a30aa1e6832dbfdeb29d4aa665,"W/""2dd923-H/IsRCuTmHYjFqaXuMEjBdduY8c""",,changed,raw/apify.store.actors/2026/09/20260930T095912Z-28b5ab51dd1b.json.gz,,"projected:userPictureUrl,pictureUrl,url"
apify.store.actors,https://api.apify.com/v2/store?limit=1000&offset=9000,2026-09-30T09:59:14Z,200,application/json,2232695,4a1bfd466014c071b7371131a4274ae011ffb7cde21281c4d0f8060a37b80944,"W/""221177-rCa+BiCPer+S3GUcNqDcH2lw8mg""",,changed,raw/apify.store.actors/2026/09/20260930T095914Z-4a1bfd466014.json.gz,,"projected:userPictureUrl,pictureUrl,url"
apify.store.actors,https://api.apify.com/v2/store?limit=1000&offset=10000,2026-09-30T09:59:18Z,200,application/json,2659493,3b76a16c5035fd42551685e71e80de7b8ca1f4a9b37cfb573585a78a7f057a5c,"W/""2894a5-X/Gr0PNcTIHH2czjN2fZjOylAE4""",,changed,raw/apify.store.actors/2026/09/20260930T095918Z-3b76a16c5035.json.gz,,"projected:userPictureUrl,pictureUrl,url"
apify.store.actors,https://api.apify.com/v2/store?limit=1000&offset=11000,2026-09-30T09:59:20Z,200,application/json,2754537,7bc45c1b913e61642bf899b254ee57a3150ec1d9209e9161362788534ebe1d25,"W/""2a07e9-Be/W018cmAPkzrjUaTK4PucXNKA""",,changed,raw/apify.store.actors/2026/09/20260930T095920Z-7bc45c1b913e.json.gz,,"projected:userPictureUrl,pictureUrl,url"
apify.store.actors,https://api.apify.com/v2/store?limit=1000&offset=12000,2026-09-30T09:59:22Z,200,application/json,2848630,acfa3060dc258272cde916abca04afa1a3485e7edeac73a8a2dd5b46cc1b8136,"W/""2b7776-2XqK74vMbo5Ne1OY7md9+lv26wQ""",,changed,raw/apify.store.actors/2026/09/20260930T095922Z-acfa3060dc25.json.gz,,"projected:userPictureUrl,pictureUrl,url"
apify.store.actors,https://api.apify.com/v2/store?limit=1000&offset=13000,2026-09-30T09:59:25Z,200,application/json,2859700,9dc5b279acddeb121007c5b5a3c3e3b8bc6f9b10aa315a70b07b3844c50ec77d,"W/""2ba2b4-vRssEBtZCUJJAQkT8ROl4Oi5Sa4""",,changed,raw/apify.store.actors/2026/09/20260930T095925Z-9dc5b279acdd.json.gz,,"projected:userPictureUrl,pictureUrl,url"
apify.store.actors,https://api.apify.com/v2/store?limit=1000&offset=14000,2026-09-30T09:59:27Z,200,application/json,2927994,983b8084ad5b46bb8e16f1b47f4aaf3c93def18e091d218362356518773137eb,"W/""2cad7a-bZwdEj7iTrvMiXeApCjH+FE9Z5U""",,changed,raw/apify.store.actors/2026/09/20260930T095927Z-983b8084ad5b.json.gz,,"projected:userPictureUrl,pictureUrl,url"
apify.store.actors,https://api.apify.com/v2/store?limit=1000&offset=15000,2026-09-30T09:59:30Z,200,application/json,2938241,2063ee2689ab3979c36d40be363c3b5d6f54cfd6698ee1d493776eb81430c709,"W/""2cd581-KPOoNBpjVCg+17wJQwarfEJqwfw""",,changed,raw/apify.store.actors/2026/09/20260930T095930Z-2063ee2689ab.json.gz,,"projected:userPictureUrl,pictureUrl,url"
apify.store.actors,https://api.apify.com/v2/store?limit=1000&offset=0&category=AUTOMATION,2026-09-30T09:59:33Z,200,application/json,3844192,40c461c3180d563024ef323b555f4cb7ba5782086c1bb48a256d6449cc0ffe36,"W/""3aa860-JMgG0LtWECsPkQqxnx+xyRT/rP8""",,changed,raw/apify.store.actors/2026/09/20260930T095933Z-40c461c3180d.json.gz,,"projected:userPictureUrl,pictureUrl,url"
apify.store.actors,https://api.apify.com/v2/store?limit=1000&offset=1000&category=AUTOMATION,2026-09-30T09:59:35Z,200,application/json,3628451,b6df74855767982bf393c1768f9cbfa26753082e99b9dff1acca26232376808b,"W/""375da3-hIZT28yxCtUglilH/bnshifG7Ng""",,changed,raw/apify.store.actors/2026/09/20260930T095935Z-b6df74855767.json.gz,,"projected:userPictureUrl,pictureUrl,url"
apify.store.actors,https://api.apify.com/v2/store?limit=1000&offset=2000&category=AUTOMATION,2026-09-30T09:59:38Z,200,application/json,3431612,1fe8df74f5de09da50f6168bf78dc6b458d9a8bef8dc82522e52a575d8f7b6cb,"W/""345cbc-q13ym+4O4W4/sDWzPxispePJyDU""",,changed,raw/apify.store.actors/2026/09/20260930T095938Z-1fe8df74f5de.json.gz,,"projected:userPictureUrl,pictureUrl,url"
apify.store.actors,https://api.apify.com/v2/store?limit=1000&offset=3000&category=AUTOMATION,2026-09-30T09:59:40Z,200,application/json,3431125,27f2b6a1a2ee2ef24c06c975d35f086f6ec717515b4b186ef95bc33eb2a2f58f,"W/""345ad5-q4cpjqxDDS5nHIemH7UvxPRnudM""",,changed,raw/apify.store.actors/2026/09/20260930T095940Z-27f2b6a1a2ee.json.gz,,"projected:userPictureUrl,pictureUrl,url"
apify.store.actors,https://api.apify.com/v2/store?limit=1000&offset=4000&category=AUTOMATION,2026-09-30T09:59:43Z,200,application/json,2328645,ab3272d476fba6bdac9611469af5b9ef3b5c31d9e64dda74c7f8b20f0c4126de,"W/""238845-dQ0bMTE7r/Bx/V2OfgD1xpYpeTU""",,changed,raw/apify.store.actors/2026/09/20260930T095943Z-ab3272d476fb.json.gz,,"projected:userPictureUrl,pictureUrl,url"
apify.store.actors,https://api.apify.com/v2/store?limit=1000&offset=5000&category=AUTOMATION,2026-09-30T09:59:46Z,200,application/json,2773016,b59d9fe2f111bacb562ce627fb14e9c8e1407401bd39a71e9ee772aff4c05b43,"W/""2a5018-SEaMPb4E/aivPOK03DHtjpi4iyw""",,changed,raw/apify.store.actors/2026/09/20260930T095946Z-b59d9fe2f111.json.gz,,"projected:userPictureUrl,pictureUrl,url"
apify.store.actors,https://api.apify.com/v2/store?limit=1000&offset=6000&category=AUTOMATION,2026-09-30T09:59:48Z,200,application/json,3049026,feee238ec5a8cc613c5916a72210877560b011f76dddda4ab4982ac95dc8dc80,"W/""2e8642-VHUaRmiSc8K+8/sY78hK3wf77HQ""",,changed,raw/apify.store.actors/2026/09/20260930T095948Z-feee238ec5a8.json.gz,,"projected:userPictureUrl,pictureUrl,url"
apify.store.actors,https://api.apify.com/v2/store?limit=1000&offset=7000&category=AUTOMATION,2026-09-30T09:59:51Z,200,application/json,3018878,a6feb5869319ec669679cb0f585389149f3c40ef2320a9f5db333b0b3a8425df,"W/""2e107e-gIPEP/8Ug8BAsRZ8U+wkm3LPHq0""",,changed,raw/apify.store.actors/2026/09/20260930T095951Z-a6feb5869319.json.gz,,"projected:userPictureUrl,pictureUrl,url"
apify.store.actors,https://api.apify.com/v2/store?limit=1000&offset=8000&category=AUTOMATION,2026-09-30T09:59:53Z,200,application/json,3170711,2c53515a45b788ce8d6b55bdf91dcec9e75679f62ac4272a9d012003f76a55ca,"W/""306197-LuTbX2KQb4OuCkXIlV62dV4NPoA""",,changed,raw/apify.store.actors/2026/09/20260930T095953Z-2c53515a45b7.json.gz,,"projected:userPictureUrl,pictureUrl,url"
apify.store.actors,https://api.apify.com/v2/store?limit=1000&offset=9000&category=AUTOMATION,2026-09-30T09:59:56Z,200,application/json,3023970,c86e9854dba3cdc2b1769bd8d6fe6372bf367aa40f7db810b4a4e2af0873a751,"W/""2e2462-Wc1fvLYX3hEGPfJDCk5IgR0nKq0""",,changed,raw/apify.store.actors/2026/09/20260930T095956Z-c86e9854dba3.json.gz,,"projected:userPictureUrl,pictureUrl,url"
apify.store.actors,https://api.apify.com/v2/store?limit=1000&offset=10000&category=AUTOMATION,2026-09-30T09:59:59Z,200,application/json,3121708,d81822e31fea9b6f33300b219bbc4e0c074d1078d6f90ee507414fc47d526d45,"W/""2fa22c-sYyN77COyMkjG2475eMTQtOS0tQ""",,changed,raw/apify.store.actors/2026/09/20260930T095959Z-d81822e31fea.json.gz,,"projected:userPictureUrl,pictureUrl,url"
apify.store.actors,https://api.apify.com/v2/store?limit=1000&offset=11000&category=AUTOMATION,2026-09-30T10:00:01Z,200,application/json,3051710,2e811b8d8862b98d94b78716bd257c4b06f7dda08c20c8bdbec468a5cb9a5138,"W/""2e90be-nGyGWPkptxHAgQagLuO1JihN8o4""",,changed,raw/apify.store.actors/2026/09/20260930T100001Z-2e811b8d8862.json.gz,,"projected:userPictureUrl,pictureUrl,url"
apify.store.actors,https://api.apify.com/v2/store?limit=1000&offset=12000&category=AUTOMATION,2026-09-30T10:00:07Z,200,application/json,3112314,f1104a35a5362999dbbf0f9a6284cf6142b80bd51de41e0569a98d4668422706,"W/""2f7d7a-zMU6dw3122m6a/oQgu8ygYILPmY""",,changed,raw/apify.store.actors/2026/09/20260930T100007Z-f1104a35a536.json.gz,,"projected:userPictureUrl,pictureUrl,url"
apify.store.actors,https://api.apify.com/v2/store?limit=1000&offset=13000&category=AUTOMATION,2026-09-30T10:00:09Z,200,application/json,3025443,f162f2f312f83b270cd96ffda632eb0eda7fa332e566630ceb308f93c75968ac,"W/""2e2a23-H99Cnyrf0rwEO4h2xndYJGfT9Ok""",,changed,raw/apify.store.actors/2026/09/20260930T100009Z-f162f2f312f8.json.gz,,"projected:userPictureUrl,pictureUrl,url"
apify.store.actors,https://api.apify.com/v2/store?limit=1000&offset=14000&category=AUTOMATION,2026-09-30T10:00:11Z,200,application/json,3059337,90c433251bc2b118fec245e61e0552477dd1de0c6182ed0ba99bd922aa048e67,"W/""2eae89-FnjpbsWp8o2YhOLeF1RJYaKBHv0""",,changed,raw/apify.store.actors/2026/09/20260930T100011Z-90c433251bc2.json.gz,,"projected:userPictureUrl,pictureUrl,url"
apify.store.actors,https://api.apify.com/v2/store?limit=1000&offset=15000&category=AUTOMATION,2026-09-30T10:00:14Z,200,application/json,2933108,0e60509d095d420546462965559b7e0c562017c0ad9bae548251062bd2f03405,"W/""2cc174-h8N2tM6/gM+MQ5NfwrEuJi6G6GY""",,changed,raw/apify.store.actors/2026/09/20260930T100014Z-0e60509d095d.json.gz,,"projected:userPictureUrl,pictureUrl,url"
apify.store.actors,https://api.apify.com/v2/store?limit=1000&offset=0&category=LEAD_GENERATION,2026-09-30T10:00:17Z,200,application/json,3879878,69ebb67db10ec1011b6329cbc0be15a3b1f5f5176d75f94f98ce20a374376f76,"W/""3b33c6-ycdbAvm7cgojhI689pxAq8cfWOc""",,changed,raw/apify.store.actors/2026/09/20260930T100017Z-69ebb67db10e.json.gz,,"projected:userPictureUrl,pictureUrl,url"
apify.store.actors,https://api.apify.com/v2/store?limit=1000&offset=1000&category=LEAD_GENERATION,2026-09-30T10:00:20Z,200,application/json,3521082,eb392a7fc592a76c0b218da586207bfc614ef3cfb334e6d58d863de80049e4d7,"W/""35ba3a-WO0FW6Qe5biNbKSyA6crMQaIMW4""",,changed,raw/apify.store.actors/2026/09/20260930T100020Z-eb392a7fc592.json.gz,,"projected:userPictureUrl,pictureUrl,url"
apify.store.actors,https://api.apify.com/v2/store?limit=1000&offset=2000&category=LEAD_GENERATION,2026-09-30T10:00:23Z,200,application/json,3510777,52642f6049b5d70690a2818e393f32ee664728898f1511ee46a8602d143a183a,"W/""3591f9-76RaiIz3DKi875R37xeay0M4cXY""",,changed,raw/apify.store.actors/2026/09/20260930T100023Z-52642f6049b5.json.gz,,"projected:userPictureUrl,pictureUrl,url"
apify.store.actors,https://api.apify.com/v2/store?limit=1000&offset=3000&category=LEAD_GENERATION,2026-09-30T10:00:26Z,200,application/json,3234607,deded2a9b5eebeab47270fe25c7c7e6a65a963d22f855610e331f21d9d808078,"W/""315b2f-OA22kRv1vltQRtxG06Ay9Hlu3o8""",,changed,raw/apify.store.actors/2026/09/20260930T100026Z-deded2a9b5ee.json.gz,,"projected:userPictureUrl,pictureUrl,url"
apify.store.actors,https://api.apify.com/v2/store?limit=1000&offset=4000&category=LEAD_GENERATION,2026-09-30T10:00:29Z,200,application/json,2988222,e910c55f78efa9803bae83e06d06b3f27be5d2744b099b5eb8edf61ea217e5ea,"W/""2d98be-n32Js9mX9lJy1MmCg+bP3hBNK9c""",,changed,raw/apify.store.actors/2026/09/20260930T100029Z-e910c55f78ef.json.gz,,"projected:userPictureUrl,pictureUrl,url"
apify.store.actors,https://api.apify.com/v2/store?limit=1000&offset=5000&category=LEAD_GENERATION,2026-09-30T10:00:32Z,200,application/json,3055473,a8b6da00d39a3a8fa90b26a21f7f14e7ab688069ded85277d0f98152964b9148,"W/""2e9f71-PnSz5XIaFDxbvknQnrxFF0v75hE""",,changed,raw/apify.store.actors/2026/09/20260930T100032Z-a8b6da00d39a.json.gz,,"projected:userPictureUrl,pictureUrl,url"
apify.store.actors,https://api.apify.com/v2/store?limit=1000&offset=6000&category=LEAD_GENERATION,2026-09-30T10:00:35Z,200,application/json,3192951,0d5546e85ea0fb4b0778954e967cb94a4391d6130d330676b9d3c97c1f998827,"W/""30b877-4Z6WAy67js/Dhf1XD/IaOH2CNaU""",,changed,raw/apify.store.actors/2026/09/20260930T100035Z-0d5546e85ea0.json.gz,,"projected:userPictureUrl,pictureUrl,url"
apify.store.actors,https://api.apify.com/v2/store?limit=1000&offset=7000&category=LEAD_GENERATION,2026-09-30T10:00:38Z,200,application/json,3262908,a67e264d0bcccef459a1786d7d0de3d5270225f514a8db993884c25350feab5c,"W/""31c9bc-OLuAtFF0p2AkDMU0QYvNI3QCUQM""",,changed,raw/apify.store.actors/2026/09/20260930T100038Z-a67e264d0bcc.json.gz,,"projected:userPictureUrl,pictureUrl,url"
apify.store.actors,https://api.apify.com/v2/store?limit=1000&offset=8000&category=LEAD_GENERATION,2026-09-30T10:00:40Z,200,application/json,3180114,09e59246066c3406f9e2f723a1993ff9e07ef4e12e8e8b644f35484df0034226,"W/""308652-HbpL4L1XBE/mXuRZ0bIYFM0nago""",,changed,raw/apify.store.actors/2026/09/20260930T100040Z-09e59246066c.json.gz,,"projected:userPictureUrl,pictureUrl,url"
apify.store.actors,https://api.apify.com/v2/store?limit=1000&offset=9000&category=LEAD_GENERATION,2026-09-30T10:00:43Z,200,application/json,3225512,9ff10ffa68ea474093a5f0987ee8c7cdc3811fab8f500272f73662ad80923c07,"W/""3137a8-gaBL2dVHuaJAX+Hz3HIHd2rAv+c""",,changed,raw/apify.store.actors/2026/09/20260930T100043Z-9ff10ffa68ea.json.gz,,"projected:userPictureUrl,pictureUrl,url"
apify.store.actors,https://api.apify.com/v2/store?limit=1000&offset=10000&category=LEAD_GENERATION,2026-09-30T10:00:46Z,200,application/json,3238937,0e2e008eb0cc303e2e0553fb64fe3bed2492eb6e5087b3c809a0282a35941015,"W/""316c19-rfEnZGBZs0cozPw/GsKDSL0/huw""",,changed,raw/apify.store.actors/2026/09/20260930T100046Z-0e2e008eb0cc.json.gz,,"projected:userPictureUrl,pictureUrl,url"
apify.store.actors,https://api.apify.com/v2/store?limit=1000&offset=11000&category=LEAD_GENERATION,2026-09-30T10:00:49Z,200,application/json,2786545,815e59ca6dec690f1dd9fcaefaebad0675835eabe22629dec3f418114a81b0f2,"W/""2a84f1-+P7D3+aQo01NlRtH2uMwMya2rrY""",,changed,raw/apify.store.actors/2026/09/20260930T100049Z-815e59ca6dec.json.gz,,"projected:userPictureUrl,pictureUrl,url"
apify.store.actors,https://api.apify.com/v2/store?limit=1000&offset=12000&category=LEAD_GENERATION,2026-09-30T10:00:52Z,200,application/json,2881401,41c8ece333dd2fd6fcdafe95fa902c024dc72d87b665b0e00009ceea6ddcd5cb,"W/""2bf779-FFrDqTRJws3ksiQYQnkqzYxGcTA""",,changed,raw/apify.store.actors/2026/09/20260930T100052Z-41c8ece333dd.json.gz,,"projected:userPictureUrl,pictureUrl,url"
apify.store.actors,https://api.apify.com/v2/store?limit=1000&offset=13000&category=LEAD_GENERATION,2026-09-30T10:00:54Z,200,application/json,2953243,7a388181729807a5e75e887d700040af6b619e5c7f384437b3838a2bbfed92dd,"W/""2d101b-25F4GjEujI98mnYezAQ1Dh5tS/I""",,changed,raw/apify.store.actors/2026/09/20260930T100054Z-7a3881817298.json.gz,,"projected:userPictureUrl,pictureUrl,url"
apify.store.actors,https://api.apify.com/v2/store?limit=1000&offset=14000&category=LEAD_GENERATION,2026-09-30T10:00:57Z,200,application/json,2824362,f6191787741d0d727d380a624edc0cec6a2f9361d702ee6b279f23d5b90c27be,"W/""2b18aa-mrkYADIYKfHwxmJCDpsrBMyAaN8""",,changed,raw/apify.store.actors/2026/09/20260930T100057Z-f6191787741d.json.gz,,"projected:userPictureUrl,pictureUrl,url"
apify.store.actors,https://api.apify.com/v2/store?limit=1000&offset=15000&category=LEAD_GENERATION,2026-09-30T10:01:00Z,200,application/json,3003942,ab92a34101b775e99d96a29e67be4113080c4d3edd8eb75c14e23c5d59f44b81,"W/""2dd626-LmV2MwOK8htK/PdAdSD7bSAnd0c""",,changed,raw/apify.store.actors/2026/09/20260930T100100Z-ab92a34101b7.json.gz,,"projected:userPictureUrl,pictureUrl,url"
apify.store.actors,https://api.apify.com/v2/store?limit=1000&offset=0&category=DEVELOPER_TOOLS,2026-09-30T10:01:03Z,200,application/json,3734347,5c925d5db375176c1528c858c0fae312dd575dcb1b14015bbf0cfbf36b88d31d,"W/""38fb4b-Y40EPHCF3Km20bUGaWiFzb9bG9I""",,changed,raw/apify.store.actors/2026/09/20260930T100103Z-5c925d5db375.json.gz,,"projected:userPictureUrl,pictureUrl,url"
apify.store.actors,https://api.apify.com/v2/store?limit=1000&offset=1000&category=DEVELOPER_TOOLS,2026-09-30T10:01:06Z,200,application/json,3554396,380157b382f14d77976c38b60726312778781e51a48b36ba544d4b5982ce5900,"W/""363c5c-c7Jx96ORclqKTdosaCv6lfQ3d4E""",,changed,raw/apify.store.actors/2026/09/20260930T100106Z-380157b382f1.json.gz,,"projected:userPictureUrl,pictureUrl,url"
apify.store.actors,https://api.apify.com/v2/store?limit=1000&offset=2000&category=DEVELOPER_TOOLS,2026-09-30T10:01:10Z,200,application/json,3028755,97fbd8aacf9ba5da64c60c8cfa06d9c5beccbe681363710cc444737190d044ff,"W/""2e3713-/oLETp0pegC/LnIqi/4VW+t57Os""",,changed,raw/apify.store.actors/2026/09/20260930T100110Z-97fbd8aacf9b.json.gz,,"projected:userPictureUrl,pictureUrl,url"
apify.store.actors,https://api.apify.com/v2/store?limit=1000&offset=3000&category=DEVELOPER_TOOLS,2026-09-30T10:01:12Z,200,application/json,3015006,70fb90563e2d394956d3aa747a3be0bb6491b64d6f852a77dd7bda3bd26db46e,"W/""2e015e-HWLNSpoQCP+yjgZ4XuuOvxmZj90""",,changed,raw/apify.store.actors/2026/09/20260930T100112Z-70fb90563e2d.json.gz,,"projected:userPictureUrl,pictureUrl,url"
apify.store.actors,https://api.apify.com/v2/store?limit=1000&offset=4000&category=DEVELOPER_TOOLS,2026-09-30T10:01:15Z,200,application/json,2961658,21fecfbbd9c856c8e9c68a848bab759d19256308f02d4ff77088805cdce1304e,"W/""2d30fa-3n/cotGU1Df5XhEbGFAEFV4wifI""",,changed,raw/apify.store.actors/2026/09/20260930T100115Z-21fecfbbd9c8.json.gz,,"projected:userPictureUrl,pictureUrl,url"
apify.store.actors,https://api.apify.com/v2/store?limit=1000&offset=5000&category=DEVELOPER_TOOLS,2026-09-30T10:01:18Z,200,application/json,2984223,0744a67f0cb753837187b17410d2516f27d5dcaccab2bfa51d29da151abfdab1,"W/""2d891f-VSEBh2RB5mImCdbIa5YpmMNLBHE""",,changed,raw/apify.store.actors/2026/09/20260930T100118Z-0744a67f0cb7.json.gz,,"projected:userPictureUrl,pictureUrl,url"
apify.store.actors,https://api.apify.com/v2/store?limit=1000&offset=6000&category=DEVELOPER_TOOLS,2026-09-30T10:01:20Z,200,application/json,2979463,58321742572f8a1c15ac0f58768e8c018c1b4ea6ca23de196e36bf147cfb8ab3,"W/""2d7687-DulquG2LZBkPRcDj7Y0IK4zK7Ac""",,changed,raw/apify.store.actors/2026/09/20260930T100120Z-58321742572f.json.gz,,"projected:userPictureUrl,pictureUrl,url"
apify.store.actors,https://api.apify.com/v2/store?limit=1000&offset=7000&category=DEVELOPER_TOOLS,2026-09-30T10:01:23Z,200,application/json,3040649,74d12c21e161176eb33e0ff10285195cf04204a23736e3c01e03e71a1c2aa021,"W/""2e6589-0iqltfvZvlx1fLQF11yovBOiQM4""",,changed,raw/apify.store.actors/2026/09/20260930T100123Z-74d12c21e161.json.gz,,"projected:userPictureUrl,pictureUrl,url"
apify.store.actors,https://api.apify.com/v2/store?limit=1000&offset=8000&category=DEVELOPER_TOOLS,2026-09-30T10:01:26Z,200,application/json,2881905,13d38d882fc9be1597931c4adb0c0310297504935aaa8b109c035f8312c269b7,"W/""2bf971-H16Y6Ml5eqGlZ+8W4J3yegM1INU""",,changed,raw/apify.store.actors/2026/09/20260930T100126Z-13d38d882fc9.json.gz,,"projected:userPictureUrl,pictureUrl,url"
apify.store.actors,https://api.apify.com/v2/store?limit=1000&offset=9000&category=DEVELOPER_TOOLS,2026-09-30T10:01:29Z,200,application/json,2563518,3af1826ba4f5b092b61b627300aea0ffa9e2618ae9ddc5d2b7190590be89cda3,"W/""271dbe-h5CyJ0FDT90v8NXqXnPOR2u6CzM""",,changed,raw/apify.store.actors/2026/09/20260930T100129Z-3af1826ba4f5.json.gz,,"projected:userPictureUrl,pictureUrl,url"
apify.store.actors,https://api.apify.com/v2/store?limit=1000&offset=10000&category=DEVELOPER_TOOLS,2026-09-30T10:01:31Z,200,application/json,2758259,f12849bb4baae9548cadf8cf982db60aa83784ef4df257459b0daa1a068a31d1,"W/""2a1673-dE3WbqMCiYm/HfVOOdFox7X0xzY""",,changed,raw/apify.store.actors/2026/09/20260930T100131Z-f12849bb4baa.json.gz,,"projected:userPictureUrl,pictureUrl,url"
apify.store.actors,https://api.apify.com/v2/store?limit=1000&offset=11000&category=DEVELOPER_TOOLS,2026-09-30T10:01:34Z,200,application/json,2513695,0cfd67cd24b5b742607cb71fa5eb3ea48ed92b8448bf9ba5f174a7f438ef0a0b,"W/""265b1f-t44LE3cv6qbnSs5+cvXXMudoPww""",,changed,raw/apify.store.actors/2026/09/20260930T100134Z-0cfd67cd24b5.json.gz,,"projected:userPictureUrl,pictureUrl,url"
apify.store.actors,https://api.apify.com/v2/store?limit=1000&offset=12000&category=DEVELOPER_TOOLS,2026-09-30T10:01:37Z,200,application/json,2852305,7299aef8b4617730c6d08d0b97f4a6760ec5bad4ce205f7be06e718094551362,"W/""2b85d1-pnz84Bf5bis9qB31CoqNGLtS3T8""",,changed,raw/apify.store.actors/2026/09/20260930T100137Z-7299aef8b461.json.gz,,"projected:userPictureUrl,pictureUrl,url"
apify.store.actors,https://api.apify.com/v2/store?limit=1000&offset=13000&category=DEVELOPER_TOOLS,2026-09-30T10:01:39Z,200,application/json,2728755,0e283ec53e04f883a4de9c38e9a47cb7d58ffcb5b8b5137d8c45a7887dfc55d4,"W/""29a333-NGqZdCeUG9KEurU2OpvWgPr/nd4""",,changed,raw/apify.store.actors/2026/09/20260930T100139Z-0e283ec53e04.json.gz,,"projected:userPictureUrl,pictureUrl,url"
apify.store.actors,https://api.apify.com/v2/store?limit=1000&offset=14000&category=DEVELOPER_TOOLS,2026-09-30T10:01:42Z,200,application/json,2563729,794fce5e4cfbd8b76c425f9afe0b9a7eeee9d9ad3ac9f60ec30b171b1f6168f9,"W/""271e91-TMTp/M4inKukRMw5ird2T1Z5+BM""",,changed,raw/apify.store.actors/2026/09/20260930T100142Z-794fce5e4cfb.json.gz,,"projected:userPictureUrl,pictureUrl,url"
apify.store.actors,https://api.apify.com/v2/store?limit=1000&offset=15000&category=DEVELOPER_TOOLS,2026-09-30T10:01:44Z,200,application/json,2956493,1d08724be63049ca19b38b3b6174cc0032f9b96395f8659322bc366baf98e32c,"W/""2d1ccd-5R+ep+xMEXH1JbeGaS+JwmRrz1E""",,changed,raw/apify.store.actors/2026/09/20260930T100144Z-1d08724be630.json.gz,,"projected:userPictureUrl,pictureUrl,url"
apify.store.actors,https://api.apify.com/v2/store?limit=1000&offset=0&category=SOCIAL_MEDIA,2026-09-30T10:01:47Z,200,application/json,3918727,46e262bc7a7cdccaea14fe6fdcc57bf8bc1d4640c5e11c4974e2aac733ebb9ea,"W/""3bcb87-9FPedu441z8w67Kf2SuiwBpekbg""",,changed,raw/apify.store.actors/2026/09/20260930T100147Z-46e262bc7a7c.json.gz,,"projected:userPictureUrl,pictureUrl,url"
apify.store.actors,https://api.apify.com/v2/store?limit=1000&offset=1000&category=SOCIAL_MEDIA,2026-09-30T10:01:50Z,200,application/json,3471228,f7c35ea014a2c38cd68fe2e395e3baf5e8987eeb070cf7160145290034929e4d,"W/""34f77c-TCBCzYajd9s3wYDwO2/LzpGBagg""",,changed,raw/apify.store.actors/2026/09/20260930T100150Z-f7c35ea014a2.json.gz,,"projected:userPictureUrl,pictureUrl,url"
apify.store.actors,https://api.apify.com/v2/store?limit=1000&offset=2000&category=SOCIAL_MEDIA,2026-09-30T10:01:52Z,200,application/json,2839775,44680f7f95883fa8755d56018dd31ece6bca1f602642626581fa23b79bd1db36,"W/""2b54df-Ur7WT8G2hMAZxowWBEPy1WUbI44""",,changed,raw/apify.store.actors/2026/09/20260930T100152Z-44680f7f9588.json.gz,,"projected:userPictureUrl,pictureUrl,url"
apify.store.actors,https://api.apify.com/v2/store?limit=1000&offset=3000&category=SOCIAL_MEDIA,2026-09-30T10:01:55Z,200,application/json,2870940,409f6243c691ecb535dd7fc845a67a49eabdc72a542bc244f806e8ee8b473cce,"W/""2bce9c-wKM6wnrSlBaWOfEXqu9B3Er3oG0""",,changed,raw/apify.store.actors/2026/09/20260930T100155Z-409f6243c691.json.gz,,"projected:userPictureUrl,pictureUrl,url"
apify.store.actors,https://api.apify.com/v2/store?limit=1000&offset=4000&category=SOCIAL_MEDIA,2026-09-30T10:01:58Z,200,application/json,2997140,aaccb0e0c341ed56217737ad6d6b889cfe1fa082571baccd125dc74ba956a23d,"W/""2dbb94-01T95GF/Gau13nG+3LrNyhbw4ps""",,changed,raw/apify.store.actors/2026/09/20260930T100158Z-aaccb0e0c341.json.gz,,"projected:userPictureUrl,pictureUrl,url"
apify.store.actors,https://api.apify.com/v2/store?limit=1000&offset=5000&category=SOCIAL_MEDIA,2026-09-30T10:02:00Z,200,application/json,3009447,65b49f3a2b76b80cf423930d54ffa82ba452d1388269d52221247824c9700584,"W/""2deba7-fCQEFRcJYX71EEDQO5el3L0VoOc""",,changed,raw/apify.store.actors/2026/09/20260930T100200Z-65b49f3a2b76.json.gz,,"projected:userPictureUrl,pictureUrl,url"
apify.store.actors,https://api.apify.com/v2/store?limit=1000&offset=6000&category=SOCIAL_MEDIA,2026-09-30T10:02:03Z,200,application/json,3118141,ed276d3b18262de45866733751f7338d262beb796e416cad58f0943aa441fe24,"W/""2f943d-nsGOx7TjNNrWFxOZnWB1r841Shk""",,changed,raw/apify.store.actors/2026/09/20260930T100203Z-ed276d3b1826.json.gz,,"projected:userPictureUrl,pictureUrl,url"
apify.store.actors,https://api.apify.com/v2/store?limit=1000&offset=7000&category=SOCIAL_MEDIA,2026-09-30T10:02:06Z,200,application/json,2647446,1b3695bafa314c70fcdf345203c0be6c998a81a244f51d9595aff3c18af2851b,"W/""286596-9Du2T0azhQFtIk/Dc122qpYzNck""",,changed,raw/apify.store.actors/2026/09/20260930T100206Z-1b3695bafa31.json.gz,,"projected:userPictureUrl,pictureUrl,url"
apify.store.actors,https://api.apify.com/v2/store?limit=1000&offset=8000&category=SOCIAL_MEDIA,2026-09-30T10:02:08Z,200,application/json,3158816,43e543c8ef0fe39bd56637f0ee24e292e824336f7888ecd9120214a61ab8e02a,"W/""303320-R36GGctxKHjx2VZt3t8dVR8tbPI""",,changed,raw/apify.store.actors/2026/09/20260930T100208Z-43e543c8ef0f.json.gz,,"projected:userPictureUrl,pictureUrl,url"
apify.store.actors,https://api.apify.com/v2/store?limit=1000&offset=9000&category=SOCIAL_MEDIA,2026-09-30T10:02:11Z,200,application/json,3072619,2e0bef82eec294298dee47f203f1971c77a5c8fbbe0a2c78d46cd18aab6009d8,"W/""2ee26b-Pk2Y94NSHnTY9j/QDGTmOtjDsCU""",,changed,raw/apify.store.actors/2026/09/20260930T100211Z-2e0bef82eec2.json.gz,,"projected:userPictureUrl,pictureUrl,url"
apify.store.actors,https://api.apify.com/v2/store?limit=1000&offset=10000&category=SOCIAL_MEDIA,2026-09-30T10:02:14Z,200,application/json,2075462,3193870cc0f8d9b5be99bd9a64aba47e3ef31ca235359ef23e6d02164a0a3c6d,"W/""1fab46-oM/J1tACLT5Z6FXxpvxwRIXB1I0""",,changed,raw/apify.store.actors/2026/09/20260930T100214Z-3193870cc0f8.json.gz,,"projected:userPictureUrl,pictureUrl,url"
apify.store.actors,https://api.apify.com/v2/store?limit=1000&offset=0&category=ECOMMERCE,2026-09-30T10:02:16Z,200,application/json,3632102,23d915517b77aa35b7f542d263ff787d7248b26505f44e9321712574865acfdb,"W/""376be6-ftCMSlTZP2ukfBgtrSg70vIYSp8""",,changed,raw/apify.store.actors/2026/09/20260930T100216Z-23d915517b77.json.gz,,"projected:userPictureUrl,pictureUrl,url"
apify.store.actors,https://api.apify.com/v2/store?limit=1000&offset=1000&category=ECOMMERCE,2026-09-30T10:02:19Z,200,application/json,3425697,f55c5ae536f6f8f1cca0a6c65bed76fec37f434223939b9e2d96c890c319e9cf,"W/""3445a1-kzr+PoXtB+pb4yhIkJTeUy4hjx0""",,changed,raw/apify.store.actors/2026/09/20260930T100219Z-f55c5ae536f6.json.gz,,"projected:userPictureUrl,pictureUrl,url"
apify.store.actors,https://api.apify.com/v2/store?limit=1000&offset=2000&category=ECOMMERCE,2026-09-30T10:02:22Z,200,application/json,2814776,d1a3cde7a5864697ce6c60bdd16e6a60c40ea930bf27c8e5674561d3b5f7211c,"W/""2af338-JX8BRIRZv0Xm8F+06W5zCsZyJO0""",,changed,raw/apify.store.actors/2026/09/20260930T100222Z-d1a3cde7a586.json.gz,,"projected:userPictureUrl,pictureUrl,url"
apify.store.actors,https://api.apify.com/v2/store?limit=1000&offset=3000&category=ECOMMERCE,2026-09-30T10:02:24Z,200,application/json,2909945,faca38f4b8e4dbc2763ca01ef6506d095ce11b569686f81de8fa48eba861d10e,"W/""2c66f9-/0gyYG6yqNcoKq4P2hedH7Z4kZA""",,changed,raw/apify.store.actors/2026/09/20260930T100224Z-faca38f4b8e4.json.gz,,"projected:userPictureUrl,pictureUrl,url"
apify.store.actors,https://api.apify.com/v2/store?limit=1000&offset=4000&category=ECOMMERCE,2026-09-30T10:02:27Z,200,application/json,2389095,c1507145807780ea9c3261ca4b60c46193a879d95f6530e9ca4d5720c9eb3f5c,"W/""247467-KMA8xXU+c2AI4Ja4KfaBYJ+n45E""",,changed,raw/apify.store.actors/2026/09/20260930T100227Z-c15071458077.json.gz,,"projected:userPictureUrl,pictureUrl,url"
apify.store.actors,https://api.apify.com/v2/store?limit=1000&offset=5000&category=ECOMMERCE,2026-09-30T10:02:29Z,200,application/json,2788918,e6ab6fa289b9b2acb74b04cba51e53036ef02060d07eaef9661ec43e6dc10828,"W/""2a8e36-QDdyJ2qiwi//PVhcKD1Qo2PRdiY""",,changed,raw/apify.store.actors/2026/09/20260930T100229Z-e6ab6fa289b9.json.gz,,"projected:userPictureUrl,pictureUrl,url"
apify.store.actors,https://api.apify.com/v2/store?limit=1000&offset=6000&category=ECOMMERCE,2026-09-30T10:02:32Z,200,application/json,2974289,77635e17e0c4b93cbdd986333564957e6ef35b7fa91af1c0ad4bb68f36cc30f0,"W/""2d6251-duF2YQVIoEe7zcBO0f+DH0mpmCs""",,changed,raw/apify.store.actors/2026/09/20260930T100232Z-77635e17e0c4.json.gz,,"projected:userPictureUrl,pictureUrl,url"
apify.store.actors,https://api.apify.com/v2/store?limit=1000&offset=7000&category=ECOMMERCE,2026-09-30T10:02:35Z,200,application/json,2824529,00d92a5683f8f23b62a0f6375190f55e578185b28190c5f1d69b4698c61cf682,"W/""2b1951-x3dUC1GxYxxNAFGe9o9+eNS/1U0""",,changed,raw/apify.store.actors/2026/09/20260930T100235Z-00d92a5683f8.json.gz,,"projected:userPictureUrl,pictureUrl,url"
apify.store.actors,https://api.apify.com/v2/store?limit=1000&offset=8000&category=ECOMMERCE,2026-09-30T10:02:37Z,200,application/json,2753400,d2bd651037b3a6b487eca2170bb858ed12a89e5816abac77708dacece1d850d9,"W/""2a0378-IaLCYrVXFYTYauwmW83O9IWlebU""",,changed,raw/apify.store.actors/2026/09/20260930T100237Z-d2bd651037b3.json.gz,,"projected:userPictureUrl,pictureUrl,url"
apify.store.actors,https://api.apify.com/v2/store?limit=1000&offset=9000&category=ECOMMERCE,2026-09-30T10:02:40Z,200,application/json,3027588,4aacce4e95c33342353af728e83103cb05ed7cd523d6db33f420f61c76816060,"W/""2e3284-Gx6qvGuibWDiOneS412usUS0Mug""",,changed,raw/apify.store.actors/2026/09/20260930T100240Z-4aacce4e95c3.json.gz,,"projected:userPictureUrl,pictureUrl,url"
apify.store.actors,https://api.apify.com/v2/store?limit=1000&offset=10000&category=ECOMMERCE,2026-09-30T10:02:42Z,200,application/json,2914572,dc4c02df82cc3e38e6fe5ff80b1e06d26fca72ca387f9c4ca8d317823475ad0a,"W/""2c790c-eyDeWInRMCwRFxjNExGcFG6FER8""",,changed,raw/apify.store.actors/2026/09/20260930T100242Z-dc4c02df82cc.json.gz,,"projected:userPictureUrl,pictureUrl,url"
apify.store.actors,https://api.apify.com/v2/store?limit=1000&offset=11000&category=ECOMMERCE,2026-09-30T10:02:45Z,200,application/json,3076348,701c9fa864fd9da6093dfd297e9d69a6367623d7f76d1ba8e2515b40affacf2f,"W/""2ef0fc-wDjhENWQAoPlZk921miUA3gNO1c""",,changed,raw/apify.store.actors/2026/09/20260930T100245Z-701c9fa864fd.json.gz,,"projected:userPictureUrl,pictureUrl,url"
apify.store.actors,https://api.apify.com/v2/store?limit=1000&offset=12000&category=ECOMMERCE,2026-09-30T10:02:48Z,200,application/json,3040878,7e12bfe86b6bc135c5e429ad718e2e5c3a556b7c733e2f7f524bd351f39a4a71,"W/""2e666e-7gCxJv8UpE/yYViASEZaV12tuws""",,changed,raw/apify.store.actors/2026/09/20260930T100248Z-7e12bfe86b6b.json.gz,,"projected:userPictureUrl,pictureUrl,url"
apify.store.actors,https://api.apify.com/v2/store?limit=1000&offset=13000&category=ECOMMERCE,2026-09-30T10:02:50Z,200,application/json,2267842,0764ee25a23ca1eeaf98aefcfa614a9d3d641efc5e4f58cbe68dcaec75d0e3e2,"W/""229ac2-gbNE44+1GN2v6vdw3wmQGSa5+SM""",,changed,raw/apify.store.actors/2026/09/20260930T100250Z-0764ee25a23c.json.gz,,"projected:userPictureUrl,pictureUrl,url"
apify.store.actors,https://api.apify.com/v2/store?limit=1000&offset=0&category=OTHER,2026-09-30T10:02:53Z,200,application/json,3324560,257c52a747958e984bd185e880f8155b4a9c0e3c42e3a3f23b14d4894b4dd96f,"W/""32ba90-4iNKta2hPYaaShRm/Is5WiYrONQ""",,changed,raw/apify.store.actors/2026/09/20260930T100253Z-257c52a74795.json.gz,,"projected:userPictureUrl,pictureUrl,url"
apify.store.actors,https://api.apify.com/v2/store?limit=1000&offset=1000&category=OTHER,2026-09-30T10:02:55Z,200,application/json,3013292,a149c9c65b863e1be1c2158828bce69a5dcc731668e8e0e366a1c493334b3d27,"W/""2dfaac-mHWpTpWKnVTrpwrar0RSwx7mJwk""",,changed,raw/apify.store.actors/2026/09/20260930T100255Z-a149c9c65b86.json.gz,,"projected:userPictureUrl,pictureUrl,url"
apify.store.actors,https://api.apify.com/v2/store?limit=1000&offset=2000&category=OTHER,2026-09-30T10:02:58Z,200,application/json,2896411,1a35df787995baa992c63e9c3f7ba3a6ed890ea3f7b8e42bcff06b45e92ab690,"W/""2c321b-9Kpu/dbkxrjcAAJIMa0vO/3Bf8g""",,changed,raw/apify.store.actors/2026/09/20260930T100258Z-1a35df787995.json.gz,,"projected:userPictureUrl,pictureUrl,url"
apify.store.actors,https://api.apify.com/v2/store?limit=1000&offset=3000&category=OTHER,2026-09-30T10:03:00Z,200,application/json,2934133,3c4425bb7ee223e60e9dd1468978606a7be4a6f748e06a5e17e0b2fcb1dc2ae6,"W/""2cc575-/GtdCUGRcwwIQgaHiRv+uPZmzxw""",,changed,raw/apify.store.actors/2026/09/20260930T100300Z-3c4425bb7ee2.json.gz,,"projected:userPictureUrl,pictureUrl,url"
apify.store.actors,https://api.apify.com/v2/store?limit=1000&offset=4000&category=OTHER,2026-09-30T10:03:03Z,200,application/json,2895947,1eccda004aebdde1d70054bac457719b69b071b47b19c01b87c51e5d5d93d80a,"W/""2c304b-G46JNVCWonGGgzMYDuGiKh9eKhg""",,changed,raw/apify.store.actors/2026/09/20260930T100303Z-1eccda004aeb.json.gz,,"projected:userPictureUrl,pictureUrl,url"
apify.store.actors,https://api.apify.com/v2/store?limit=1000&offset=5000&category=OTHER,2026-09-30T10:03:05Z,200,application/json,2906922,f2987805be4ef6dacfee273dcff92fda9d62d833859a8b40c21ed2a11a6b8f21,"W/""2c5b2a-Iyaug316D4lH9RiCY/Ggm5hae2U""",,changed,raw/apify.store.actors/2026/09/20260930T100305Z-f2987805be4e.json.gz,,"projected:userPictureUrl,pictureUrl,url"
apify.store.actors,https://api.apify.com/v2/store?limit=1000&offset=6000&category=OTHER,2026-09-30T10:03:08Z,200,application/json,2766099,73bd16c0c1b621fc09b06bf7e25285cc4b1b13e76a22e898c0806158c85ffa19,"W/""2a3513-iocpWnaNcEelrWJHoVcoYxcO/eo""",,changed,raw/apify.store.actors/2026/09/20260930T100308Z-73bd16c0c1b6.json.gz,,"projected:userPictureUrl,pictureUrl,url"
apify.store.actors,https://api.apify.com/v2/store?limit=1000&offset=7000&category=OTHER,2026-09-30T10:03:11Z,200,application/json,184311,c5511c43d71f084933f6f1700bbea73dbf9f802664e95c998572ee7db4e33ab1,"W/""2cff7-/l279si/azbLeio2K8bWXloIicA""",,quarantined,quarantine/apify.store.actors/2026/09/20260930T100311Z-c5511c43d71f.json.gz,shrunk_92_pct,"projected:userPictureUrl,pictureUrl,url"
apify.store.actors,https://api.apify.com/v2/store?limit=1000&offset=0&category=AI,2026-09-30T10:03:12Z,200,application/json,3454775,8ab08df42dba5593547057ee0b32209cee524e13cbffb9f25c8b162cf569b741,"W/""34b737-kE3dTG5zD/7/VffSjpJD4PRDnSU""",,changed,raw/apify.store.actors/2026/09/20260930T100312Z-8ab08df42dba.json.gz,,"projected:userPictureUrl,pictureUrl,url"
apify.store.actors,https://api.apify.com/v2/store?limit=1000&offset=1000&category=AI,2026-09-30T10:03:16Z,200,application/json,2812948,fd23369a3c815ce9b58d6c1ac5510c27ac7c34762ae04b576af2bafa333e434b,"W/""2aec14-ITuTqw4WWuX0pPdEYEW715uvbEY""",,changed,raw/apify.store.actors/2026/09/20260930T100316Z-fd23369a3c81.json.gz,,"projected:userPictureUrl,pictureUrl,url"
apify.store.actors,https://api.apify.com/v2/store?limit=1000&offset=2000&category=AI,2026-09-30T10:03:18Z,200,application/json,2565767,968421130ea721aef501328b5e1b45b572a09dec9bdb1bd96f57c95dffe37aff,"W/""272687-0kCSJFt7gtjNkslpn+sJ41ugPQQ""",,changed,raw/apify.store.actors/2026/09/20260930T100318Z-968421130ea7.json.gz,,"projected:userPictureUrl,pictureUrl,url"
apify.store.actors,https://api.apify.com/v2/store?limit=1000&offset=3000&category=AI,2026-09-30T10:03:21Z,200,application/json,2491736,91ec676f4ef005a2948286c9bcd6ecbc6d35da58647edf461213017d26bddcc1,"W/""260558-SAZOY4sYjSEO7kXI06/XCX6dLXs""",,changed,raw/apify.store.actors/2026/09/20260930T100321Z-91ec676f4ef0.json.gz,,"projected:userPictureUrl,pictureUrl,url"
apify.store.actors,https://api.apify.com/v2/store?limit=1000&offset=4000&category=AI,2026-09-30T10:03:23Z,200,application/json,2308447,6ad2eb2fb5916d4d8902fbc1c6dcfcfc3d35ea8fd0582edf858c62cd83b439cd,"W/""23395f-ZdaWsRaZEI/hhgs3IYJLRSBzeNo""",,changed,raw/apify.store.actors/2026/09/20260930T100323Z-6ad2eb2fb591.json.gz,,"projected:userPictureUrl,pictureUrl,url"
apify.store.actors,https://api.apify.com/v2/store?limit=1000&offset=5000&category=AI,2026-09-30T10:03:26Z,200,application/json,2340439,3d3fc3862c2d556e29ca3d8fdbd6e2c21c445d85c18339cd5357c01f6d25c06c,"W/""23b657-988XRkJZ0WUtuKiZcuWKosVu8EY""",,changed,raw/apify.store.actors/2026/09/20260930T100326Z-3d3fc3862c2d.json.gz,,"projected:userPictureUrl,pictureUrl,url"
apify.store.actors,https://api.apify.com/v2/store?limit=1000&offset=6000&category=AI,2026-09-30T10:03:28Z,200,application/json,2684765,5bb7eb1e8ce57fb9e133ba9fb722def79eb6e83a2878c81989d92209beb24690,"W/""28f75d-ps+l+Gq5DDZzvsWtLcDsMkWfzig""",,changed,raw/apify.store.actors/2026/09/20260930T100328Z-5bb7eb1e8ce5.json.gz,,"projected:userPictureUrl,pictureUrl,url"
apify.store.actors,https://api.apify.com/v2/store?limit=1000&offset=7000&category=AI,2026-09-30T10:03:31Z,200,application/json,2654330,5d7ce068398d7420f6a65136900fae713042d9a7bb14b536fdaced78e5ec5092,"W/""28807a-qmWlFBaUgsdjUx383PB1T2GmzbY""",,changed,raw/apify.store.actors/2026/09/20260930T100331Z-5d7ce068398d.json.gz,,"projected:userPictureUrl,pictureUrl,url"
apify.store.actors,https://api.apify.com/v2/store?limit=1000&offset=8000&category=AI,2026-09-30T10:03:33Z,200,application/json,2467729,f4a8f8e40f29c8754cb65a1bb6e6de1ac4d38bbc6d9e6b9b05e6d1f69febbe12,"W/""25a791-GiX63IRkKrLCPHTlqeyC+GyaJwU""",,changed,raw/apify.store.actors/2026/09/20260930T100333Z-f4a8f8e40f29.json.gz,,"projected:userPictureUrl,pictureUrl,url"
apify.store.actors,https://api.apify.com/v2/store?limit=1000&offset=0&category=JOBS,2026-09-30T10:03:36Z,200,application/json,3335158,9150ac9c2df15316f1fbf6a9bc443c37e26f3ef3cd72e55e9ba91b778c9390d6,"W/""32e3f6-qX5IouzIGLaZv+HajJ9mQldLO5c""",,changed,raw/apify.store.actors/2026/09/20260930T100336Z-9150ac9c2df1.json.gz,,"projected:userPictureUrl,pictureUrl,url"
apify.store.actors,https://api.apify.com/v2/store?limit=1000&offset=1000&category=JOBS,2026-09-30T10:03:39Z,200,application/json,3069863,14ca9687c0ecca0b1c8a3f09d1810dc894df6f37459028f90fb9c9b4be536068,"W/""2ed7a7-WZfQ4z2tY0Dklp8zA1F6jpeRJpg""",,changed,raw/apify.store.actors/2026/09/20260930T100339Z-14ca9687c0ec.json.gz,,"projected:userPictureUrl,pictureUrl,url"
apify.store.actors,https://api.apify.com/v2/store?limit=1000&offset=2000&category=JOBS,2026-09-30T10:03:42Z,200,application/json,3033415,950ef5e562faba2c4195ce8550923eed9948092d6c785c8a27b64b6490100ece,"W/""2e4947-Rfti55dJHFyERZ/QnBZJ0vVzj9E""",,changed,raw/apify.store.actors/2026/09/20260930T100342Z-950ef5e562fa.json.gz,,"projected:userPictureUrl,pictureUrl,url"
apify.store.actors,https://api.apify.com/v2/store?limit=1000&offset=3000&category=JOBS,2026-09-30T10:03:44Z,200,application/json,2747568,de66d6047fd2eead5f7b94d0e88a2c3cd371e0c9d0082dbdf929b1eb9e112e84,"W/""29ecb0-e6ccp/vl/rTJhYfx4F5CW5/zhm8""",,changed,raw/apify.store.actors/2026/09/20260930T100344Z-de66d6047fd2.json.gz,,"projected:userPictureUrl,pictureUrl,url"
apify.store.actors,https://api.apify.com/v2/store?limit=1000&offset=4000&category=JOBS,2026-09-30T10:03:46Z,200,application/json,2937541,45859725096e38b74aead2e8a05b4b5326546fd8f31df3691f655a1f83bc76e0,"W/""2cd2c5-Nc74j2JDX57rharl98BWAnMDTyI""",,changed,raw/apify.store.actors/2026/09/20260930T100346Z-45859725096e.json.gz,,"projected:userPictureUrl,pictureUrl,url"
apify.store.actors,https://api.apify.com/v2/store?limit=1000&offset=5000&category=JOBS,2026-09-30T10:03:49Z,200,application/json,3190600,a89bcca78e591418923ff5672b21a89f43dabd5c4653caed668abd3540e6acde,"W/""30af48-wGrXKSk3MO9x/lacZ3ACIonYbAc""",,changed,raw/apify.store.actors/2026/09/20260930T100349Z-a89bcca78e59.json.gz,,"projected:userPictureUrl,pictureUrl,url"
apify.store.actors,https://api.apify.com/v2/store?limit=1000&offset=6000&category=JOBS,2026-09-30T10:03:52Z,200,application/json,1619717,3f102f31f489bd88eaec473422c032809cebd2e563c312da8f935162138d4ffc,"W/""18b705-GuRBG07da49FSwOEoa0t7LASRAQ""",,changed,raw/apify.store.actors/2026/09/20260930T100352Z-3f102f31f489.json.gz,,"projected:userPictureUrl,pictureUrl,url"
apify.store.actors,https://api.apify.com/v2/store?limit=1000&offset=0&category=REAL_ESTATE,2026-09-30T10:03:54Z,200,application/json,3683563,6e9545a799bab17c32779aeb244a2e734748429f04a443746be3995d2ff6b4a4,"W/""3834eb-1rYBHIqIbeDFR+fyEZFMHjaS6ec""",,changed,raw/apify.store.actors/2026/09/20260930T100354Z-6e9545a799ba.json.gz,,"projected:userPictureUrl,pictureUrl,url"
apify.store.actors,https://api.apify.com/v2/store?limit=1000&offset=1000&category=REAL_ESTATE,2026-09-30T10:03:57Z,200,application/json,3386169,9696e63466928a91e7e202cb10f480f6224924e8a9c8b0abc54380a6aac28c92,"W/""33ab39-usQJwZB9+5k3OXlxHL1C9a+isu8""",,changed,raw/apify.store.actors/2026/09/20260930T100357Z-9696e6346692.json.gz,,"projected:userPictureUrl,pictureUrl,url"
apify.store.actors,https://api.apify.com/v2/store?limit=1000&offset=2000&category=REAL_ESTATE,2026-09-30T10:04:00Z,200,application/json,3247031,b044917bbce3e9d856a2a6f17e3f6f643f351158a083707be19a42026ee0dc9b,"W/""318bb7-f6Ad1pp4pXJMBQH0cqUMBLdAy58""",,changed,raw/apify.store.actors/2026/09/20260930T100400Z-b044917bbce3.json.gz,,"projected:userPictureUrl,pictureUrl,url"
apify.store.actors,https://api.apify.com/v2/store?limit=1000&offset=3000&category=REAL_ESTATE,2026-09-30T10:04:02Z,200,application/json,3169687,d2ce045bb3615bf19ba7d9557dc3ef7b160453f534cb121b611da24299e14bae,"W/""305d97-KOfxKcnxxY+umbk54ycio1u8KVM""",,changed,raw/apify.store.actors/2026/09/20260930T100402Z-d2ce045bb361.json.gz,,"projected:userPictureUrl,pictureUrl,url"
apify.store.actors,https://api.apify.com/v2/store?limit=1000&offset=4000&category=REAL_ESTATE,2026-09-30T10:04:04Z,200,application/json,3350026,a4876a448d35f452f8851788cfea85c6c6e8ca7baf4208b4e48d01786a0441da,"W/""331e0a-irTpgEFTvIp3uQ8nX/ESZBoU2jY""",,changed,raw/apify.store.actors/2026/09/20260930T100404Z-a4876a448d35.json.gz,,"projected:userPictureUrl,pictureUrl,url"
apify.store.actors,https://api.apify.com/v2/store?limit=1000&offset=0&category=BUSINESS,2026-09-30T10:04:07Z,200,application/json,3735252,4f51f122a9c8b62c9a6bc27e8410849c02374786152c411fa46d60907dc51f02,"W/""38fed4-LiaFayXPUAP+AS9B+jtxV0ckE00""",,changed,raw/apify.store.actors/2026/09/20260930T100407Z-4f51f122a9c8.json.gz,,"projected:userPictureUrl,pictureUrl,url"
apify.store.actors,https://api.apify.com/v2/store?limit=1000&offset=1000&category=BUSINESS,2026-09-30T10:04:10Z,200,application/json,3417955,0aa099885e2de796e77dbe7e6a63704528b09d9a7d80d587305e22d8d4a13c7a,"W/""342763-w0r3fT8YJjy8nkrihHrFm97FtKE""",,changed,raw/apify.store.actors/2026/09/20260930T100410Z-0aa099885e2d.json.gz,,"projected:userPictureUrl,pictureUrl,url"
apify.store.actors,https://api.apify.com/v2/store?limit=1000&offset=2000&category=BUSINESS,2026-09-30T10:04:12Z,200,application/json,3048988,84a4f0fc1a1ab337b31d0883db1b659bada12705ca1b074bab58d1998c8496cc,"W/""2e861c-1Z7v7EwG/UQuzttyerz9DD8LsSI""",,changed,raw/apify.store.actors/2026/09/20260930T100412Z-84a4f0fc1a1a.json.gz,,"projected:userPictureUrl,pictureUrl,url"
apify.store.actors,https://api.apify.com/v2/store?limit=1000&offset=3000&category=BUSINESS,2026-09-30T10:04:15Z,200,application/json,3108909,af551066acf293b105f309505bba81740a2d30d8331a58b50a38a63c65eddf43,"W/""2f702d-lIiBGjpdwDJ0SemyD0ry0XB1gDA""",,changed,raw/apify.store.actors/2026/09/20260930T100415Z-af551066acf2.json.gz,,"projected:userPictureUrl,pictureUrl,url"
apify.store.actors,https://api.apify.com/v2/store?limit=1000&offset=4000&category=BUSINESS,2026-09-30T10:04:17Z,200,application/json,2896843,a95f6c231d04d3b0afe732b9a6befbda5f81065094d6a4a561134c311350f978,"W/""2c33cb-YlmS4jznfKvsNvKMxgzc3kciJL0""",,changed,raw/apify.store.actors/2026/09/20260930T100417Z-a95f6c231d04.json.gz,,"projected:userPictureUrl,pictureUrl,url"
apify.store.actors,https://api.apify.com/v2/store?limit=1000&offset=5000&category=BUSINESS,2026-09-30T10:04:20Z,200,application/json,2893842,1b6b6741fad302ea278746bec20f36ed4845685065dd296f390de710a4dd61e6,"W/""2c2812-9VlHCM95dHgTyiooI15T9zoEp4E""",,changed,raw/apify.store.actors/2026/09/20260930T100420Z-1b6b6741fad3.json.gz,,"projected:userPictureUrl,pictureUrl,url"
apify.store.actors,https://api.apify.com/v2/store?limit=1000&offset=6000&category=BUSINESS,2026-09-30T10:04:22Z,200,application/json,3174596,e09ce74849a54e9ee212c53890bf2c28f38f1ab38b449ac2ff2ae19831159735,"W/""3070c4-sC1vPEpA/uBpc3FiVcRZMvDXjWM""",,changed,raw/apify.store.actors/2026/09/20260930T100422Z-e09ce74849a5.json.gz,,"projected:userPictureUrl,pictureUrl,url"
apify.store.actors,https://api.apify.com/v2/store?limit=1000&offset=7000&category=BUSINESS,2026-09-30T10:04:25Z,200,application/json,3309952,1efec9dd9c8016962a5e0530ed0fd52f9448658d69156610822250b5c07febcf,"W/""328180-/OVSqbiibfedKAlZ85kc+hp9+80""",,changed,raw/apify.store.actors/2026/09/20260930T100425Z-1efec9dd9c80.json.gz,,"projected:userPictureUrl,pictureUrl,url"
apify.store.actors,https://api.apify.com/v2/store?limit=1000&offset=0&category=SEO_TOOLS,2026-09-30T10:04:28Z,200,application/json,3312059,d57c506fe4360d3b0a2eb2b8ee0b3b90d79ac9e9f3291f1e4e9e67a24b1b512a,"W/""3289bb-FVyxrS3QgHhfUQlJWya5n1d1JjU""",,changed,raw/apify.store.actors/2026/09/20260930T100428Z-d57c506fe436.json.gz,,"projected:userPictureUrl,pictureUrl,url"
apify.store.actors,https://api.apify.com/v2/store?limit=1000&offset=1000&category=SEO_TOOLS,2026-09-30T10:04:30Z,200,application/json,2980380,1c08562bafaf8c10cc0fe6757b9f666396ddb7dedafd00791b78d9bfdeba82bb,"W/""2d7a1c-hAGfwOOM/8jVrTxsTskVciatSzI""",,changed,raw/apify.store.actors/2026/09/20260930T100430Z-1c08562bafaf.json.gz,,"projected:userPictureUrl,pictureUrl,url"
apify.store.actors,https://api.apify.com/v2/store?limit=1000&offset=2000&category=SEO_TOOLS,2026-09-30T10:04:33Z,200,application/json,2415981,7ac350196f94d26e7f4ab23468b05cc9cfbec29b57eb771d6746012426009215,"W/""24dd6d-IHUTfjg/q475hmiN+2coPC0xdAE""",,changed,raw/apify.store.actors/2026/09/20260930T100433Z-7ac350196f94.json.gz,,"projected:userPictureUrl,pictureUrl,url"
apify.store.actors,https://api.apify.com/v2/store?limit=1000&offset=3000&category=SEO_TOOLS,2026-09-30T10:04:35Z,200,application/json,2785628,365dadc68c8ca23dcd9ca524001d63fe5dae4558812b12ed6fcb121f9a7951a7,"W/""2a815c-ufiVSDkpjkYGjr7pbTl/NHm1acs""",,changed,raw/apify.store.actors/2026/09/20260930T100435Z-365dadc68c8c.json.gz,,"projected:userPictureUrl,pictureUrl,url"
apify.store.actors,https://api.apify.com/v2/store?limit=1000&offset=4000&category=SEO_TOOLS,2026-09-30T10:04:38Z,200,application/json,1292845,43b5288d4683c162bc34ea2efd2cf22ea097b4516e242d7182998eba1449503a,"W/""13ba2d-dMZsa0lUjOheY84d9WAnpO5uKM0""",,changed,raw/apify.store.actors/2026/09/20260930T100438Z-43b5288d4683.json.gz,,"projected:userPictureUrl,pictureUrl,url"
apify.store.actors,https://api.apify.com/v2/store?limit=1000&offset=0&category=VIDEOS,2026-09-30T10:04:40Z,200,application/json,3099357,9edc509d6a12c7426b4bf2489e1de75152656ca941631c7462c1a08b88b736e0,"W/""2f4add-C4EIwU09Hwp/OvYym3BFOv2BmTk""",,changed,raw/apify.store.actors/2026/09/20260930T100440Z-9edc509d6a12.json.gz,,"projected:userPictureUrl,pictureUrl,url"
apify.store.actors,https://api.apify.com/v2/store?limit=1000&offset=1000&category=VIDEOS,2026-09-30T10:04:43Z,200,application/json,2855292,e8db2fff8d5a735ccb2b45715c0dcdc482e2cda0403bad2d7cdd39cbb6b97c68,"W/""2b917c-sy1a7kWOInkmylAaaiN8kuNCqxg""",,changed,raw/apify.store.actors/2026/09/20260930T100443Z-e8db2fff8d5a.json.gz,,"projected:userPictureUrl,pictureUrl,url"
apify.store.actors,https://api.apify.com/v2/store?limit=1000&offset=2000&category=VIDEOS,2026-09-30T10:04:45Z,200,application/json,2836979,365a721aacd4422c4abf299c98c443e8df63da4cc84124040f7bea293fd346fd,"W/""2b49f3-cPFcVI11V3Nrih/a1jZ3EycYgNk""",,changed,raw/apify.store.actors/2026/09/20260930T100445Z-365a721aacd4.json.gz,,"projected:userPictureUrl,pictureUrl,url"
apify.store.actors,https://api.apify.com/v2/store?limit=1000&offset=3000&category=VIDEOS,2026-09-30T10:04:48Z,200,application/json,1074448,f17d861247b54bdd955745cbb60ab86730a9fab95ccf6914075da88e51bfdeae,"W/""106510-DXUudamLm/oqlbvv1XgWT0Bhykw""",,changed,raw/apify.store.actors/2026/09/20260930T100448Z-f17d861247b5.json.gz,,"projected:userPictureUrl,pictureUrl,url"
apify.store.actors,https://api.apify.com/v2/store?limit=1000&offset=0&category=AGENTS,2026-09-30T10:04:51Z,200,application/json,3313508,7d8b506d97d744cf64a6221ca024cebcb118805fe8453a236aec882bb8dcfd79,"W/""328f64-U19W9XyKmUwOZaiWQNcitxKMkWY""",,changed,raw/apify.store.actors/2026/09/20260930T100451Z-7d8b506d97d7.json.gz,,"projected:userPictureUrl,pictureUrl,url"
apify.store.actors,https://api.apify.com/v2/store?limit=1000&offset=1000&category=AGENTS,2026-09-30T10:04:53Z,200,application/json,2868291,ebaf70cd2fcafcad5d51f5b4d549103bd600debc7f18173dc24c68377b0e3474,"W/""2bc443-Ti8Aqq7pVrDjagnN8OfGI7UwFBg""",,changed,raw/apify.store.actors/2026/09/20260930T100453Z-ebaf70cd2fca.json.gz,,"projected:userPictureUrl,pictureUrl,url"
apify.store.actors,https://api.apify.com/v2/store?limit=1000&offset=2000&category=AGENTS,2026-09-30T10:04:55Z,200,application/json,2682437,cc92842dbd7084a6f226b2af864078ed9c304b53406aaef98be12a892f6f49ad,"W/""28ee45-eOrLz8nWrr4tdon5iLuXrbq5ESY""",,changed,raw/apify.store.actors/2026/09/20260930T100455Z-cc92842dbd70.json.gz,,"projected:userPictureUrl,pictureUrl,url"
apify.store.actors,https://api.apify.com/v2/store?limit=1000&offset=3000&category=AGENTS,2026-09-30T10:04:58Z,200,application/json,1975230,73803bf5df6caff00567686cc737a3d2020d69cdc90972c87bab4c9082ffb553,"W/""1e23be-PJD5GtX4M0INhamgDG126Yv9EaE""",,changed,raw/apify.store.actors/2026/09/20260930T100458Z-73803bf5df6c.json.gz,,"projected:userPictureUrl,pictureUrl,url"
apify.store.actors,https://api.apify.com/v2/store?limit=1000&offset=0&category=INTEGRATIONS,2026-09-30T10:05:00Z,200,application/json,3107477,8b738b52ab9c476820ccd4dbd4f5c3ee290504d0e48be1f84a59a845d9b6794b,"W/""2f6a95-bxepBKuBP1NlwMI9jO/k6njpqeo""",,changed,raw/apify.store.actors/2026/09/20260930T100500Z-8b738b52ab9c.json.gz,,"projected:userPictureUrl,pictureUrl,url"
apify.store.actors,https://api.apify.com/v2/store?limit=1000&offset=1000&category=INTEGRATIONS,2026-09-30T10:05:03Z,200,application/json,3095118,fd66bfaa1aa61f49e76d543786d8a50527d7fd0b64343976024700060f5fcf79,"W/""2f3a4e-ALysOKuOUzYqHvGTyBRzIntBudg""",,changed,raw/apify.store.actors/2026/09/20260930T100503Z-fd66bfaa1aa6.json.gz,,"projected:userPictureUrl,pictureUrl,url"
apify.store.actors,https://api.apify.com/v2/store?limit=1000&offset=2000&category=INTEGRATIONS,2026-09-30T10:05:06Z,200,application/json,3015028,34d568779e0ff6571a50f67c229d8eb9162e3b204792c48fa046d6110d41885c,"W/""2e0174-cXJTK0HhaxUTkjFzotioDFjC1LY""",,changed,raw/apify.store.actors/2026/09/20260930T100506Z-34d568779e0f.json.gz,,"projected:userPictureUrl,pictureUrl,url"
apify.store.actors,https://api.apify.com/v2/store?limit=1000&offset=0&category=NEWS,2026-09-30T10:05:08Z,200,application/json,3102740,03ac86ed60c9ca4057f1f69cde187141671e22741b1ab0acb841a91adffec316,"W/""2f5814-cF9MmhKM2/+Gr8wx9De5QCJ0Zs4""",,changed,raw/apify.store.actors/2026/09/20260930T100508Z-03ac86ed60c9.json.gz,,"projected:userPictureUrl,pictureUrl,url"
apify.store.actors,https://api.apify.com/v2/store?limit=1000&offset=1000&category=NEWS,2026-09-30T10:05:10Z,200,application/json,3044154,ff36cc608be00af3a07540c4e3c92a79c298848d96dbc611e451397a439ae9a5,"W/""2e733a-sRK+jDIwLAmXrLjCKzJYYUovUwE""",,changed,raw/apify.store.actors/2026/09/20260930T100510Z-ff36cc608be0.json.gz,,"projected:userPictureUrl,pictureUrl,url"
apify.store.actors,https://api.apify.com/v2/store?limit=1000&offset=2000&category=NEWS,2026-09-30T10:05:13Z,200,application/json,2784988,6136067a37bd04a492f5b51bccf41b6a3f18cf293a16138ef7041adbcb2da654,"W/""2a7edc-28n4kkrjYqCFAKOHnocOlksVk8s""",,changed,raw/apify.store.actors/2026/09/20260930T100513Z-6136067a37bd.json.gz,,"projected:userPictureUrl,pictureUrl,url"
apify.store.actors,https://api.apify.com/v2/store?limit=1000&offset=3000&category=NEWS,2026-09-30T10:05:16Z,200,application/json,2771940,a6d5fa9ce90ec7d39cdf9848b85ceb02b3d2eadc2ff8b61282cad9221c61fe23,"W/""2a4be4-/A3aqdMO6p4W+a9/vao1Xb/fPmY""",,changed,raw/apify.store.actors/2026/09/20260930T100516Z-a6d5fa9ce90e.json.gz,,"projected:userPictureUrl,pictureUrl,url"
apify.store.actors,https://api.apify.com/v2/store?limit=1000&offset=0&category=TRAVEL,2026-09-30T10:05:18Z,200,application/json,3469536,57a49c2a2d9e6e1a7ed381ec91b11176e9e460f8d7794631583697fdc70bea47,"W/""34f0e0-+mhWKA/yUfLqcgXjuRx6j4WYh9w""",,changed,raw/apify.store.actors/2026/09/20260930T100518Z-57a49c2a2d9e.json.gz,,"projected:userPictureUrl,pictureUrl,url"
apify.store.actors,https://api.apify.com/v2/store?limit=1000&offset=1000&category=TRAVEL,2026-09-30T10:05:20Z,200,application/json,3176465,fe55df62476a6e1f4fb1b9ce4c809e1326fd992d88f164042201eed7306632c0,"W/""307811-JIyZyngIfJOdlcxC3BfsB8PJH7g""",,changed,raw/apify.store.actors/2026/09/20260930T100520Z-fe55df62476a.json.gz,,"projected:userPictureUrl,pictureUrl,url"
apify.store.actors,https://api.apify.com/v2/store?limit=1000&offset=2000&category=TRAVEL,2026-09-30T10:05:23Z,200,application/json,1931230,1f5e84a59495b49f75b16793736d59a44c81e821241a18d3f26587c30a3e2915,"W/""1d77de-bF/riIwb/H6ZEPhds7YbI7bOwFI""",,changed,raw/apify.store.actors/2026/09/20260930T100523Z-1f5e84a59495.json.gz,,"projected:userPictureUrl,pictureUrl,url"
apify.store.actors,https://api.apify.com/v2/store?limit=1000&offset=0&category=MCP_SERVERS,2026-09-30T10:05:25Z,200,application/json,3408167,9e792516996a2012b3d14e4a5b0af9e201b1a9abf993ee78b85dea87de457af1,"W/""340127-H30S1pXFugeS9+f9paRvNdLTLiY""",,changed,raw/apify.store.actors/2026/09/20260930T100525Z-9e792516996a.json.gz,,"projected:userPictureUrl,pictureUrl,url"
apify.store.actors,https://api.apify.com/v2/store?limit=1000&offset=1000&category=MCP_SERVERS,2026-09-30T10:05:28Z,200,application/json,3176317,55ae319840c622e7d19239325572a63c1330dbfa549af2cac878f1cb29ee34c7,"W/""30777d-7xkO0hdmqQh0XVbGhVcPaKLfEnw""",,changed,raw/apify.store.actors/2026/09/20260930T100528Z-55ae319840c6.json.gz,,"projected:userPictureUrl,pictureUrl,url"
apify.store.actors,https://api.apify.com/v2/store?limit=1000&offset=2000&category=MCP_SERVERS,2026-09-30T10:05:30Z,200,application/json,1585711,c4f1df0f62eda120093b10c5a912bf3b169fddc7393e66bf4c1f30cd476b4086,"W/""18322f-1DZJPMBbKT0EronMQdMcxyhH92o""",,changed,raw/apify.store.actors/2026/09/20260930T100530Z-c4f1df0f62ed.json.gz,,"projected:userPictureUrl,pictureUrl,url"
apify.store.actors,https://api.apify.com/v2/store?limit=1000&offset=0&category=MARKETING,2026-09-30T10:05:32Z,200,application/json,3458972,54822609eabcdd1a53caa3eb07c16db3e3ba6d5359cb2943a9acf9c93753ac53,"W/""34c79c-Vo9fxQxnNGQX001K4ZpipUvxD58""",,changed,raw/apify.store.actors/2026/09/20260930T100532Z-54822609eabc.json.gz,,"projected:userPictureUrl,pictureUrl,url"
apify.store.actors,https://api.apify.com/v2/store?limit=1000&offset=1000&category=MARKETING,2026-09-30T10:05:35Z,200,application/json,2815172,7b5ea7165b041859421d459ee6827d94f7569273c8562d9e101968727e38c7ec,"W/""2af4c4-AcKF47fIqNsT6MiupOiMgF8nVzs""",,changed,raw/apify.store.actors/2026/09/20260930T100535Z-7b5ea7165b04.json.gz,,"projected:userPictureUrl,pictureUrl,url"
apify.store.actors,https://api.apify.com/v2/store?limit=1000&offset=2000&category=MARKETING,2026-09-30T10:05:37Z,200,application/json,1407043,c323727480951b673da44a79a0c5e01a88fc9373ae39ac22a4e215c387e6cf16,"W/""157843-ygPjX8D6zjkt3wPxlJuB4fiEHmg""",,changed,raw/apify.store.actors/2026/09/20260930T100537Z-c32372748095.json.gz,,"projected:userPictureUrl,pictureUrl,url"
apify.store.actors,https://api.apify.com/v2/store?limit=1000&offset=0&category=OPEN_SOURCE,2026-09-30T10:05:40Z,200,application/json,636573,a08fa25c20a123da8d7a71bc04121cbd3f9c7216e79085f49a9de1eb0ee8df32,"W/""9b69d-d7hW9GFJ3icvo2TcYn4CRAW+6k0""",,changed,raw/apify.store.actors/2026/09/20260930T100540Z-a08fa25c20a1.json.gz,,"projected:userPictureUrl,pictureUrl,url"
apify.store.actors,https://api.apify.com/v2/store?limit=1000&offset=0&category=SPORTS,2026-09-30T10:05:42Z,200,application/json,1319866,d3867304b261c1b5b02f1ea601efa6d156afcc6040c85aa6abcaa4aca08ae258,"W/""1423ba-i6MEF0N7MMVDLGwMhmLskyhEF9A""",,changed,raw/apify.store.actors/2026/09/20260930T100542Z-d3867304b261.json.gz,,"projected:userPictureUrl,pictureUrl,url"
apify.store.actors,https://api.apify.com/v2/store?limit=1000&offset=0&category=FOR_CREATORS,2026-09-30T10:05:44Z,200,application/json,944815,5e216cf0f7f01bf2c572faf68841aa9b47e1fa57c5deb844eff5f0591df61446,"W/""e6aaf-Xe3gF9Fr6fnM+ZNlVEC7Fv3mBhY""",,changed,raw/apify.store.actors/2026/09/20260930T100544Z-5e216cf0f7f0.json.gz,,"projected:userPictureUrl,pictureUrl,url"
apify.store.actors,https://api.apify.com/v2/store?limit=1000&offset=0&category=EDUCATION,2026-09-30T10:05:46Z,200,application/json,1925870,5f90f76045c8fb830297a1be65f77274b94fab30affb25e811a5ca2b3bd27efe,"W/""1d62ee-hp7GFchJUiSLl9TM3fQzV7a9oqQ""",,changed,raw/apify.store.actors/2026/09/20260930T100546Z-5f90f76045c8.json.gz,,"projected:userPictureUrl,pictureUrl,url"
apify.store.actors,https://api.apify.com/v2/store?limit=1000&offset=0&category=GAMES,2026-09-30T10:05:49Z,200,application/json,436018,7fb87129c695683720ccde224881a07b705e68d1eb9b7901a41ee8be1b275bb8,"W/""6a732-IVWPn6S+jx7gageZb62tB+l3T64""",,changed,raw/apify.store.actors/2026/09/20260930T100549Z-7fb87129c695.json.gz,,"projected:userPictureUrl,pictureUrl,url"
